timestamp,open,high,low,close,volume
1764309600000,895.41,895.68,888.23,889.0,5553.995
1764313200000,889.01,890.08,881.6,882.47,9631.672
1764316800000,882.46,896.3,882.42,892.51,10080.076
1764320400000,892.52,896.4,890.76,894.96,7246.27
1764324000000,894.97,898.52,893.0,897.92,5831.858
1764327600000,897.92,897.92,888.16,891.81,7364.384
1764331200000,891.8,893.2,889.5,889.64,2533.805
1764334800000,889.63,899.48,887.2,898.87,9218.411
1764338400000,898.87,903.7,893.25,898.79,15907.438
1764342000000,898.8,906.5,896.16,902.0,11432.698
1764345600000,902.0,902.33,884.14,884.59,12648.023
1764349200000,884.6,885.59,876.15,881.12,15676.746
1764352800000,881.11,884.05,877.0,882.48,8298.141
1764356400000,882.48,887.4,882.13,886.29,4310.101
1764360000000,886.28,890.3,883.1,889.81,3598.964
1764363600000,889.8,890.46,885.11,885.81,5313.981
1764367200000,885.81,889.0,883.99,888.32,4302.664
1764370800000,888.33,889.49,887.19,887.19,2895.705
1764374400000,887.2,887.87,884.23,885.9,1975.706
1764378000000,885.9,889.0,885.4,886.01,3303.73
1764381600000,886.01,887.39,883.47,885.28,1934.996
1764385200000,885.29,886.54,883.58,884.14,2052.206
1764388800000,884.13,884.84,882.79,884.47,4508.329
1764392400000,884.47,884.48,881.1,881.3,4327.374
1764396000000,881.29,882.8,876.46,878.9,6775.794
1764399600000,878.91,880.55,878.1,879.06,4438.056
1764403200000,879.07,880.72,878.0,880.0,2930.714
1764406800000,880.0,881.52,879.39,881.21,2804.322
1764410400000,881.2,882.25,878.15,879.07,2289.992
1764414000000,879.07,879.77,877.49,878.56,3387.721
1764417600000,878.56,879.6,875.97,877.19,4347.107
1764421200000,877.19,878.7,875.22,878.09,2906.864
1764424800000,878.1,878.24,875.51,875.76,2072.749
1764428400000,875.76,882.0,875.75,880.93,4531.382
1764432000000,880.92,881.76,879.12,881.29,2236.304
1764435600000,881.29,881.65,872.79,872.93,6826.738
1764439200000,872.93,874.27,868.25,874.01,9661.032
1764442800000,874.01,874.59,872.6,873.1,1360.896
1764446400000,873.09,874.68,870.6,874.53,1361.704
1764450000000,874.53,875.66,872.0,875.4,1344.721
1764453600000,875.4,875.4,872.73,873.5,1286.02
1764457200000,873.5,875.21,871.59,872.9,1395.475
1764460800000,872.9,875.3,872.8,875.3,1642.967
1764464400000,875.29,878.58,874.9,876.86,1782.82
1764468000000,876.86,878.94,873.89,873.96,1593.936
1764471600000,873.97,876.2,869.56,875.59,3779.914
1764475200000,875.6,876.95,873.85,874.2,1596.962
1764478800000,874.2,874.26,870.13,871.45,2782.138
1764482400000,871.45,874.29,870.8,872.44,1910.122
1764486000000,872.44,875.6,872.21,874.78,1820.671
1764489600000,874.79,878.6,874.4,877.34,3527.914
1764493200000,877.35,879.53,876.8,879.17,2991.592
1764496800000,879.18,879.69,876.52,877.14,2140.05
1764500400000,877.14,878.92,875.76,876.72,3086.432
1764504000000,876.72,883.66,875.7,882.58,5510.09
1764507600000,882.59,896.5,882.58,896.45,20608.706
1764511200000,896.45,897.89,890.23,893.91,10627.812
1764514800000,893.91,895.38,890.26,893.99,4584.642
1764518400000,894.0,899.75,893.87,899.12,5951.702
1764522000000,899.11,899.12,895.32,897.46,3402.523
1764525600000,897.46,897.48,892.85,895.9,4437.434
1764529200000,895.91,896.63,893.94,894.99,1427.337
1764532800000,895.0,897.0,892.4,895.32,3463.89
1764536400000,895.33,895.55,886.79,889.06,6305.191
1764540000000,889.07,890.11,885.61,888.37,3028.241
1764543600000,888.38,888.53,874.2,875.31,8227.501
1764547200000,875.3,877.12,834.3,834.5,60097.061
1764550800000,834.5,845.47,834.21,837.79,18317.468
1764554400000,837.82,842.51,834.04,836.01,15731.694
1764558000000,836.0,836.99,827.59,829.4,19324.312
1764561600000,829.39,829.66,821.88,823.17,13363.091
1764565200000,823.17,824.63,820.73,823.29,9081.19
1764568800000,823.3,829.98,822.55,828.03,14200.254
1764572400000,828.03,832.97,825.33,832.43,8150.424
1764576000000,832.44,833.39,827.7,829.91,12399.729
1764579600000,829.9,832.18,823.0,823.63,18815.782
1764583200000,823.63,828.04,823.63,828.0,10176.391
1764586800000,828.01,828.01,823.8,824.86,12511.916
1764590400000,824.86,824.95,814.42,821.43,18343.349
1764594000000,821.43,826.39,815.33,816.48,14808.655
1764597600000,816.48,824.99,815.9,819.86,14599.003
1764601200000,819.87,820.41,801.7,811.85,30112.213
1764604800000,811.86,816.51,808.41,810.11,10719.249
1764608400000,810.11,816.22,810.11,812.52,6325.425
1764612000000,812.53,818.86,812.05,817.31,5860.778
1764615600000,817.31,817.56,811.6,814.7,3367.567
1764619200000,814.69,821.11,814.61,817.31,7187.521
1764622800000,817.31,824.73,817.17,822.99,7677.172
1764626400000,823.0,830.22,823.0,826.9,6088.03
1764630000000,826.89,832.32,826.61,826.61,5488.111
1764633600000,826.6,827.8,823.8,826.3,3778.991
1764637200000,826.29,834.0,825.6,828.96,6853.851
1764640800000,828.96,833.57,826.58,827.62,7853.369
1764644400000,827.61,830.06,820.46,828.38,9503.685
1764648000000,828.39,832.69,828.2,832.58,5251.483
1764651600000,832.58,833.0,828.59,831.72,6001.319
1764655200000,831.71,832.94,829.25,831.74,3634.617
1764658800000,831.74,831.9,828.7,830.94,5082.404
1764662400000,830.93,831.24,825.25,829.05,11556.778
1764666000000,829.05,837.4,828.84,836.2,11612.192
1764669600000,836.2,843.21,834.02,840.97,12476.025
1764673200000,840.96,845.3,839.42,843.23,7008.01
1764676800000,843.23,843.7,839.74,841.6,7251.05
1764680400000,841.59,846.85,839.81,845.77,8655.925
1764684000000,845.77,860.22,845.14,859.59,22987.062
1764687600000,859.59,875.6,858.61,871.4,33633.946
1764691200000,871.39,875.93,865.23,872.8,15420.783
1764694800000,872.8,881.03,870.83,876.93,11128.197
1764698400000,876.92,884.99,876.7,880.89,10106.328
1764702000000,880.88,885.0,879.15,882.58,7949.679
1764705600000,882.57,882.9,872.6,875.8,13837.945
1764709200000,875.8,879.3,875.33,877.91,3174.507
1764712800000,877.9,881.96,877.87,880.3,4138.224
1764716400000,880.3,881.36,875.98,876.61,4253.31
1764720000000,876.6,879.0,873.6,878.51,5017.967
1764723600000,878.51,886.57,878.25,883.42,9370.87
1764727200000,883.41,889.56,881.4,887.14,11404.507
1764730800000,887.15,889.51,885.62,887.82,6601.743
1764734400000,887.81,895.0,887.37,894.86,7880.445
1764738000000,894.87,902.07,894.01,901.8,15309.365
1764741600000,901.8,910.57,896.3,898.83,23867.384
1764745200000,898.83,899.79,894.17,896.55,9625.667
1764748800000,896.55,897.57,893.6,896.05,4894.031
1764752400000,896.05,901.59,894.48,900.15,5374.378
1764756000000,900.15,901.0,895.01,896.84,5337.79
1764759600000,896.85,899.3,893.57,898.92,5684.628
1764763200000,898.92,903.48,898.13,901.33,7897.043
1764766800000,901.34,905.48,900.57,900.95,6966.147
1764770400000,900.95,906.19,887.79,895.58,28831.747
1764774000000,895.58,901.5,891.34,897.2,11075.637
1764777600000,897.2,903.36,892.85,899.06,8104.221
1764781200000,899.07,907.74,898.37,907.07,8369.653
1764784800000,907.06,908.0,900.81,902.5,5411.183
1764788400000,902.51,907.21,902.0,906.99,2534.884
1764792000000,906.99,911.82,905.0,907.99,6783.656
1764795600000,908.0,917.06,907.11,916.61,7113.484
1764799200000,916.61,920.0,911.9,918.83,10432.992
1764802800000,918.83,922.63,916.8,920.76,13420.507
1764806400000,920.77,925.9,914.89,922.48,16473.388
1764810000000,922.48,928.24,919.6,919.9,10509.896
1764813600000,919.9,925.88,918.8,921.86,8200.753
1764817200000,921.85,922.82,915.94,916.8,6574.693
1764820800000,916.81,919.12,912.61,913.17,6282.047
1764824400000,913.17,913.45,906.3,908.07,9632.598
1764828000000,908.08,915.34,908.0,913.41,7202.53
1764831600000,913.42,913.78,909.58,910.79,5713.269
1764835200000,910.79,911.9,907.36,908.5,4783.496
1764838800000,908.5,913.17,908.4,911.01,4816.915
1764842400000,911.0,912.0,908.78,909.93,3528.407
1764846000000,909.93,910.89,907.07,908.88,3076.613
1764849600000,908.88,910.23,907.6,908.7,2515.581
1764853200000,908.7,909.42,902.48,903.13,6473.29
1764856800000,903.13,910.53,901.78,902.69,8056.077
1764860400000,902.69,916.13,902.47,910.76,10519.731
1764864000000,910.76,912.43,904.9,906.08,7714.242
1764867600000,906.07,906.98,898.09,905.69,7951.242
1764871200000,905.7,905.9,898.53,899.69,5964.06
1764874800000,899.69,900.26,886.79,898.52,14593.082
1764878400000,898.52,901.8,896.0,901.45,6402.783
1764882000000,901.46,902.91,897.15,897.4,4090.877
1764885600000,897.4,904.18,897.4,902.19,2717.993
1764889200000,902.19,902.65,899.43,899.92,1986.0
1764892800000,899.92,904.4,899.4,902.77,2369.988
1764896400000,902.77,907.06,901.72,903.64,3144.446
1764900000000,903.64,906.6,901.8,904.64,2810.705
1764903600000,904.65,906.72,900.22,901.81,2806.288
1764907200000,901.8,905.6,900.29,902.2,3910.692
1764910800000,902.2,903.92,898.37,899.82,3852.128
1764914400000,899.82,904.46,899.81,904.38,3048.098
1764918000000,904.38,907.92,901.19,901.65,4871.614
1764921600000,901.64,902.32,897.43,899.49,3866.895
1764925200000,899.49,899.5,889.53,890.94,9199.364
1764928800000,890.93,896.39,890.83,894.64,4827.413
1764932400000,894.65,895.92,890.41,894.09,3921.042
1764936000000,894.09,894.1,891.46,892.8,3277.237
1764939600000,892.8,894.5,884.88,886.58,10644.131
1764943200000,886.58,890.8,884.59,887.73,7582.016
1764946800000,887.73,900.18,887.49,888.87,15037.657
1764950400000,888.86,889.39,870.18,878.92,22584.472
1764954000000,878.92,884.14,876.0,882.96,7787.523
1764957600000,882.96,887.27,877.11,877.64,6417.805
1764961200000,877.64,885.54,874.9,883.69,6144.456
1764964800000,883.69,885.15,879.87,880.41,3258.891
1764968400000,880.41,883.1,879.37,880.69,2434.99
1764972000000,880.7,884.39,878.5,882.7,1888.478
1764975600000,882.71,884.56,878.7,883.57,1807.67
1764979200000,883.57,885.68,881.11,885.41,2773.697
1764982800000,885.42,886.74,883.15,884.61,2413.746
1764986400000,884.62,884.87,881.7,884.82,2544.307
1764990000000,884.82,888.52,884.71,887.54,3737.721
1764993600000,887.53,888.1,883.84,884.3,1775.542
1764997200000,884.31,885.1,882.23,883.39,2252.998
1765000800000,883.39,884.69,881.8,884.69,2727.472
1765004400000,884.7,886.53,883.15,884.76,2452.48
1765008000000,884.76,884.76,878.01,878.4,3684.356
1765011600000,878.4,883.56,878.24,882.83,2967.115
1765015200000,882.83,884.79,882.12,883.38,2894.631
1765018800000,883.38,885.1,883.03,883.58,2431.888
1765022400000,883.58,885.37,883.17,883.75,4003.406
1765026000000,883.74,889.97,883.51,889.59,3744.809
1765029600000,889.6,896.91,887.31,894.61,9066.185
1765033200000,894.61,894.99,888.31,890.28,4325.02
1765036800000,890.29,897.9,889.41,895.21,5862.851
1765040400000,895.21,895.39,891.79,893.75,3759.122
1765044000000,893.75,893.84,890.33,891.2,2490.602
1765047600000,891.19,892.17,888.15,889.57,4801.069
1765051200000,889.57,894.95,889.57,894.21,3325.287
1765054800000,894.2,895.73,893.0,894.36,2781.2
1765058400000,894.35,895.2,891.17,891.72,2508.352
1765062000000,891.73,892.77,889.3,890.38,1966.125
1765065600000,890.38,893.71,889.84,893.26,2145.159
1765069200000,893.26,894.32,892.2,893.01,1188.373
1765072800000,893.01,896.85,893.0,896.4,3682.798
1765076400000,896.4,898.22,894.79,897.92,3445.838
1765080000000,897.92,898.0,895.21,895.91,1976.002
1765083600000,895.9,896.5,893.11,894.13,2310.91
1765087200000,894.14,896.82,893.93,895.21,2431.399
1765090800000,895.21,895.56,891.0,891.52,3376.79
1765094400000,891.52,893.39,888.97,891.13,3651.31
1765098000000,891.13,891.69,886.79,887.04,3946.16
1765101600000,887.05,891.69,886.57,889.62,3293.481
1765105200000,889.62,891.0,887.4,887.88,3274.013
1765108800000,887.88,893.89,887.65,892.99,2951.396
1765112400000,892.99,893.36,884.8,886.8,5215.433
1765116000000,886.79,887.5,870.23,873.66,20077.36
1765119600000,873.66,892.58,870.7,890.3,17416.84
1765123200000,890.3,894.83,886.6,894.32,6080.666
1765126800000,894.32,903.84,890.81,899.3,17599.127
1765130400000,899.31,906.0,899.3,901.72,5127.265
1765134000000,901.73,903.8,900.18,903.8,2359.453
1765137600000,903.8,905.21,902.96,903.75,2047.684
1765141200000,903.74,903.74,893.23,896.25,5074.602
1765144800000,896.24,896.24,881.08,889.03,10193.986
1765148400000,889.01,895.1,886.94,894.37,3022.769
1765152000000,894.38,898.62,891.12,896.36,4185.896
1765155600000,896.37,909.68,895.72,902.39,8149.315
1765159200000,902.4,903.49,899.44,902.66,4091.916
1765162800000,902.67,903.2,899.9,902.01,3930.174
1765166400000,902.02,905.8,900.57,903.34,4471.387
1765170000000,903.34,903.46,900.42,902.26,3354.286
1765173600000,902.26,904.4,902.0,902.76,2476.894
1765177200000,902.76,905.84,900.9,903.1,4970.077
1765180800000,903.1,907.2,902.62,906.5,3081.19
1765184400000,906.5,912.65,906.31,909.85,7010.452
1765188000000,909.84,910.95,907.97,909.89,3315.228
1765191600000,909.89,910.12,904.79,905.93,4527.341
1765195200000,905.93,908.56,904.22,908.24,4039.223
1765198800000,908.24,911.44,906.49,910.36,5691.768
1765202400000,910.37,913.29,904.15,904.46,11444.465
1765206000000,904.47,906.97,896.33,896.56,12790.577
1765209600000,896.57,900.81,892.77,894.32,7755.602
1765213200000,894.31,897.76,891.75,896.59,4851.477
1765216800000,896.6,898.36,888.93,891.1,5513.559
1765220400000,891.1,897.18,891.02,894.78,2777.731
1765224000000,894.78,902.0,894.75,900.94,3503.516
1765227600000,900.95,905.0,898.93,904.3,4044.148
1765231200000,904.3,904.6,897.95,899.52,2691.61
1765234800000,899.52,900.61,896.31,897.12,2686.228
1765238400000,897.13,899.74,895.82,896.12,2447.244
1765242000000,896.12,896.86,890.77,892.19,4729.304
1765245600000,892.2,895.06,891.23,891.7,3956.032
1765249200000,891.71,894.93,888.16,894.04,5323.148
1765252800000,894.05,896.26,890.21,891.01,4722.119
1765256400000,891.01,892.38,888.77,889.09,4140.122
1765260000000,889.09,890.49,884.54,887.61,11645.861
1765263600000,887.61,890.13,887.2,889.16,2915.151
1765267200000,889.18,889.19,886.16,887.75,7620.287
1765270800000,887.75,887.89,884.81,885.78,4778.06
1765274400000,885.78,888.39,883.58,886.88,4968.792
1765278000000,886.88,887.75,884.87,887.16,3113.568
1765281600000,887.17,889.21,885.73,888.3,4736.158
1765285200000,888.3,889.18,881.78,883.99,7454.745
1765288800000,884.0,886.03,882.15,885.4,5082.977
1765292400000,885.4,908.9,885.01,907.67,26421.578
1765296000000,907.67,926.96,907.67,923.02,41510.488
1765299600000,923.02,928.0,915.65,918.29,20901.758
1765303200000,918.3,920.53,914.61,916.73,8668.856
1765306800000,916.73,917.19,913.15,914.21,5586.048
1765310400000,914.21,914.4,904.13,908.5,8122.992
1765314000000,908.5,909.59,893.97,899.45,10223.641
1765317600000,899.45,904.47,899.42,902.91,5416.297
1765321200000,902.9,903.04,897.16,897.3,5160.347
1765324800000,897.3,898.96,891.2,891.33,11716.636
1765328400000,891.33,892.66,887.26,890.64,12086.904
1765332000000,890.63,893.21,888.34,890.85,4486.359
1765335600000,890.84,891.8,889.5,890.51,5729.148
1765339200000,890.51,893.0,889.1,890.28,4643.093
1765342800000,890.27,893.43,889.22,892.98,5905.366
1765346400000,893.0,897.05,892.1,894.31,6479.964
1765350000000,894.31,894.31,891.14,894.19,3159.81
1765353600000,894.2,895.1,892.17,892.17,2764.495
1765357200000,892.18,894.1,889.02,892.86,7333.134
1765360800000,892.86,896.16,886.98,887.8,11702.958
1765364400000,887.8,889.31,884.53,886.67,6094.007
1765368000000,886.67,888.16,884.27,887.86,6583.345
1765371600000,887.85,892.12,887.69,891.6,7508.44
1765375200000,891.59,892.09,887.55,890.05,6589.275
1765378800000,890.05,892.6,887.34,891.4,6128.308
1765382400000,891.39,897.8,889.73,896.48,10813.008
1765386000000,896.47,897.74,893.65,896.3,5419.137
1765389600000,896.29,902.92,894.19,898.63,8988.388
1765393200000,898.64,905.17,892.52,901.95,17011.665
1765396800000,901.96,915.0,897.25,898.84,17439.139
1765400400000,898.88,902.32,894.13,896.94,8050.254
1765404000000,896.94,900.47,890.72,898.3,6218.788
1765407600000,898.3,901.2,892.72,893.43,3481.4
1765411200000,893.43,894.7,881.13,883.61,8894.253
1765414800000,883.6,884.12,873.57,876.6,14011.673
1765418400000,876.6,876.8,863.47,866.99,20572.537
1765422000000,866.99,869.69,861.46,868.19,10044.435
1765425600000,868.19,871.99,864.84,870.99,7787.833
1765429200000,871.0,873.86,867.0,872.27,7092.097
1765432800000,872.26,873.08,868.4,869.98,6853.443
1765436400000,869.98,870.99,866.29,866.88,5206.789
1765440000000,866.87,867.18,862.25,865.12,11030.077
1765443600000,865.12,868.36,864.7,866.88,4725.39
1765447200000,866.89,867.79,864.93,865.91,2980.662
1765450800000,865.91,869.0,865.42,866.61,3407.878
1765454400000,866.6,868.79,864.6,866.32,5400.176
1765458000000,866.32,868.66,866.11,867.84,4833.061
1765461600000,867.84,869.0,859.54,861.62,12277.68
1765465200000,861.62,870.9,860.7,865.91,10045.304
1765468800000,865.9,869.54,861.09,866.48,5482.284
1765472400000,866.48,871.55,865.67,869.2,4720.15
1765476000000,869.21,881.21,868.5,875.4,7286.457
1765479600000,875.4,881.1,873.7,876.05,5278.248
1765483200000,876.05,880.95,875.83,880.49,5039.497
1765486800000,880.49,891.5,879.7,888.42,9692.086
1765490400000,888.43,890.53,883.36,884.21,5143.064
1765494000000,884.21,889.1,883.1,885.91,4671.79
1765497600000,885.92,888.0,880.0,880.24,5403.267
1765501200000,880.25,889.08,880.25,886.51,5322.699
1765504800000,886.51,892.91,885.88,892.65,4144.495
1765508400000,892.66,896.07,889.71,892.42,5431.084
1765512000000,892.41,892.67,888.56,888.96,3562.335
1765515600000,888.96,891.42,886.27,891.08,4290.433
1765519200000,891.08,894.15,891.03,891.24,4197.829
1765522800000,891.23,891.53,888.6,889.25,4307.013
1765526400000,889.26,889.48,885.24,886.79,5237.2
1765530000000,886.8,887.8,885.16,887.51,2803.026
1765533600000,887.51,888.2,885.0,885.07,3894.584
1765537200000,885.07,886.23,883.5,886.09,4857.645
1765540800000,886.08,887.99,885.16,887.92,2450.179
1765544400000,887.91,888.86,886.31,887.79,2876.619
1765548000000,887.8,892.31,887.3,891.35,6926.202
1765551600000,891.35,891.35,872.37,874.18,17123.497
1765555200000,874.18,879.49,870.58,875.94,10914.056
1765558800000,875.94,880.3,873.85,875.3,4390.256
1765562400000,875.3,882.11,874.5,879.95,4130.682
1765566000000,879.96,880.0,875.2,877.35,2088.205
1765569600000,877.35,878.1,875.2,877.09,1779.433
1765573200000,877.1,879.7,876.44,878.6,1364.815
1765576800000,878.61,881.81,878.47,881.59,2024.978
1765580400000,881.6,882.66,881.4,881.58,1119.934
1765584000000,881.59,883.51,880.7,881.07,3634.504
1765587600000,881.06,882.18,880.32,881.91,3071.622
1765591200000,881.91,885.4,881.91,883.84,2020.134
1765594800000,883.85,887.63,883.71,887.35,2435.922
1765598400000,887.34,887.8,885.37,886.3,2602.602
1765602000000,886.31,887.2,884.8,885.71,2120.699
1765605600000,885.72,888.08,883.7,888.07,3614.435
1765609200000,888.07,889.2,885.79,886.21,2736.514
1765612800000,886.2,889.91,885.8,888.92,4395.393
1765616400000,888.93,889.99,887.9,889.42,3676.499
1765620000000,889.42,894.26,888.77,892.92,5783.481
1765623600000,892.93,893.3,891.04,892.11,3468.01
1765627200000,892.1,894.11,891.05,891.49,3180.99
1765630800000,891.49,893.59,891.01,891.98,3596.327
1765634400000,891.99,893.05,886.94,891.29,6461.987
1765638000000,891.3,899.99,891.29,898.92,12522.062
1765641600000,898.92,904.22,897.01,897.49,10181.456
1765645200000,897.5,898.56,894.8,895.59,4275.785
1765648800000,895.6,896.89,891.2,892.13,3162.342
1765652400000,892.13,895.04,891.87,893.49,1663.851
1765656000000,893.48,896.0,893.43,893.67,1852.441
1765659600000,893.67,894.69,889.49,894.29,1993.805
1765663200000,894.28,896.75,893.17,895.69,2099.873
1765666800000,895.68,897.36,894.9,896.82,1850.32
1765670400000,896.82,899.5,895.4,896.65,3244.534
1765674000000,896.64,898.72,895.45,895.99,2311.298
1765677600000,896.0,896.75,894.26,896.4,2487.384
1765681200000,896.4,897.0,895.05,895.55,1983.603
1765684800000,895.55,896.77,893.97,894.76,3188.021
1765688400000,894.77,894.77,892.11,894.07,2731.376
1765692000000,894.08,894.56,892.49,893.32,2257.764
1765695600000,893.34,896.54,892.52,896.18,2587.41
1765699200000,896.19,898.68,896.18,896.91,3061.669
1765702800000,896.91,897.29,894.68,894.69,3457.189
1765706400000,894.69,894.7,890.06,893.09,4973.475
1765710000000,893.09,893.09,884.12,888.77,9406.618
1765713600000,888.78,894.1,886.5,892.0,6326.056
1765717200000,892.01,892.01,887.34,891.52,7531.526
1765720800000,891.51,894.73,885.61,888.06,5447.47
1765724400000,888.05,888.18,883.04,886.51,4686.904
1765728000000,886.52,888.5,883.59,886.18,3993.372
1765731600000,886.18,887.36,880.77,882.88,6590.244
1765735200000,882.88,886.0,881.94,885.89,2996.905
1765738800000,885.88,885.92,881.12,883.31,4405.922
1765742400000,883.31,884.9,880.01,882.11,5603.145
1765746000000,882.11,884.03,878.51,879.71,5445.62
1765749600000,879.71,882.11,874.7,878.54,9242.497
1765753200000,878.54,880.23,870.11,877.27,6954.026
1765756800000,877.27,883.15,876.31,882.7,4940.166
1765760400000,882.7,888.72,880.24,887.8,8868.291
1765764000000,887.8,895.42,887.51,888.81,7418.054
1765767600000,888.82,890.54,887.66,888.96,3790.057
1765771200000,888.95,890.49,886.76,889.31,3793.888
1765774800000,889.32,890.36,887.52,888.09,3242.72
1765778400000,888.1,891.42,886.6,890.34,5218.385
1765782000000,890.35,891.6,887.52,889.38,4044.875
1765785600000,889.38,890.28,887.7,889.27,4441.784
1765789200000,889.27,892.41,889.26,891.05,4165.815
1765792800000,891.06,893.32,889.76,890.21,7706.724
1765796400000,890.2,890.56,887.12,887.76,3313.311
1765800000000,887.75,889.2,885.84,888.57,4796.824
1765803600000,888.57,889.08,885.14,886.92,4652.862
1765807200000,886.92,890.2,869.19,871.64,17143.988
1765810800000,871.64,871.64,852.0,859.14,44449.302
1765814400000,859.13,859.95,848.48,852.22,21699.292
1765818000000,852.21,853.29,842.36,844.54,15353.269
1765821600000,844.54,851.65,840.75,851.19,10926.412
1765825200000,851.19,855.05,848.6,849.95,7544.883
1765828800000,849.95,850.0,844.7,846.24,5156.016
1765832400000,846.24,853.47,845.61,853.21,4752.679
1765836000000,853.22,853.94,850.47,853.89,4522.523
1765839600000,853.9,859.09,853.9,858.6,8925.751
1765843200000,858.61,858.75,852.35,852.76,6347.027
1765846800000,852.77,856.9,851.65,854.57,6370.252
1765850400000,854.57,858.3,851.7,856.02,4438.026
1765854000000,856.01,857.0,850.57,855.45,5635.468
1765857600000,855.46,856.73,847.0,854.6,10554.476
1765861200000,854.59,856.79,853.29,856.46,11338.425
1765864800000,856.47,865.72,856.46,865.32,5948.259
1765868400000,865.33,865.9,858.79,859.57,6046.758
1765872000000,859.58,861.8,857.03,858.34,5820.691
1765875600000,858.33,862.2,857.72,859.86,6478.312
1765879200000,859.86,865.5,858.91,862.1,6157.064
1765882800000,862.1,866.25,861.7,865.8,6124.932
1765886400000,865.8,870.0,865.48,868.16,18308.509
1765890000000,868.15,872.06,861.46,861.72,21281.477
1765893600000,861.71,874.39,858.56,872.18,16919.866
1765897200000,872.18,878.44,868.12,876.65,17244.318
1765900800000,876.64,876.66,870.07,870.91,18419.476
1765904400000,870.91,872.79,866.89,867.2,11644.321
1765908000000,867.19,873.51,866.26,871.49,11740.084
1765911600000,871.48,872.0,866.99,870.37,8685.399
1765915200000,870.36,872.25,869.1,870.41,7429.402
1765918800000,870.42,873.48,869.25,872.48,10650.372
1765922400000,872.47,874.96,871.67,873.66,7820.915
1765926000000,873.66,875.78,872.3,875.63,9431.507
1765929600000,875.64,875.75,870.44,871.13,10565.944
1765933200000,871.13,874.96,870.01,870.99,3961.03
1765936800000,870.99,871.16,865.11,867.33,8566.172
1765940400000,867.34,868.34,862.0,863.43,12718.22
1765944000000,863.44,863.5,858.88,859.0,15226.156
1765947600000,858.99,860.32,855.55,858.86,10363.114
1765951200000,858.86,868.13,858.42,865.88,19769.18
1765954800000,865.89,871.13,865.01,868.06,17764.553
1765958400000,868.07,868.07,862.38,862.61,18580.623
1765962000000,862.6,864.89,860.67,860.7,11982.674
1765965600000,860.71,861.19,855.41,856.55,20036.291
1765969200000,856.56,860.86,856.1,859.82,13628.429
1765972800000,859.84,861.06,857.3,860.59,18829.489
1765976400000,860.59,864.9,857.7,862.44,15648.962
1765980000000,862.44,869.4,855.0,869.26,40022.015
1765983600000,869.26,876.16,852.74,853.78,47157.466
1765987200000,853.77,857.96,840.07,847.39,32314.289
1765990800000,847.39,849.61,842.19,843.73,14005.586
1765994400000,843.73,847.04,836.7,837.85,16008.588
1765998000000,837.86,841.45,833.39,840.8,13977.057
1766001600000,840.8,844.9,838.75,842.35,4504.571
1766005200000,842.33,843.2,837.68,838.72,2977.417
1766008800000,838.72,843.71,836.74,843.69,4368.763
1766012400000,843.69,843.8,840.6,843.07,5096.62
1766016000000,843.07,845.94,840.7,845.6,5871.865
1766019600000,845.6,845.6,839.06,841.24,6324.275
1766023200000,841.24,846.76,839.91,845.43,8838.051
1766026800000,845.43,845.43,833.2,836.7,14682.19
1766030400000,836.69,839.5,836.09,836.41,9140.448
1766034000000,836.41,836.84,830.12,831.49,15099.918
1766037600000,831.5,835.0,830.49,834.74,7015.112
1766041200000,834.75,835.96,832.76,833.72,13867.422
1766044800000,833.72,837.73,832.78,836.13,16794.089
1766048400000,836.13,839.84,834.31,839.03,20646.848
1766052000000,839.04,841.73,837.82,840.12,10224.495
1766055600000,840.13,840.26,837.0,839.72,10023.256
1766059200000,839.73,841.04,837.31,838.98,20588.396
1766062800000,838.99,852.4,838.99,848.88,38882.986
1766066400000,848.87,853.49,838.17,843.74,32404.006
1766070000000,843.75,851.34,840.03,848.22,26875.962
1766073600000,848.22,848.93,843.93,845.45,14810.787
1766077200000,845.44,845.53,819.1,831.91,43627.075
1766080800000,831.91,839.0,830.26,832.09,31578.632
1766084400000,832.1,832.72,818.39,820.53,35238.14
1766088000000,820.52,826.81,820.19,820.73,15118.023
1766091600000,820.73,830.57,820.73,830.27,11334.146
1766095200000,830.28,831.91,828.13,831.7,11268.228
1766098800000,831.7,831.86,828.33,830.07,11770.528
1766102400000,830.08,832.47,827.95,831.08,7122.539
1766106000000,831.08,831.17,823.12,825.18,13301.633
1766109600000,825.17,828.82,822.38,826.68,21414.688
1766113200000,826.68,841.93,826.45,837.66,29709.502
1766116800000,837.67,841.04,835.76,837.21,27066.415
1766120400000,837.2,839.58,835.51,839.35,31679.798
1766124000000,839.35,843.9,838.19,843.72,38909.801
1766127600000,843.73,850.22,842.25,843.15,69226.278
1766131200000,843.15,845.94,842.15,844.88,155315.557
1766134800000,844.89,847.48,843.36,845.58,226157.229
1766138400000,845.58,847.07,843.12,845.4,513571.226
1766142000000,845.4,849.48,844.7,849.1,6712.74
1766145600000,849.11,849.41,845.54,845.57,6188.103
1766149200000,845.57,848.36,845.57,847.78,4463.901
1766152800000,847.78,850.73,843.6,848.29,10851.461
1766156400000,848.28,855.0,844.44,846.6,12945.329
1766160000000,846.61,853.35,845.95,848.28,7512.327
1766163600000,848.28,850.59,843.6,844.95,10445.651
1766167200000,844.96,851.0,844.96,849.33,6083.714
1766170800000,849.33,857.99,849.33,856.15,7328.311
1766174400000,856.15,862.33,854.23,860.44,8835.808
1766178000000,860.44,860.49,854.24,854.84,6609.23
1766181600000,854.84,857.19,854.83,856.28,3761.151
1766185200000,856.28,857.13,854.71,856.17,2134.565
1766188800000,856.17,857.1,853.76,854.26,2255.2
1766192400000,854.26,854.31,852.39,852.78,2003.857
1766196000000,852.78,856.9,852.59,855.8,2253.646
1766199600000,855.8,859.7,855.79,858.41,4247.37
1766203200000,858.41,858.59,854.11,854.36,3985.254
1766206800000,854.36,856.03,852.18,854.15,5620.354
1766210400000,854.15,855.08,852.43,853.8,2648.285
1766214000000,853.8,854.29,852.26,853.85,2482.158
1766217600000,853.84,856.33,853.4,853.61,2073.518
1766221200000,853.62,854.09,853.07,853.25,2659.07
1766224800000,853.24,853.26,850.95,852.48,2777.734
1766228400000,852.48,853.76,851.2,853.57,2529.672
1766232000000,853.56,853.76,852.75,853.14,1996.81
1766235600000,853.13,853.77,850.9,853.1,3729.168
1766239200000,853.1,853.15,851.0,853.05,2210.418
1766242800000,853.04,853.97,851.6,853.97,2975.485
1766246400000,853.97,854.35,853.05,854.26,1519.876
1766250000000,854.27,854.6,853.11,853.47,1036.293
1766253600000,853.47,854.16,852.54,853.29,1034.234
1766257200000,853.28,853.6,852.68,853.05,569.098
1766260800000,853.05,853.63,852.62,853.29,1547.351
1766264400000,853.3,853.67,852.5,852.5,925.683
1766268000000,852.51,853.05,851.01,852.83,1512.694
1766271600000,852.83,855.12,851.93,854.17,2421.904
1766275200000,854.17,855.21,853.36,854.29,1272.276
1766278800000,854.29,854.29,851.62,851.8,1933.274
1766282400000,851.81,852.8,846.84,847.67,4136.755
1766286000000,847.67,851.21,847.34,850.3,1894.885
1766289600000,850.31,850.81,848.5,848.63,1819.609
1766293200000,848.63,849.87,848.2,848.4,1162.086
1766296800000,848.41,850.53,848.24,849.81,2072.859
1766300400000,849.82,850.37,848.58,849.89,2995.004
1766304000000,849.88,856.13,848.99,854.0,3707.307
1766307600000,854.0,858.28,852.53,857.21,4457.018
1766311200000,857.21,859.91,855.0,856.21,3479.758
1766314800000,856.2,857.98,855.6,856.79,2073.687
1766318400000,856.78,859.5,855.81,858.5,3647.441
1766322000000,858.49,858.66,845.57,846.71,9725.596
1766325600000,846.7,850.69,845.95,850.31,3664.142
1766329200000,850.31,850.31,845.5,848.59,4389.025
1766332800000,848.59,852.37,846.4,852.25,3342.615
1766336400000,852.25,856.29,851.8,853.4,3615.208
1766340000000,853.4,853.52,850.87,852.97,1473.577
1766343600000,852.97,856.66,852.97,855.69,2702.413
1766347200000,855.7,856.63,853.73,853.93,951.632
1766350800000,853.93,855.0,851.2,851.82,995.105
1766354400000,851.84,857.0,851.46,856.78,1840.259
1766358000000,856.78,859.63,855.64,858.64,2635.286
1766361600000,858.63,867.84,858.63,859.3,7895.456
1766365200000,859.3,863.88,857.55,857.66,3974.819
1766368800000,857.71,858.13,850.85,855.7,6127.502
1766372400000,855.69,857.88,853.8,856.0,3364.32
1766376000000,856.01,859.73,855.14,859.41,2594.385
1766379600000,859.42,859.73,855.92,856.95,4337.743
1766383200000,856.95,860.71,856.4,859.04,4113.788
1766386800000,859.03,861.04,858.2,858.69,6967.471
1766390400000,858.69,868.22,858.5,863.88,15153.558
1766394000000,863.88,867.66,861.98,862.21,10780.396
1766397600000,862.2,867.0,860.0,866.25,15309.123
1766401200000,866.25,866.58,864.13,865.4,5384.32
1766404800000,865.4,871.0,864.79,866.52,9515.098
1766408400000,866.51,867.39,862.84,864.41,4630.847
1766412000000,864.4,869.55,863.4,867.93,6504.197
1766415600000,867.93,869.91,861.77,867.75,5902.458
1766419200000,867.76,868.94,865.59,866.98,5585.359
1766422800000,866.97,868.18,864.87,867.56,3347.099
1766426400000,867.55,869.16,865.62,866.55,3213.747
1766430000000,866.55,866.55,857.0,857.6,8413.074
1766433600000,857.6,858.67,853.5,855.63,6832.896
1766437200000,855.63,858.74,855.4,856.15,2856.958
1766440800000,856.15,861.18,855.5,860.38,2557.126
1766444400000,860.39,860.46,857.26,858.66,1914.248
1766448000000,858.67,861.46,858.0,860.14,2631.628
1766451600000,860.14,860.64,857.19,858.4,2070.581
1766455200000,858.41,859.7,854.65,855.43,3516.044
1766458800000,855.44,857.7,852.23,857.27,4010.24
1766462400000,857.27,857.8,854.47,855.07,2559.881
1766466000000,855.07,855.49,851.36,852.9,4458.592
1766469600000,852.91,852.91,847.06,849.14,7867.611
1766473200000,849.15,850.47,847.76,848.61,4881.918
1766476800000,848.6,850.38,847.97,848.68,2536.656
1766480400000,848.68,850.22,848.04,849.33,4239.279
1766484000000,849.34,851.89,849.33,851.33,2291.287
1766487600000,851.32,853.29,851.0,852.97,2695.163
1766491200000,852.97,852.98,849.04,850.0,3156.39
1766494800000,850.01,851.04,846.37,848.44,5218.242
1766498400000,848.43,850.2,838.24,840.78,12695.205
1766502000000,840.78,844.85,838.44,844.17,8554.166
1766505600000,844.17,850.23,842.4,848.88,6846.354
1766509200000,848.88,849.62,839.0,839.02,5367.191
1766512800000,839.02,846.12,839.01,845.22,4684.644
1766516400000,845.23,846.11,840.38,841.44,4188.902
1766520000000,841.43,847.66,840.2,843.4,3011.971
1766523600000,843.4,845.44,842.6,845.05,1366.866
1766527200000,845.06,845.91,841.19,843.13,2882.367
1766530800000,843.13,845.12,841.7,844.3,2163.696
1766534400000,844.3,846.81,843.68,846.68,1714.509
1766538000000,846.69,847.8,843.22,843.91,1641.549
1766541600000,843.91,844.0,836.46,838.85,6413.122
1766545200000,838.84,841.66,836.29,840.75,3334.124
1766548800000,840.75,842.52,839.37,839.48,3730.122
1766552400000,839.48,840.65,836.77,838.1,5588.095
1766556000000,838.11,839.04,836.21,838.9,3542.417
1766559600000,838.9,840.62,838.0,838.0,4995.729
1766563200000,838.0,838.33,835.5,836.37,4532.363
1766566800000,836.38,837.66,835.21,836.08,6222.08
1766570400000,836.08,839.26,835.97,837.42,4433.486
1766574000000,837.41,839.63,837.41,837.99,2477.832
1766577600000,837.99,840.9,837.12,840.77,3270.972
1766581200000,840.77,841.72,838.7,840.87,3001.116
1766584800000,840.87,843.26,835.63,838.66,4526.648
1766588400000,838.66,842.66,836.78,841.2,4320.29
1766592000000,841.2,845.36,839.9,844.43,4882.107
1766595600000,844.43,846.9,843.25,844.8,3164.8
1766599200000,844.8,849.0,843.77,846.24,4022.029
1766602800000,846.23,847.87,845.71,847.78,1407.445
1766606400000,847.79,850.0,847.79,848.81,1602.115
1766610000000,848.8,849.43,847.25,847.61,1874.378
1766613600000,847.61,849.68,846.19,849.26,3099.876
1766617200000,849.27,849.35,846.56,846.58,1120.577
1766620800000,846.57,847.92,845.0,845.59,1723.229
1766624400000,845.6,847.84,845.6,847.21,1002.542
1766628000000,847.22,847.99,845.76,846.38,1573.326
1766631600000,846.37,846.42,843.94,844.95,2096.436
1766635200000,844.96,845.28,843.47,843.63,1981.127
1766638800000,843.63,843.63,842.0,843.22,2330.046
1766642400000,843.22,844.04,842.16,843.7,1980.882
1766646000000,843.7,843.71,842.19,843.29,1868.392
1766649600000,843.29,844.53,839.09,840.91,4172.078
1766653200000,840.91,841.4,839.72,840.98,2229.282
1766656800000,840.98,841.12,835.3,836.75,4507.684
1766660400000,836.76,838.51,836.6,837.6,2319.076
1766664000000,837.6,838.07,836.63,838.07,2299.254
1766667600000,838.07,838.88,835.11,836.95,3569.921
1766671200000,836.95,838.3,836.29,838.0,2797.617
1766674800000,838.0,844.69,837.4,842.53,6313.492
1766678400000,842.52,842.96,839.75,840.95,3586.266
1766682000000,840.95,841.91,840.0,841.21,1886.57
1766685600000,841.2,842.85,840.08,841.95,3702.925
1766689200000,841.95,842.31,840.54,841.35,1011.128
1766692800000,841.35,841.5,839.59,840.74,982.557
1766696400000,840.74,843.5,840.65,842.4,1753.683
1766700000000,842.41,842.61,835.39,837.11,3390.051
1766703600000,837.12,838.7,826.81,829.64,13699.523
1766707200000,829.63,831.64,828.0,830.29,8310.973
1766710800000,830.29,833.19,829.87,832.52,3384.946
1766714400000,832.52,844.8,831.76,842.37,12563.52
1766718000000,842.38,843.13,838.2,840.77,4717.836
1766721600000,840.77,841.64,837.44,841.31,2696.509
1766725200000,841.32,841.66,839.67,841.08,2009.867
1766728800000,841.09,844.62,841.09,843.89,3540.168
1766732400000,843.89,847.16,839.73,840.88,6584.176
1766736000000,840.89,842.83,840.49,841.8,6007.499
1766739600000,841.8,843.16,840.49,842.32,4413.265
1766743200000,842.32,842.83,840.52,840.67,2357.846
1766746800000,840.67,840.68,838.86,839.26,2508.214
1766750400000,839.27,842.1,839.26,841.67,2852.815
1766754000000,841.67,843.4,841.03,843.11,2822.401
1766757600000,843.11,843.4,830.05,830.22,9718.538
1766761200000,830.21,830.21,821.21,828.93,20974.186
1766764800000,828.94,832.01,827.96,828.6,4485.711
1766768400000,828.59,833.5,828.57,831.47,3669.104
1766772000000,831.47,834.9,831.25,833.45,2813.997
1766775600000,833.45,834.77,831.16,832.83,5088.819
1766779200000,832.83,838.19,832.02,836.46,3645.882
1766782800000,836.45,837.44,834.76,834.76,1640.194
1766786400000,834.76,835.56,833.76,835.5,2194.677
1766790000000,835.49,835.6,834.17,834.72,1231.643
1766793600000,834.72,836.42,834.71,835.57,1640.298
1766797200000,835.57,836.5,834.56,836.24,1453.56
1766800800000,836.25,836.42,834.0,835.27,2323.652
1766804400000,835.27,836.48,834.75,836.2,1882.755
1766808000000,836.2,836.39,834.15,835.75,2179.445
1766811600000,835.75,837.25,835.01,837.24,2101.252
1766815200000,837.24,840.2,836.6,839.53,4063.4
1766818800000,839.54,843.09,839.3,840.57,6978.256
1766822400000,840.56,843.22,840.06,840.25,7446.436
1766826000000,840.25,841.98,838.39,838.69,9438.928
1766829600000,838.7,843.42,837.62,841.65,17019.164
1766833200000,841.65,841.72,840.1,840.96,3497.016
1766836800000,840.97,841.46,839.52,840.03,4329.62
1766840400000,840.03,841.15,839.31,840.31,3224.286
1766844000000,840.31,840.59,838.59,839.4,3370.87
1766847600000,839.4,841.53,838.47,840.9,3069.213
1766851200000,840.9,841.77,840.25,840.58,1923.641
1766854800000,840.59,841.4,839.44,840.14,2557.367
1766858400000,840.14,840.45,839.7,839.88,1051.313
1766862000000,839.89,840.95,839.65,840.95,792.855
1766865600000,840.95,841.92,839.79,840.29,1638.927
1766869200000,840.3,842.49,840.29,842.37,1127.18
1766872800000,842.37,846.54,841.08,842.12,4027.918
1766876400000,842.13,846.38,842.12,845.04,2745.014
1766880000000,845.05,845.68,842.59,842.61,2878.654
1766883600000,842.61,843.3,839.2,840.29,2988.333
1766887200000,840.3,842.59,840.05,841.5,2043.44
1766890800000,841.49,842.0,840.5,841.6,1602.35
1766894400000,841.61,844.05,841.4,843.03,1714.135
1766898000000,843.03,844.07,842.12,843.07,4384.29
1766901600000,843.07,844.2,842.79,843.7,1520.836
1766905200000,843.71,844.1,843.3,843.92,1343.865
1766908800000,843.92,846.97,843.92,845.63,2459.88
1766912400000,845.64,846.38,844.14,845.59,3171.733
1766916000000,845.58,849.87,845.58,848.08,4871.973
1766919600000,848.08,857.0,847.99,854.6,11597.189
1766923200000,854.61,857.22,854.6,855.54,4485.923
1766926800000,855.55,858.7,855.32,858.05,5493.008
1766930400000,858.05,859.33,856.37,857.52,4877.177
1766934000000,857.52,863.4,857.37,860.58,6622.997
1766937600000,860.57,865.09,860.12,864.0,7197.74
1766941200000,864.01,866.4,863.14,866.26,4561.638
1766944800000,866.27,867.22,858.84,859.0,6166.716
1766948400000,859.0,862.51,858.81,859.68,2426.258
1766952000000,859.68,862.37,858.69,860.66,1783.7
1766955600000,860.65,860.81,856.84,858.2,2657.287
1766959200000,858.2,860.9,857.0,860.06,2199.911
1766962800000,860.05,860.64,857.0,859.32,2552.953
1766966400000,859.32,864.85,858.71,862.52,4778.319
1766970000000,862.52,865.31,859.3,864.54,4859.829
1766973600000,864.55,872.12,864.54,866.84,12779.676
1766977200000,866.84,871.13,866.19,869.19,6612.938
1766980800000,869.2,871.66,867.8,868.77,4282.723
1766984400000,868.77,868.9,864.03,864.57,5380.248
1766988000000,864.56,865.95,863.52,863.84,2912.967
1766991600000,863.84,864.0,858.8,860.58,10496.673
1766995200000,860.58,861.79,858.6,858.84,6130.692
1766998800000,858.83,858.91,847.55,851.49,11049.053
1767002400000,851.48,854.69,850.93,853.95,5967.69
1767006000000,853.96,855.58,852.75,853.04,4151.624
1767009600000,853.05,853.9,846.0,851.86,10556.448
1767013200000,851.87,853.25,848.64,849.99,4209.552
1767016800000,849.99,855.4,848.56,851.09,5765.29
1767020400000,851.1,855.06,850.25,853.6,6869.173
1767024000000,853.59,855.26,850.0,853.81,5148.627
1767027600000,853.82,854.76,852.0,854.52,2141.8
1767031200000,854.53,855.69,851.11,851.86,4376.045
1767034800000,851.87,853.47,851.27,853.03,2334.689
1767038400000,853.03,855.04,851.43,852.72,2729.977
1767042000000,852.73,854.9,852.5,854.74,948.661
1767045600000,854.75,854.75,852.9,853.57,990.136
1767049200000,853.57,853.8,852.02,852.46,1678.617
1767052800000,852.46,853.5,850.68,851.59,1273.107
1767056400000,851.6,853.19,850.28,852.51,1607.643
1767060000000,852.51,852.68,848.9,849.74,2425.436
1767063600000,849.75,853.18,848.7,852.5,2703.345
1767067200000,852.5,853.2,851.07,852.41,2062.181
1767070800000,852.42,853.1,850.38,850.93,2079.393
1767074400000,850.94,854.89,850.77,853.54,2660.394
1767078000000,853.54,854.85,853.09,853.75,2123.143
1767081600000,853.75,859.76,853.75,856.51,6952.818
1767085200000,856.51,857.35,854.67,856.61,2633.026
1767088800000,856.62,856.94,854.89,855.33,3147.253
1767092400000,855.34,856.09,853.79,854.8,2541.566
1767096000000,854.8,856.57,854.61,856.55,2539.984
1767099600000,856.55,863.22,856.41,862.62,6120.052
1767103200000,862.63,864.05,857.82,861.91,7246.669
1767106800000,861.91,863.59,857.77,862.78,5695.642
1767110400000,862.79,863.06,858.4,860.44,3431.874
1767114000000,860.45,861.66,858.45,860.19,2825.199
1767117600000,860.19,861.71,858.67,860.31,2099.528
1767121200000,860.32,860.32,857.35,859.79,3729.2
1767124800000,859.79,860.29,858.5,858.7,1951.285
1767128400000,858.7,861.24,858.33,861.23,1851.502
1767132000000,861.23,862.81,860.61,861.59,1431.85
1767135600000,861.58,863.06,861.1,861.65,2100.957
1767139200000,861.66,862.47,859.09,859.4,2216.032
1767142800000,859.41,863.0,858.8,861.47,1959.723
1767146400000,861.48,861.48,859.05,860.13,1535.972
1767150000000,860.13,860.79,857.69,859.29,1871.754
1767153600000,859.29,861.23,858.99,861.23,5825.711
1767157200000,861.23,864.0,860.38,863.19,11047.131
1767160800000,863.2,866.65,862.92,866.12,10971.165
1767164400000,866.12,868.0,864.84,867.99,8591.912
1767168000000,867.99,869.04,864.95,866.31,6056.41
1767171600000,866.31,866.78,865.22,865.34,3228.309
1767175200000,865.35,869.15,865.2,868.14,6740.79
1767178800000,868.14,869.35,867.68,869.2,5026.007
1767182400000,869.19,869.34,866.08,866.85,4241.386
1767186000000,866.85,869.0,866.3,868.44,5081.43
1767189600000,868.44,877.29,864.9,866.09,21670.845
1767193200000,866.09,866.8,860.53,863.3,14334.411
1767196800000,863.3,864.5,857.88,861.58,8299.666
1767200400000,861.58,863.65,861.25,862.61,4605.214
1767204000000,862.62,864.48,861.72,862.01,4701.912
1767207600000,862.01,864.81,862.01,864.32,5782.264
1767211200000,864.31,864.48,860.84,863.49,8788.477
1767214800000,863.49,866.38,863.48,866.0,2182.315
1767218400000,866.0,866.56,864.0,864.48,2852.081
1767222000000,864.48,865.56,864.17,864.3,2383.701
1767225600000,864.31,866.6,863.79,866.35,2739.965
1767229200000,866.34,873.77,866.19,872.83,9777.181
1767232800000,872.83,874.51,870.67,871.58,5451.704
1767236400000,871.58,873.4,868.73,869.16,3076.003
1767240000000,869.15,869.21,862.0,863.4,6806.683
1767243600000,863.4,865.03,862.49,862.74,5098.225
1767247200000,862.73,864.5,861.64,861.78,3676.353
1767250800000,861.79,861.79,859.2,859.52,3658.995
1767254400000,859.52,861.65,858.98,861.37,2336.521
1767258000000,861.37,861.7,859.99,860.15,2542.983
1767261600000,860.15,861.75,860.15,861.21,2015.61
1767265200000,861.21,861.97,860.59,861.59,2136.944
1767268800000,861.6,861.6,856.14,859.12,4775.03
1767272400000,859.12,860.8,858.48,858.71,2617.26
1767276000000,858.72,859.63,857.14,857.94,2352.254
1767279600000,857.95,860.54,856.34,859.36,3682.496
1767283200000,859.36,859.92,857.41,858.1,2155.104
1767286800000,858.1,861.08,857.22,859.99,2900.099
1767290400000,859.99,860.33,858.91,860.09,1842.991
1767294000000,860.09,861.77,859.15,861.56,2061.039
1767297600000,861.57,862.14,860.16,861.02,2678.485
1767301200000,861.02,862.76,860.89,862.38,1161.908
1767304800000,862.38,863.94,861.41,863.49,2680.264
1767308400000,863.5,864.65,862.33,864.39,2489.565
1767312000000,864.4,865.0,861.46,864.43,3578.328
1767315600000,864.43,864.84,862.0,862.53,2088.444
1767319200000,862.54,863.18,859.64,863.18,2601.28
1767322800000,863.18,867.17,862.67,865.79,5646.967
1767326400000,865.8,866.32,863.96,864.9,4309.182
1767330000000,864.9,867.11,863.08,866.15,3307.58
1767333600000,866.16,867.97,865.65,866.33,2783.09
1767337200000,866.33,866.94,864.56,864.9,4759.689
1767340800000,864.89,869.35,864.89,867.93,4888.883
1767344400000,867.93,872.0,867.6,871.22,5777.89
1767348000000,871.22,874.38,870.92,871.83,6815.703
1767351600000,871.84,871.85,866.52,869.51,4611.015
1767355200000,869.52,871.29,869.06,869.55,2334.889
1767358800000,869.55,872.18,869.04,870.36,3744.673
1767362400000,870.37,878.0,865.26,875.32,13734.236
1767366000000,875.32,882.37,870.34,877.99,13810.328
1767369600000,878.0,887.17,877.47,886.51,15293.983
1767373200000,886.52,891.14,884.03,886.95,12427.297
1767376800000,886.96,888.13,878.98,880.75,4669.546
1767380400000,880.76,883.23,880.14,880.55,2514.686
1767384000000,880.55,883.26,878.53,879.31,2097.031
1767387600000,879.32,882.99,879.03,882.35,1964.724
1767391200000,882.34,885.35,882.0,884.97,2730.045
1767394800000,884.97,885.63,880.49,881.25,2582.253
1767398400000,881.25,884.24,880.62,881.53,3085.013
1767402000000,881.52,881.77,879.15,879.75,2386.905
1767405600000,879.75,879.75,875.14,878.0,7221.893
1767409200000,878.01,879.28,877.0,879.2,2450.443
1767412800000,879.2,880.12,877.7,879.23,4421.888
1767416400000,879.24,879.32,874.39,876.63,2806.876
1767420000000,876.63,877.06,872.99,874.13,5732.296
1767423600000,874.13,875.18,868.65,873.0,6905.311
1767427200000,873.0,875.6,871.58,874.24,3382.955
1767430800000,874.23,875.62,873.72,874.74,3666.225
1767434400000,874.75,874.9,872.94,873.56,2515.42
1767438000000,873.56,874.29,872.54,874.24,2940.065
1767441600000,874.24,875.92,873.57,875.26,3737.306
1767445200000,875.27,877.54,875.01,877.07,3559.495
1767448800000,877.07,877.07,873.46,874.22,7085.217
1767452400000,874.23,875.03,871.6,873.44,3595.197
1767456000000,873.44,876.45,873.43,875.82,2760.148
1767459600000,875.82,877.3,875.3,876.77,1525.669
1767463200000,876.77,877.2,875.42,876.96,2604.77
1767466800000,876.96,877.17,876.28,876.4,1030.742
1767470400000,876.41,877.36,875.5,877.32,1397.511
1767474000000,877.31,879.45,876.9,879.2,2283.73
1767477600000,879.2,880.0,878.03,878.5,1546.179
1767481200000,878.5,879.63,878.12,878.63,1323.951
1767484800000,878.64,883.3,878.47,881.03,7692.474
1767488400000,881.03,883.71,880.59,882.54,3273.741
1767492000000,882.55,882.55,880.2,880.69,2063.527
1767495600000,880.68,883.57,880.68,883.14,2313.907
1767499200000,883.13,890.84,882.84,888.81,10181.68
1767502800000,888.81,888.95,885.67,888.21,4079.379
1767506400000,888.21,889.85,884.0,884.67,7920.15
1767510000000,884.67,885.66,883.1,884.66,4171.042
1767513600000,884.67,886.66,882.58,886.0,3653.377
1767517200000,886.0,886.71,884.44,886.2,3596.789
1767520800000,886.2,887.39,885.7,887.2,2110.625
1767524400000,887.2,887.2,884.5,884.88,3801.942
1767528000000,884.88,887.86,883.59,887.09,3047.619
1767531600000,887.1,890.0,886.42,888.7,3365.577
1767535200000,888.71,888.71,884.87,887.0,4156.094
1767538800000,887.0,889.43,885.1,889.3,3758.501
1767542400000,889.3,897.59,889.29,897.3,12924.602
1767546000000,897.3,902.85,896.36,900.9,13794.785
1767549600000,900.91,900.91,894.72,895.07,6658.622
1767553200000,895.07,895.34,890.7,892.53,5356.439
1767556800000,892.52,897.65,892.52,896.21,2432.55
1767560400000,896.21,897.52,894.9,897.01,1994.25
1767564000000,897.0,897.5,892.41,893.64,3133.292
1767567600000,893.65,896.47,892.88,895.43,3206.143
1767571200000,895.43,901.17,894.73,900.22,6902.313
1767574800000,900.22,906.91,899.2,903.25,14621.45
1767578400000,903.26,904.23,899.02,901.28,6245.493
1767582000000,901.29,902.1,899.09,900.02,4508.191
1767585600000,900.02,900.68,890.59,895.42,10473.997
1767589200000,895.42,895.42,892.71,892.75,2888.401
1767592800000,892.76,900.17,892.26,899.88,4642.587
1767596400000,899.89,900.49,898.07,899.2,3707.675
1767600000000,899.2,900.82,897.23,898.45,5131.085
1767603600000,898.46,899.97,895.6,897.75,3874.559
1767607200000,897.74,905.6,897.74,903.62,7151.795
1767610800000,903.62,909.0,902.52,908.89,7764.215
1767614400000,908.89,908.91,903.85,906.21,5422.588
1767618000000,906.22,907.1,901.17,903.77,5309.393
1767621600000,903.78,906.95,900.49,904.51,5969.244
1767625200000,904.52,907.5,901.11,906.46,7613.13
1767628800000,906.46,907.44,903.44,904.97,5652.48
1767632400000,904.97,907.28,901.31,906.75,5967.446
1767636000000,906.74,908.68,903.67,908.45,4442.255
1767639600000,908.46,914.0,906.96,911.12,6212.849
1767643200000,911.12,916.55,910.79,912.23,7098.405
1767646800000,912.23,913.37,908.96,912.17,4179.207
1767650400000,912.17,914.65,911.64,913.07,2116.858
1767654000000,913.07,913.23,910.3,910.31,2457.169
1767657600000,910.31,911.63,904.83,908.87,5297.685
1767661200000,908.87,911.35,906.21,907.03,3995.792
1767664800000,907.03,908.25,904.89,905.1,3591.679
1767668400000,905.11,908.93,905.1,908.14,2956.099
1767672000000,908.15,910.11,906.66,907.81,4089.985
1767675600000,907.8,908.09,903.79,905.64,4171.407
1767679200000,905.65,910.0,904.83,907.84,4950.086
1767682800000,907.84,907.88,902.96,904.71,6164.287
1767686400000,904.71,908.37,904.52,907.58,3348.218
1767690000000,907.58,914.08,907.57,912.76,6508.685
1767693600000,912.76,914.92,911.02,911.69,2930.625
1767697200000,911.68,914.41,911.03,913.13,2771.612
1767700800000,913.13,913.69,911.54,912.92,2628.28
1767704400000,912.92,914.82,912.3,914.14,3702.615
1767708000000,914.15,922.79,914.14,920.52,27193.59
1767711600000,920.53,923.93,915.85,919.1,19889.329
1767715200000,919.1,920.68,905.11,908.04,14173.73
1767718800000,908.03,909.29,892.33,893.93,16156.078
1767722400000,893.93,902.99,891.66,900.93,6216.244
1767726000000,900.93,902.76,900.34,901.2,2218.978
1767729600000,901.19,907.11,901.03,905.58,3465.921
1767733200000,905.58,915.13,904.44,912.46,9250.759
1767736800000,912.45,915.29,911.55,913.38,6423.178
1767740400000,913.38,919.78,913.37,917.64,4802.327
1767744000000,917.64,919.25,908.55,908.86,5096.446
1767747600000,908.86,911.41,905.28,906.86,6245.947
1767751200000,906.85,912.27,904.58,911.54,4492.691
1767754800000,911.54,913.0,909.67,909.84,3017.006
1767758400000,909.85,911.22,909.07,910.54,2634.652
1767762000000,910.54,915.08,910.14,912.65,3290.845
1767765600000,912.65,917.0,912.39,914.14,5788.925
1767769200000,914.14,918.99,914.13,918.82,7444.458
1767772800000,918.81,920.27,915.5,917.53,14361.421
1767776400000,917.52,918.12,909.0,910.18,15114.782
1767780000000,910.18,912.0,908.2,910.78,19590.636
1767783600000,910.78,912.75,909.6,910.44,7219.678
1767787200000,910.44,910.99,905.11,905.14,5764.779
1767790800000,905.15,907.61,902.57,904.31,6427.756
1767794400000,904.3,905.3,898.18,903.72,11331.947
1767798000000,903.72,903.89,895.11,899.43,8138.406
1767801600000,899.44,901.68,897.51,898.67,4075.167
1767805200000,898.67,901.95,896.56,897.74,3201.734
1767808800000,897.74,899.75,895.33,896.75,2828.888
1767812400000,896.74,898.53,892.64,897.12,3973.185
1767816000000,897.12,898.07,894.01,896.03,1622.294
1767819600000,896.01,898.52,895.7,897.83,1363.205
1767823200000,897.83,900.46,896.34,897.98,1524.456
1767826800000,897.98,901.05,895.33,900.3,4102.486
1767830400000,900.31,902.57,897.01,902.14,4644.452
1767834000000,902.14,905.0,900.95,901.34,2790.212
1767837600000,901.34,902.2,893.68,895.64,4657.204
1767841200000,895.64,898.43,892.38,893.61,3104.425
1767844800000,893.62,896.65,891.45,894.56,3762.347
1767848400000,894.56,897.68,894.23,894.45,3141.822
1767852000000,894.44,895.0,880.41,880.42,19780.754
1767855600000,880.42,885.77,875.1,885.02,15626.904
1767859200000,885.02,887.71,882.84,883.48,5027.62
1767862800000,883.49,885.5,881.12,882.39,4985.988
1767866400000,882.39,887.61,879.28,886.8,6600.588
1767870000000,886.81,887.89,883.9,886.77,5636.279
1767873600000,886.77,886.9,882.21,884.15,7145.223
1767877200000,884.15,886.26,883.45,885.08,3944.744
1767880800000,885.08,885.38,877.7,883.9,9995.404
1767884400000,883.88,889.24,882.02,888.92,5789.178
1767888000000,888.92,890.28,885.69,890.15,5694.926
1767891600000,890.15,891.52,887.88,891.52,4034.065
1767895200000,891.51,891.71,887.45,888.62,3908.872
1767898800000,888.62,890.51,887.14,888.32,2736.861
1767902400000,888.32,891.21,885.32,890.71,4090.825
1767906000000,890.71,892.33,889.64,892.22,3366.286
1767909600000,892.23,894.14,890.32,892.14,2082.616
1767913200000,892.15,894.63,891.94,892.26,1975.16
1767916800000,892.27,894.25,891.94,894.21,1709.105
1767920400000,894.22,896.17,887.91,890.43,5551.732
1767924000000,890.44,893.96,890.14,891.92,3000.214
1767927600000,891.92,896.56,891.41,895.8,3271.917
1767931200000,895.81,896.72,894.65,895.83,2703.307
1767934800000,895.83,898.25,895.74,898.25,2079.878
1767938400000,898.25,899.0,895.58,896.67,1992.528
1767942000000,896.67,896.67,893.66,893.66,2143.442
1767945600000,893.67,894.5,886.2,889.85,5659.362
1767949200000,889.85,891.72,888.05,888.41,4175.8
1767952800000,888.4,890.5,887.78,890.24,1919.986
1767956400000,890.24,891.85,889.49,889.64,2464.085
1767960000000,889.63,890.4,888.0,889.33,2325.194
1767963600000,889.33,894.06,887.94,890.52,6362.318
1767967200000,890.52,890.54,886.05,887.52,5922.689
1767970800000,887.52,900.22,885.28,894.77,10112.583
1767974400000,894.77,901.06,894.72,899.06,5402.056
1767978000000,899.06,899.79,895.43,898.9,3220.606
1767981600000,898.9,899.77,891.6,895.54,3225.62
1767985200000,895.54,895.55,890.94,893.34,2094.159
1767988800000,893.33,896.0,892.7,893.18,1284.264
1767992400000,893.18,896.36,891.94,896.33,1720.054
1767996000000,896.34,897.08,894.52,896.55,1869.569
1767999600000,896.55,898.25,896.25,896.86,1370.899
1768003200000,896.87,899.73,896.81,897.88,1959.117
1768006800000,897.89,900.08,897.68,899.4,1870.208
1768010400000,899.4,901.28,899.01,900.06,3437.073
1768014000000,900.06,908.0,898.92,907.31,13302.51
1768017600000,907.31,908.64,903.05,906.29,5992.51
1768021200000,906.29,910.22,905.21,907.36,5368.189
1768024800000,907.37,909.53,905.78,906.22,4122.172
1768028400000,906.23,908.65,905.22,905.37,3667.139
1768032000000,905.38,906.43,902.66,903.8,4586.278
1768035600000,903.79,903.92,898.98,900.95,7500.672
1768039200000,900.96,903.09,900.25,902.68,4121.027
1768042800000,902.68,902.68,900.46,900.47,3064.158
1768046400000,900.47,900.76,899.39,899.64,4487.065
1768050000000,899.64,903.17,899.13,902.75,3400.599
1768053600000,902.75,905.93,901.51,905.02,4666.24
1768057200000,905.02,910.82,904.28,908.78,9648.346
1768060800000,908.79,909.66,906.89,909.4,8102.59
1768064400000,909.4,910.55,907.55,908.04,5385.749
1768068000000,908.04,913.34,908.04,912.14,5657.71
1768071600000,912.15,915.86,911.45,913.93,6494.827
1768075200000,913.94,915.91,909.27,909.48,5403.697
1768078800000,909.48,909.84,903.34,904.49,6032.566
1768082400000,904.49,904.94,902.23,903.5,4017.315
1768086000000,903.51,908.09,903.44,907.93,2624.736
1768089600000,907.93,909.3,905.22,906.25,2723.793
1768093200000,906.25,908.41,904.3,908.05,2626.444
1768096800000,908.06,911.05,907.87,910.44,4329.23
1768100400000,910.43,914.11,908.95,913.2,4133.447
1768104000000,913.21,915.0,911.5,913.1,4622.908
1768107600000,913.11,914.67,910.75,913.38,5320.564
1768111200000,913.39,914.4,910.69,913.87,2836.656
1768114800000,913.87,916.3,912.36,913.55,5155.601
1768118400000,913.55,917.33,912.8,916.81,4032.863
1768122000000,916.82,917.06,912.02,913.33,6756.885
1768125600000,913.33,913.51,911.77,912.75,3126.785
1768129200000,912.75,913.46,911.62,912.05,1930.489
1768132800000,912.06,914.41,912.06,913.41,2420.57
1768136400000,913.42,914.0,911.91,913.87,3833.563
1768140000000,913.87,915.38,910.52,911.26,7504.37
1768143600000,911.26,911.69,906.29,908.64,10458.207
1768147200000,908.64,911.17,907.57,907.74,6977.942
1768150800000,907.75,908.92,906.18,907.32,2286.4
1768154400000,907.33,907.6,905.2,906.22,3419.85
1768158000000,906.23,906.79,903.5,904.45,2142.435
1768161600000,904.45,904.59,900.58,902.28,3734.658
1768165200000,902.29,905.31,900.02,904.8,2339.501
1768168800000,904.81,904.81,901.28,902.68,2169.579
1768172400000,902.69,904.65,898.75,904.32,3738.341
1768176000000,904.32,906.13,896.85,901.85,6215.899
1768179600000,901.85,905.48,900.43,903.29,4421.309
1768183200000,903.29,909.78,901.9,908.99,9208.531
1768186800000,908.98,910.81,905.08,905.27,9493.742
1768190400000,905.28,910.21,905.08,909.49,4224.111
1768194000000,909.49,909.94,906.99,907.94,3999.833
1768197600000,907.95,909.31,906.57,907.34,3790.657
1768201200000,907.34,908.5,903.97,904.81,4434.906
1768204800000,904.82,908.3,899.44,903.24,7591.193
1768208400000,903.24,903.69,900.37,900.76,4612.95
1768212000000,900.77,902.0,898.67,899.06,3063.721
1768215600000,899.06,902.0,898.26,901.28,2877.025
1768219200000,901.27,903.71,900.24,901.93,3616.148
1768222800000,901.94,902.0,898.35,900.12,4244.937
1768226400000,900.12,902.06,894.0,899.86,8667.689
1768230000000,899.86,905.22,898.97,904.28,5059.731
1768233600000,904.28,908.2,904.27,905.67,5216.451
1768237200000,905.67,907.03,900.0,904.51,3405.301
1768240800000,904.51,907.98,904.3,907.78,2223.442
1768244400000,907.78,909.11,905.36,907.79,2529.707
1768248000000,907.78,908.31,905.09,905.22,1701.775
1768251600000,905.21,906.28,901.22,902.59,2479.527
1768255200000,902.59,907.0,902.59,905.8,2836.206
1768258800000,905.81,907.43,904.05,905.78,2607.382
1768262400000,905.79,907.86,904.3,906.31,4810.722
1768266000000,906.31,907.37,902.35,903.35,3398.714
1768269600000,903.35,905.87,902.25,904.8,4119.665
1768273200000,904.8,906.84,903.42,906.36,2799.19
1768276800000,906.36,909.47,906.35,909.42,4765.536
1768280400000,909.41,911.98,908.74,909.13,7578.522
1768284000000,909.13,912.24,908.0,911.75,4876.648
1768287600000,911.75,914.98,910.04,910.05,14321.547
1768291200000,910.05,912.08,908.34,910.48,22173.587
1768294800000,910.48,912.2,908.29,909.14,28643.608
1768298400000,909.14,910.67,907.93,908.9,36898.692
1768302000000,908.91,909.5,907.52,907.68,6416.641
1768305600000,907.69,909.87,906.18,909.37,5227.039
1768309200000,909.36,913.2,908.22,909.73,9771.672
1768312800000,909.74,914.0,908.27,910.49,9531.581
1768316400000,910.48,916.6,908.6,916.47,11481.839
1768320000000,916.47,923.44,916.38,919.95,19319.302
1768323600000,919.96,922.14,916.99,920.58,6147.395
1768327200000,920.57,939.59,920.17,939.5,35337.039
1768330800000,939.5,945.55,938.7,941.5,17516.317
1768334400000,941.5,945.87,940.0,943.3,7573.41
1768338000000,943.3,943.97,940.85,941.79,4941.276
1768341600000,941.8,952.96,940.43,946.2,34173.38
1768345200000,946.2,948.7,941.3,943.73,10091.675
1768348800000,943.73,950.24,943.64,947.8,10833.901
1768352400000,947.79,951.7,946.42,947.53,6559.912
1768356000000,947.53,954.68,947.29,948.23,15235.585
1768359600000,948.23,950.57,945.91,950.13,7268.594
1768363200000,950.14,952.2,943.04,944.31,11596.641
1768366800000,944.31,944.31,939.89,940.51,6634.553
1768370400000,940.52,940.52,934.67,938.7,10189.277
1768374000000,938.7,940.36,935.4,937.45,4633.166
1768377600000,937.45,938.61,935.0,936.17,3878.186
1768381200000,936.16,938.92,936.06,937.71,4188.856
1768384800000,937.71,938.76,934.53,936.01,6145.979
1768388400000,936.01,936.15,928.5,928.79,10587.881
1768392000000,928.78,935.37,928.53,934.33,6792.464
1768395600000,934.32,935.34,931.12,932.4,4452.143
1768399200000,932.41,943.81,932.31,941.68,10721.365
1768402800000,941.68,946.24,938.5,942.03,13960.396
1768406400000,942.03,947.54,942.03,943.98,9067.217
1768410000000,943.97,946.41,940.1,942.37,9190.25
1768413600000,942.37,944.9,938.25,943.18,6428.815
1768417200000,943.18,947.57,942.36,943.78,6206.307
1768420800000,943.79,947.91,943.26,944.56,4127.336
1768424400000,944.56,946.68,943.2,945.69,2134.247
1768428000000,945.68,948.6,943.59,945.21,5675.95
1768431600000,945.21,949.85,945.21,948.47,6699.677
1768435200000,948.48,948.85,939.76,940.86,6766.301
1768438800000,940.87,942.75,934.54,936.87,10810.544
1768442400000,936.87,938.82,932.12,934.04,8471.196
1768446000000,934.05,935.27,929.05,931.89,9631.003
1768449600000,931.9,937.12,931.41,936.0,5557.848
1768453200000,935.99,938.15,935.6,936.29,3590.517
1768456800000,936.28,937.38,933.68,933.7,4147.965
1768460400000,933.7,940.09,933.63,939.14,4383.446
1768464000000,939.13,942.81,938.12,942.69,5079.708
1768467600000,942.69,942.96,939.51,941.08,4263.903
1768471200000,941.07,941.51,939.11,939.16,2916.68
1768474800000,939.16,940.7,937.66,938.09,1997.463
1768478400000,938.1,941.28,937.24,940.7,3007.144
1768482000000,940.7,944.88,940.0,943.24,3932.83
1768485600000,943.24,945.71,933.51,938.58,11562.518
1768489200000,938.57,940.0,930.23,937.64,11600.416
1768492800000,937.63,940.67,934.64,940.17,4451.631
1768496400000,940.17,942.62,937.28,938.12,3715.061
1768500000000,938.13,938.43,931.02,931.75,4780.267
1768503600000,931.74,931.74,925.01,928.07,9842.176
1768507200000,928.07,929.0,924.05,925.44,3851.478
1768510800000,925.45,930.6,925.11,929.74,2649.604
1768514400000,929.73,933.55,929.32,931.97,2275.078
1768518000000,931.98,932.69,929.69,931.2,1916.691
1768521600000,931.21,933.98,929.78,933.18,3057.528
1768525200000,933.18,933.42,929.22,932.62,2555.225
1768528800000,932.63,933.17,929.23,931.91,1961.653
1768532400000,931.91,932.75,929.52,929.59,1944.149
1768536000000,929.6,931.27,927.16,928.58,4453.596
1768539600000,928.59,934.04,927.69,933.56,4197.831
1768543200000,933.57,935.94,932.46,935.94,3189.303
1768546800000,935.95,936.13,932.6,934.04,4158.711
1768550400000,934.05,938.56,934.05,937.16,4177.787
1768554000000,937.17,937.74,934.81,935.43,3149.143
1768557600000,935.42,935.88,933.2,933.77,2163.194
1768561200000,933.77,935.6,931.99,935.38,3348.427
1768564800000,935.38,937.46,934.27,934.76,2556.208
1768568400000,934.76,935.11,931.53,934.7,3819.231
1768572000000,934.7,935.96,930.44,930.79,4637.277
1768575600000,930.79,933.78,923.69,926.97,9873.95
1768579200000,926.97,931.0,926.53,930.01,3717.801
1768582800000,930.01,931.69,927.28,931.35,2991.349
1768586400000,931.35,932.36,930.58,931.39,1723.288
1768590000000,931.39,932.1,929.4,931.36,1027.435
1768593600000,931.36,934.49,928.71,934.46,1800.653
1768597200000,934.45,935.9,933.12,935.25,1212.25
1768600800000,935.25,938.3,933.77,937.86,2387.063
1768604400000,937.86,939.43,937.18,938.16,3367.331
1768608000000,938.17,938.65,935.72,936.07,2034.616
1768611600000,936.07,940.03,935.72,938.47,4287.289
1768615200000,938.48,938.56,935.54,937.63,1445.557
1768618800000,937.63,937.78,936.0,937.65,1616.35
1768622400000,937.65,938.39,936.13,938.04,2444.47
1768626000000,938.04,939.08,936.8,938.4,1576.116
1768629600000,938.4,938.4,936.25,937.27,1639.073
1768633200000,937.26,937.51,935.5,935.9,2732.959
1768636800000,935.9,938.34,935.65,938.21,2107.373
1768640400000,938.22,942.38,937.12,942.15,3364.016
1768644000000,942.15,943.48,941.0,941.51,3800.091
1768647600000,941.51,944.51,940.08,942.93,3584.271
1768651200000,942.92,944.44,942.37,942.4,2033.134
1768654800000,942.41,943.56,941.43,943.56,1467.435
1768658400000,943.56,944.24,941.59,943.65,2366.22
1768662000000,943.64,959.52,942.64,955.37,22779.787
1768665600000,955.37,956.0,949.1,950.52,8338.42
1768669200000,950.52,953.88,949.98,952.6,3434.184
1768672800000,952.6,953.81,951.58,953.12,1867.525
1768676400000,953.11,953.67,951.64,952.5,2178.75
1768680000000,952.5,953.24,950.0,952.05,2071.681
1768683600000,952.05,954.0,951.19,951.7,1303.102
1768687200000,951.69,952.75,945.37,946.68,4728.467
1768690800000,946.69,948.73,946.36,947.12,2986.445
1768694400000,947.11,950.42,945.53,945.58,3602.53
1768698000000,945.59,946.17,943.14,945.04,2852.737
1768701600000,945.04,947.57,944.75,946.38,2076.17
1768705200000,946.38,951.13,946.35,950.4,4371.061
1768708800000,950.41,950.41,947.84,948.63,1462.591
1768712400000,948.63,949.46,947.22,947.53,1606.956
1768716000000,947.53,948.13,946.03,947.05,2610.422
1768719600000,947.05,947.96,944.73,944.74,2821.211
1768723200000,944.73,947.2,943.81,946.18,3436.83
1768726800000,946.18,947.38,945.34,945.69,2702.624
1768730400000,945.69,945.75,943.95,944.7,1923.718
1768734000000,944.7,947.34,944.1,946.79,2158.199
1768737600000,946.8,948.5,945.8,948.12,2979.295
1768741200000,948.12,948.44,945.45,946.98,3307.576
1768744800000,946.98,948.97,945.07,945.37,3153.461
1768748400000,945.37,950.75,944.44,950.13,4862.021
1768752000000,950.14,951.08,948.68,950.5,2353.931
1768755600000,950.51,952.01,948.95,951.68,2149.097
1768759200000,951.68,953.33,950.36,951.67,3014.395
1768762800000,951.67,952.39,949.02,949.7,1347.776
1768766400000,949.7,953.24,949.2,952.39,1939.764
1768770000000,952.38,952.5,950.61,951.33,997.587
1768773600000,951.32,951.78,950.0,951.16,1435.141
1768777200000,951.16,951.16,931.7,932.51,17683.157
1768780800000,932.51,932.51,901.0,918.88,65922.388
1768784400000,918.88,922.1,916.39,919.86,11528.834
1768788000000,919.87,922.17,917.44,921.0,8473.821
1768791600000,921.0,925.62,920.68,925.18,6755.089
1768795200000,925.17,927.58,922.89,926.38,5656.234
1768798800000,926.38,927.84,923.03,925.0,6113.207
1768802400000,925.0,926.23,923.0,925.19,5140.736
1768806000000,925.19,927.87,923.44,927.29,5296.59
1768809600000,927.29,928.86,925.15,926.94,6733.514
1768813200000,926.93,928.4,924.49,928.35,5087.469
1768816800000,928.35,929.8,926.39,926.76,4698.947
1768820400000,926.77,928.98,925.61,928.23,6499.023
1768824000000,928.23,928.45,925.33,927.91,11673.157
1768827600000,927.91,930.0,925.75,928.99,15240.262
1768831200000,928.99,929.53,923.12,924.18,21205.776
1768834800000,924.19,926.3,923.67,925.21,4418.594
1768838400000,925.22,928.88,924.86,928.56,3878.031
1768842000000,928.57,928.57,926.63,927.63,1957.204
1768845600000,927.64,927.7,925.25,927.09,1718.564
1768849200000,927.09,929.03,926.29,926.56,1490.161
1768852800000,926.56,927.6,925.33,926.25,2336.847
1768856400000,926.26,927.26,924.72,924.97,1291.793
1768860000000,924.98,926.45,921.5,921.61,2863.794
1768863600000,921.61,925.48,919.32,923.6,3460.525
1768867200000,923.6,931.0,923.5,929.37,8685.578
1768870800000,929.38,933.13,928.0,932.38,4510.771
1768874400000,932.38,932.5,926.95,928.37,4264.728
1768878000000,928.37,929.28,926.66,927.63,3416.014
1768881600000,927.63,928.62,926.16,926.67,2800.213
1768885200000,926.66,926.67,919.7,922.22,19164.509
1768888800000,922.22,922.27,914.27,915.32,9406.536
1768892400000,915.33,919.49,914.62,917.77,4371.957
1768896000000,917.77,917.89,908.66,914.32,9570.921
1768899600000,914.32,914.45,912.62,913.08,3405.309
1768903200000,913.08,915.8,912.49,914.46,3328.969
1768906800000,914.46,915.35,912.0,912.68,2929.369
1768910400000,912.69,915.99,912.41,913.84,2362.615
1768914000000,913.83,913.95,905.8,906.16,6944.248
1768917600000,906.17,911.03,902.0,903.41,13267.732
1768921200000,903.42,905.56,896.66,905.33,14311.223
1768924800000,905.33,908.5,896.54,896.7,6555.449
1768928400000,896.7,900.0,887.24,890.39,10552.522
1768932000000,890.38,894.98,890.24,892.03,5123.273
1768935600000,892.04,896.47,891.6,895.7,3293.833
1768939200000,895.7,898.0,894.2,895.98,1859.622
1768942800000,895.97,896.67,893.71,894.68,923.449
1768946400000,894.68,897.22,885.21,891.12,11378.365
1768950000000,891.13,891.22,884.0,884.2,11333.024
1768953600000,884.19,884.2,867.0,881.01,26794.628
1768957200000,881.01,883.81,878.46,879.66,7226.44
1768960800000,879.66,882.0,876.66,877.21,4595.379
1768964400000,877.2,882.13,875.4,881.44,4597.651
1768968000000,881.44,882.78,879.32,879.68,3058.705
1768971600000,879.67,885.92,879.0,884.07,5750.75
1768975200000,884.08,884.74,877.82,878.31,5192.439
1768978800000,878.31,879.79,874.36,875.36,5893.216
1768982400000,875.36,875.36,870.0,873.0,15102.474
1768986000000,872.99,875.56,872.21,872.81,6138.617
1768989600000,872.8,876.2,872.25,873.47,4647.368
1768993200000,873.47,875.1,870.01,870.78,5418.243
1768996800000,870.77,871.7,864.54,871.54,11016.581
1769000400000,871.55,876.0,871.29,874.09,4382.518
1769004000000,874.08,884.64,873.46,883.96,13681.957
1769007600000,883.96,893.69,883.66,892.66,14169.211
1769011200000,892.67,892.94,867.66,868.0,18072.4
1769014800000,868.0,874.39,865.75,869.73,11947.989
1769018400000,869.73,875.52,867.36,873.49,5053.851
1769022000000,873.49,889.92,871.44,889.83,8522.769
1769025600000,889.83,890.13,882.28,888.46,7840.105
1769029200000,888.47,890.79,887.15,889.45,3942.594
1769032800000,889.45,892.45,886.34,887.74,4131.932
1769036400000,887.74,890.47,882.25,883.36,4440.404
1769040000000,883.35,890.57,883.35,889.33,3808.797
1769043600000,889.33,892.62,888.83,892.18,3722.6
1769047200000,892.18,894.28,889.41,889.61,4283.085
1769050800000,889.6,892.67,888.89,891.43,4260.826
1769054400000,891.42,893.0,890.91,892.11,3415.397
1769058000000,892.11,893.05,890.08,891.28,1791.313
1769061600000,891.28,893.05,889.35,890.81,2514.22
1769065200000,890.82,891.12,887.79,888.83,2859.457
1769068800000,888.82,892.39,888.69,891.88,3189.702
1769072400000,891.88,896.46,891.45,895.33,4734.601
1769076000000,895.33,897.58,894.82,896.4,7780.747
1769079600000,896.41,897.04,892.12,892.93,9008.257
1769083200000,892.93,894.03,892.11,892.58,3941.037
1769086800000,892.58,895.04,886.44,888.21,5793.383
1769090400000,888.21,888.82,881.23,883.07,8395.518
1769094000000,883.07,887.07,878.18,883.03,7518.525
1769097600000,883.03,887.76,881.81,885.09,4410.951
1769101200000,885.09,888.43,883.45,887.91,2417.615
1769104800000,887.91,888.53,883.85,884.2,2084.687
1769108400000,884.2,888.95,883.04,888.35,1940.815
1769112000000,888.34,889.67,886.34,887.48,2563.796
1769115600000,887.48,890.0,887.01,888.15,1258.294
1769119200000,888.15,892.0,886.29,887.55,5633.742
1769122800000,887.55,888.2,885.34,888.06,1459.107
1769126400000,888.06,890.39,887.63,889.52,2384.084
1769130000000,889.54,892.0,889.02,891.99,2622.795
1769133600000,892.0,892.37,888.45,888.85,4541.74
1769137200000,888.85,892.31,888.7,891.55,3992.886
1769140800000,891.56,893.42,891.0,892.08,2429.516
1769144400000,892.09,892.1,889.38,891.31,2127.88
1769148000000,891.31,892.89,889.15,890.4,1900.917
1769151600000,890.41,892.38,890.21,891.32,2324.749
1769155200000,891.33,891.76,888.05,888.77,5690.091
1769158800000,888.76,890.34,886.82,887.36,4211.613
1769162400000,887.37,889.51,885.69,888.61,4609.833
1769166000000,888.61,890.05,886.93,887.36,3179.22
1769169600000,887.35,888.26,886.39,887.44,2355.609
1769173200000,887.44,888.65,886.24,887.94,2206.05
1769176800000,887.94,891.0,883.1,886.96,7443.848
1769180400000,886.96,892.43,883.89,892.0,5793.025
1769184000000,892.01,898.75,891.89,895.96,8220.721
1769187600000,895.96,904.99,894.31,899.25,7226.163
1769191200000,899.25,903.03,898.33,899.93,3901.824
1769194800000,899.92,899.99,889.98,893.72,10640.831
1769198400000,893.72,894.91,888.49,890.86,3660.989
1769202000000,890.86,892.44,889.86,889.94,1467.266
1769205600000,889.95,893.16,889.82,892.79,1776.085
1769209200000,892.79,892.79,890.53,891.63,1427.875
1769212800000,891.62,892.32,889.33,889.84,3697.415
1769216400000,889.85,890.76,889.35,890.35,3410.025
1769220000000,890.35,893.32,890.18,892.68,1991.422
1769223600000,892.68,894.24,891.8,892.9,2070.585
1769227200000,892.9,894.16,892.18,892.76,1342.987
1769230800000,892.76,893.62,892.44,892.88,1658.233
1769234400000,892.89,893.45,892.04,892.24,1224.34
1769238000000,892.25,893.01,891.46,892.06,3151.496
1769241600000,892.06,892.5,891.2,892.33,2412.515
1769245200000,892.33,892.59,891.73,892.18,1212.337
1769248800000,892.18,892.76,891.52,892.06,1981.127
1769252400000,892.06,893.98,892.05,892.57,1870.509
1769256000000,892.58,892.68,891.73,892.14,2007.738
1769259600000,892.14,892.4,890.75,890.76,1674.303
1769263200000,890.76,892.88,890.6,891.52,2615.6
1769266800000,891.52,892.55,888.69,888.7,6799.05
1769270400000,888.7,888.7,886.53,887.7,4733.079
1769274000000,887.71,889.64,887.32,889.33,1369.362
1769277600000,889.34,890.34,888.75,888.92,1486.918
1769281200000,888.92,888.96,888.0,888.12,1071.382
1769284800000,888.13,888.85,887.42,887.82,680.197
1769288400000,887.83,888.64,887.21,888.64,615.067
1769292000000,888.64,889.79,888.06,888.78,1157.505
1769295600000,888.78,889.21,887.01,887.17,1039.371
1769299200000,887.18,887.75,885.47,885.94,2213.106
1769302800000,885.93,886.29,883.75,884.63,3262.444
1769306400000,884.64,885.12,883.64,883.88,3728.013
1769310000000,883.88,884.42,880.1,881.24,3349.333
1769313600000,881.24,883.67,881.0,882.27,2073.685
1769317200000,882.27,882.91,880.48,882.12,2639.982
1769320800000,882.13,882.47,879.77,881.8,3098.854
1769324400000,881.8,881.8,879.32,879.4,2354.996
1769328000000,879.4,881.86,877.14,878.36,4297.914
1769331600000,878.36,882.22,878.05,881.18,3679.124
1769335200000,881.18,883.25,880.4,882.15,4464.815
1769338800000,882.16,882.83,879.78,880.52,1749.554
1769342400000,880.51,881.06,879.41,881.02,2292.0
1769346000000,881.02,881.49,878.72,880.51,2500.614
1769349600000,880.51,880.86,876.87,878.82,4144.363
1769353200000,878.82,880.0,876.77,877.55,1474.113
1769356800000,877.55,877.69,868.0,870.64,17991.92
1769360400000,870.65,871.16,867.36,869.47,3556.109
1769364000000,869.47,870.02,862.0,866.54,12682.987
1769367600000,866.54,867.51,856.0,858.86,15882.604
1769371200000,858.86,861.54,856.01,860.84,7987.364
1769374800000,860.84,864.85,860.06,863.94,5107.901
1769378400000,863.94,864.08,859.8,861.99,5224.393
1769382000000,861.99,866.66,859.19,866.02,5024.038
1769385600000,866.02,869.7,864.91,867.48,7377.95
1769389200000,867.48,875.98,867.34,874.12,9285.648
1769392800000,874.12,874.99,870.39,871.69,6388.824
1769396400000,871.69,872.81,867.0,868.21,3801.684
1769400000000,868.2,873.8,868.0,872.21,2593.144
1769403600000,872.21,872.89,871.15,871.93,1469.008
1769407200000,871.93,873.7,870.24,872.93,2467.03
1769410800000,872.94,874.68,871.2,874.64,2896.864
1769414400000,874.63,877.83,872.95,873.36,6404.782
1769418000000,873.36,873.4,869.4,870.15,4421.436
1769421600000,870.15,872.86,870.15,872.21,2487.943
1769425200000,872.22,873.28,871.42,873.12,2238.637
1769428800000,873.12,875.67,871.6,872.64,4263.747
1769432400000,872.64,874.63,872.08,874.45,3254.796
1769436000000,874.45,876.67,869.63,874.32,8414.977
1769439600000,874.33,878.34,869.63,871.93,7879.728
1769443200000,871.94,875.06,869.85,873.04,4782.546
1769446800000,873.04,874.7,868.68,873.96,5721.877
1769450400000,873.96,879.13,873.53,878.07,4559.964
1769454000000,878.07,878.72,874.1,874.4,2136.019
1769457600000,874.4,875.47,871.66,872.78,1858.596
1769461200000,872.78,879.0,872.23,876.61,2189.109
1769464800000,876.61,879.65,876.19,878.01,3394.603
1769468400000,878.01,881.44,876.73,879.41,2411.792
1769472000000,879.41,879.57,876.53,877.68,2083.836
1769475600000,877.67,881.76,876.2,881.32,3617.441
1769479200000,881.31,885.42,881.18,885.09,8816.74
1769482800000,885.09,886.08,884.22,884.92,5570.304
1769486400000,884.91,888.25,884.48,885.32,7088.721
1769490000000,885.32,885.54,882.14,884.65,4078.162
1769493600000,884.66,885.53,882.35,883.37,4913.076
1769497200000,883.38,885.61,883.2,883.54,6620.805
1769500800000,883.54,885.11,883.26,884.59,5032.811
1769504400000,884.58,884.58,881.36,881.36,5943.826
1769508000000,881.37,882.0,877.17,877.45,7311.81
1769511600000,877.46,880.55,876.88,880.43,5013.562
1769515200000,880.44,881.95,880.31,880.77,4019.818
1769518800000,880.78,883.14,879.31,882.3,4875.293
1769522400000,882.31,885.29,880.6,881.79,10237.14
1769526000000,881.8,886.27,881.1,885.73,7877.238
1769529600000,885.73,896.71,885.73,894.95,16479.844
1769533200000,894.96,897.72,884.9,887.1,8518.398
1769536800000,887.11,894.65,886.41,892.44,3938.413
1769540400000,892.45,893.65,889.98,891.88,3196.641
1769544000000,891.89,898.88,891.59,898.61,3432.296
1769547600000,898.61,899.28,895.0,895.73,2982.282
1769551200000,895.73,899.98,895.72,899.16,3038.557
1769554800000,899.17,901.22,897.99,898.36,3842.625
1769558400000,898.35,900.99,897.77,900.03,2638.543
1769562000000,900.04,900.93,895.22,896.48,6341.767
1769565600000,896.47,896.93,894.41,896.93,2747.457
1769569200000,896.92,897.69,894.81,896.84,4348.976
1769572800000,896.84,899.19,895.34,898.89,4464.936
1769576400000,898.89,901.0,897.99,900.84,5390.382
1769580000000,900.85,904.72,899.7,903.65,4149.121
1769583600000,903.66,904.18,901.93,903.34,4708.713
1769587200000,903.34,905.94,902.27,902.49,5116.766
1769590800000,902.49,908.67,902.49,908.55,8566.163
1769594400000,908.55,909.43,905.26,905.54,3579.259
1769598000000,905.54,908.0,902.98,907.69,3558.654
1769601600000,907.68,907.76,903.97,905.27,4894.129
1769605200000,905.27,908.31,905.22,906.04,3018.813
1769608800000,906.03,906.05,900.82,901.99,8427.384
1769612400000,901.99,904.0,897.18,902.92,7719.054
1769616000000,902.91,903.83,897.83,900.0,7981.575
1769619600000,900.0,907.06,898.32,904.48,6089.864
1769623200000,904.48,904.65,900.42,902.52,3974.117
1769626800000,902.51,905.26,900.16,904.0,4104.581
1769630400000,904.01,907.71,902.32,902.75,2718.541
1769634000000,902.75,904.7,899.68,904.32,2875.029
1769637600000,904.32,905.33,902.61,904.35,1447.57
1769641200000,904.34,905.28,901.69,902.91,1411.846
1769644800000,902.92,904.24,900.37,903.56,2551.998
1769648400000,903.57,904.98,898.78,899.54,3748.038
1769652000000,899.54,901.24,893.2,894.67,6670.947
1769655600000,894.67,898.97,893.87,896.54,4943.888
1769659200000,896.55,901.42,895.2,900.52,5187.099
1769662800000,900.53,902.65,898.0,898.55,7454.507
1769666400000,898.55,901.47,898.55,901.41,2734.128
1769670000000,901.41,906.67,901.4,904.8,12770.36
1769673600000,904.8,905.41,902.09,903.78,16318.01
1769677200000,903.78,905.8,902.66,903.86,22386.502
1769680800000,903.86,904.59,894.93,895.0,31077.48
1769684400000,895.0,896.5,893.23,894.28,5912.498
1769688000000,894.28,894.43,889.88,891.17,7093.585
1769691600000,891.17,892.42,889.89,890.18,4107.488
1769695200000,890.18,891.35,877.69,877.76,15714.1
1769698800000,877.76,878.07,856.9,864.15,37858.809
1769702400000,864.15,865.87,856.82,865.55,19717.543
1769706000000,865.55,870.36,862.72,863.47,11643.858
1769709600000,863.47,867.73,856.5,858.26,13311.979
1769713200000,858.26,862.84,852.81,860.4,15962.679
1769716800000,860.4,865.62,859.61,864.51,4843.15
1769720400000,864.51,867.28,862.95,865.47,9325.444
1769724000000,865.47,867.35,863.11,867.35,5095.895
1769727600000,867.35,869.48,865.21,868.69,3798.701
1769731200000,868.69,869.77,864.24,865.49,5639.545
1769734800000,865.49,865.55,837.65,847.84,57514.467
1769738400000,847.84,847.84,835.55,842.5,22140.437
1769742000000,842.5,846.77,842.31,845.7,8659.588
1769745600000,845.69,854.36,845.6,850.42,10033.31
1769749200000,850.42,851.66,847.36,847.39,5189.196
1769752800000,847.4,847.45,836.14,840.23,8851.792
1769756400000,840.23,848.45,840.23,847.55,7863.779
1769760000000,847.56,848.05,840.25,841.94,6984.896
1769763600000,841.95,843.5,833.08,834.56,10749.656
1769767200000,834.56,839.0,833.32,838.95,5711.049
1769770800000,838.94,845.0,837.0,842.79,8062.028
1769774400000,842.79,843.36,836.45,838.01,8130.926
1769778000000,838.01,852.09,837.73,845.34,26285.171
1769781600000,845.33,855.87,845.33,850.57,9659.103
1769785200000,850.58,855.56,845.15,850.11,12439.257
1769788800000,850.1,854.34,848.0,850.85,8934.981
1769792400000,850.85,853.0,847.5,848.61,8161.14
1769796000000,848.61,852.16,831.83,850.34,24301.109
1769799600000,850.35,855.9,850.34,854.24,8398.682
1769803200000,854.24,862.09,846.38,859.54,18545.674
1769806800000,859.55,860.04,853.59,858.96,6161.766
1769810400000,858.96,860.3,856.92,860.06,2933.349
1769814000000,860.07,861.58,856.4,858.81,4600.453
1769817600000,858.81,860.85,856.47,856.68,4093.056
1769821200000,856.67,858.84,853.89,854.46,7182.321
1769824800000,854.47,855.48,851.93,854.49,2381.277
1769828400000,854.5,856.38,852.68,853.22,2476.95
1769832000000,853.22,854.6,851.23,851.76,2231.892
1769835600000,851.77,853.46,850.39,851.18,4694.772
1769839200000,851.18,852.38,849.0,851.23,3725.891
1769842800000,851.23,851.44,845.89,847.75,8453.551
1769846400000,847.75,847.75,833.0,836.19,17901.617
1769850000000,836.19,841.5,835.8,839.03,4203.813
1769853600000,839.04,840.48,836.78,838.97,2859.083
1769857200000,838.98,838.98,835.78,836.85,6190.979
1769860800000,836.85,837.65,833.05,833.72,6063.306
1769864400000,833.72,834.3,828.75,830.14,9464.508
1769868000000,830.15,831.92,805.0,812.18,65897.476
1769871600000,812.18,816.8,801.66,803.1,21793.15
1769875200000,803.1,810.21,790.11,793.23,46178.529
1769878800000,793.24,796.0,774.0,781.35,56493.899
1769882400000,781.35,783.89,750.0,772.35,73859.463
1769886000000,772.35,781.31,767.64,771.0,19300.587
1769889600000,771.05,775.84,766.14,770.64,10807.451
1769893200000,770.63,777.64,766.6,776.19,13224.468
1769896800000,776.2,778.3,771.94,774.36,6069.014
1769900400000,774.36,785.94,773.31,781.38,11759.098
1769904000000,781.39,786.6,779.68,785.29,8194.051
1769907600000,785.29,785.83,779.22,784.99,6446.933
1769911200000,785.0,789.72,783.86,786.99,8327.181
1769914800000,787.0,787.34,779.8,783.63,10472.66
1769918400000,783.64,785.0,781.71,781.93,6714.696
1769922000000,781.94,784.0,779.08,780.6,7118.609
1769925600000,780.61,783.28,777.37,777.39,4603.089
1769929200000,777.39,782.56,773.84,778.01,7818.758
1769932800000,778.0,782.79,775.07,779.0,5806.146
1769936400000,779.01,782.48,777.0,781.64,3293.927
1769940000000,781.64,782.48,769.44,769.85,8627.559
1769943600000,769.85,775.61,768.29,774.07,6203.767
1769947200000,774.07,774.19,766.92,769.3,6901.547
1769950800000,769.3,773.64,763.71,765.6,8497.207
1769954400000,765.6,767.4,746.0,762.84,42155.31
1769958000000,762.85,763.0,742.7,749.98,31443.308
1769961600000,749.98,757.16,745.83,753.48,17624.949
1769965200000,753.48,756.42,749.49,756.13,7680.466
1769968800000,756.13,766.8,756.09,763.25,8539.861
1769972400000,763.26,764.44,753.94,757.15,4767.721
1769976000000,757.14,763.7,751.81,757.64,6527.879
1769979600000,757.64,758.45,750.53,753.68,5669.298
1769983200000,753.67,765.51,753.67,761.81,5670.996
1769986800000,761.8,766.39,739.63,758.54,30019.602
1769990400000,758.54,770.61,753.81,764.19,11146.96
1769994000000,764.18,769.35,753.6,765.13,9595.908
1769997600000,765.13,766.9,757.45,758.52,7273.421
1770001200000,758.53,759.04,728.44,751.57,51210.002
1770004800000,751.58,760.39,743.49,751.38,18095.14
1770008400000,751.38,753.19,735.55,738.09,25463.794
1770012000000,738.09,754.77,728.88,747.95,42985.755
1770015600000,747.96,756.94,747.0,752.5,16362.91
1770019200000,752.58,760.33,752.57,758.4,6266.631
1770022800000,758.41,767.35,755.32,764.03,11185.822
1770026400000,764.03,765.47,759.52,760.16,8009.204
1770030000000,760.17,766.19,760.17,762.36,6824.228
1770033600000,762.37,769.57,762.37,766.46,7078.144
1770037200000,766.46,769.44,763.71,767.74,6176.408
1770040800000,767.74,775.31,761.86,769.4,21156.879
1770044400000,769.41,781.09,767.46,777.86,13939.651
1770048000000,777.87,781.58,774.52,775.31,8539.288
1770051600000,775.32,778.3,772.53,774.93,7236.997
1770055200000,774.93,777.75,772.22,774.7,6648.634
1770058800000,774.7,776.09,769.72,770.39,3648.925
1770062400000,770.38,773.75,767.6,769.66,6912.912
1770066000000,769.67,774.6,769.52,773.91,4442.201
1770069600000,773.9,776.0,773.5,775.95,3745.858
1770073200000,775.95,776.95,773.64,773.94,2717.812
1770076800000,773.94,774.69,769.9,774.56,4257.449
1770080400000,774.56,775.25,770.33,773.92,2411.773
1770084000000,773.92,774.0,763.7,764.24,6380.677
1770087600000,764.24,773.32,762.7,772.3,6560.819
1770091200000,772.3,779.01,770.98,777.77,5191.56
1770094800000,777.77,778.53,773.61,774.05,3321.565
1770098400000,774.06,779.08,771.12,777.98,6246.236
1770102000000,777.98,783.57,777.02,782.08,7854.183
1770105600000,782.09,782.7,777.88,779.65,6846.381
1770109200000,779.66,780.71,769.48,772.08,10959.776
1770112800000,772.08,773.63,765.97,767.84,6050.47
1770116400000,767.84,770.86,767.3,768.87,4922.683
1770120000000,768.87,775.71,767.99,774.45,5255.172
1770123600000,774.45,776.54,773.08,775.24,4524.974
1770127200000,775.24,776.4,765.32,765.45,8153.871
1770130800000,765.44,778.22,764.29,776.75,14475.821
1770134400000,776.75,776.76,763.3,763.69,13280.68
1770138000000,763.69,764.75,750.57,750.86,20804.838
1770141600000,750.86,753.13,736.19,736.69,40218.037
1770145200000,736.69,759.81,736.08,757.88,21329.952
1770148800000,757.87,775.41,752.28,771.49,21876.788
1770152400000,771.49,775.17,764.0,764.51,8302.697
1770156000000,764.52,765.02,755.01,757.05,7839.633
1770159600000,757.04,759.74,752.3,754.78,6882.788
1770163200000,754.78,757.39,751.61,753.92,6156.12
1770166800000,753.92,762.69,753.92,759.56,4485.343
1770170400000,759.57,761.2,751.95,754.87,4823.937
1770174000000,754.87,764.31,754.28,761.71,6247.922
1770177600000,761.7,763.1,758.07,758.54,5102.435
1770181200000,758.55,759.16,754.21,756.0,4937.955
1770184800000,756.0,763.76,755.6,762.44,3655.143
1770188400000,762.45,765.33,759.82,764.19,5351.531
1770192000000,764.19,764.36,758.5,762.22,4079.831
1770195600000,762.21,762.27,755.15,755.69,6183.823
1770199200000,755.69,757.0,754.85,756.01,4004.882
1770202800000,756.02,756.11,747.37,750.34,17833.523
1770206400000,750.35,752.38,747.96,752.03,7725.375
1770210000000,752.02,752.42,740.48,740.48,12489.083
1770213600000,740.48,747.75,733.7,735.8,26481.904
1770217200000,735.81,740.23,727.5,733.9,47446.537
1770220800000,733.91,736.7,726.44,729.31,31050.122
1770224400000,729.3,732.04,715.0,715.75,48317.626
1770228000000,715.75,723.03,707.0,711.08,60451.629
1770231600000,711.08,719.43,709.29,717.95,18653.726
1770235200000,717.95,718.75,711.7,712.72,7378.773
1770238800000,712.72,714.28,700.01,702.12,21873.829
1770242400000,702.11,703.35,687.3,691.24,47360.451
1770246000000,691.24,702.43,690.09,697.27,22380.667
1770249600000,697.27,700.0,694.32,695.91,9558.618
1770253200000,695.91,703.0,691.01,698.52,20789.537
1770256800000,698.53,702.45,692.65,694.64,24849.943
1770260400000,694.64,699.39,692.33,694.19,14745.403
1770264000000,694.19,697.34,690.01,692.8,21654.961
1770267600000,692.8,699.15,686.0,692.49,26726.025
1770271200000,692.5,694.07,688.47,691.74,16252.662
1770274800000,691.74,700.24,690.4,691.49,21648.048
1770278400000,691.5,697.38,690.84,691.57,8321.656
1770282000000,691.58,700.37,691.58,697.87,8188.723
1770285600000,697.88,699.52,689.13,691.43,7817.583
1770289200000,691.43,691.67,674.71,683.49,46852.429
1770292800000,683.49,688.05,672.7,676.96,25878.867
1770296400000,676.97,679.42,669.39,674.51,17382.587
1770300000000,674.52,688.53,674.03,676.18,19086.546
1770303600000,676.19,678.03,646.66,658.56,89978.009
1770307200000,658.56,673.96,656.01,669.91,31427.565
1770310800000,669.92,671.36,652.15,654.74,21514.057
1770314400000,654.75,658.46,631.09,653.68,61513.385
1770318000000,653.68,654.62,638.11,641.19,16224.117
1770321600000,641.28,645.15,611.35,617.21,123296.082
1770325200000,617.22,631.48,606.01,610.83,103743.591
1770328800000,610.83,624.39,602.17,617.03,39855.094
1770332400000,617.04,628.1,604.52,608.3,21873.182
1770336000000,608.3,620.59,570.06,614.51,162002.892
1770339600000,614.52,630.0,613.43,629.91,31447.594
1770343200000,629.92,634.0,618.99,622.53,24518.232
1770346800000,622.53,625.33,611.57,615.11,21821.952
1770350400000,615.1,624.66,613.1,620.43,21023.431
1770354000000,620.43,642.49,619.77,639.38,30848.787
1770357600000,639.39,642.04,625.93,626.48,19672.786
1770361200000,626.48,629.1,620.75,623.05,15986.649
1770364800000,623.06,625.79,617.0,619.61,17712.808
1770368400000,619.61,631.49,617.15,629.46,19816.67
1770372000000,629.47,636.12,627.24,633.58,10138.35
1770375600000,633.58,638.48,632.13,636.17,9425.777
1770379200000,636.16,637.13,632.45,636.73,6093.875
1770382800000,636.73,647.76,636.09,643.75,15941.573
1770386400000,643.75,654.76,638.01,650.45,29410.48
1770390000000,650.45,654.54,644.33,651.2,21472.741
1770393600000,651.19,663.0,649.06,659.46,27586.566
1770397200000,659.46,669.65,657.11,661.95,33213.151
1770400800000,661.95,662.6,648.94,654.02,19489.641
1770404400000,654.02,660.22,652.33,658.82,11278.361
1770408000000,658.83,665.47,655.82,657.14,13296.008
1770411600000,657.15,664.64,654.87,662.35,12815.617
1770415200000,662.35,667.41,660.44,665.53,9306.0
1770418800000,665.53,668.57,657.11,657.21,9002.652
1770422400000,657.21,657.23,651.71,653.1,11003.834
1770426000000,653.1,658.06,650.18,657.7,6834.197
1770429600000,657.71,658.04,654.49,656.94,4480.042
1770433200000,656.94,661.87,656.53,659.14,7170.41
1770436800000,659.14,663.88,654.23,656.76,8298.539
1770440400000,656.76,659.19,652.96,654.38,9025.351
1770444000000,654.39,656.16,643.02,643.21,10547.191
1770447600000,643.22,645.28,632.11,638.48,24858.974
1770451200000,638.49,641.56,636.17,640.14,7390.479
1770454800000,640.14,641.19,634.53,636.23,5051.207
1770458400000,636.24,637.25,630.83,634.33,5305.399
1770462000000,634.33,636.52,633.54,635.7,3665.831
1770465600000,635.71,646.9,635.09,639.08,12830.007
1770469200000,639.08,640.63,635.72,638.42,4684.19
1770472800000,638.42,639.99,633.82,634.5,5905.357
1770476400000,634.51,644.14,633.64,642.29,6341.686
1770480000000,642.28,650.0,639.11,643.29,59227.277
1770483600000,643.29,648.66,640.07,647.49,3824.275
1770487200000,647.49,655.51,646.28,652.34,6587.962
1770490800000,652.34,653.42,649.56,650.22,4319.836
1770494400000,650.21,654.0,649.25,653.16,2891.883
1770498000000,653.2,653.9,649.2,650.08,2447.199
1770501600000,650.08,651.88,647.82,648.97,1928.545
1770505200000,648.97,649.13,644.08,647.0,2900.93
1770508800000,647.01,648.66,645.78,647.28,2877.771
1770512400000,647.28,650.73,647.05,649.56,2405.048
1770516000000,649.56,651.3,645.16,646.85,3705.451
1770519600000,646.85,647.51,642.53,642.77,3027.548
1770523200000,642.77,643.85,640.18,643.85,3058.591
1770526800000,643.84,644.8,641.9,642.96,1641.556
1770530400000,642.97,644.18,640.36,640.58,3332.683
1770534000000,640.58,643.41,639.11,643.22,5563.029
1770537600000,643.22,650.84,640.82,650.08,6342.14
1770541200000,650.09,650.72,640.57,641.73,11904.829
1770544800000,641.74,645.11,637.61,639.62,6206.434
1770548400000,639.62,646.27,639.25,645.67,5674.426
1770552000000,645.67,646.12,642.48,645.25,6495.359
1770555600000,645.18,646.54,641.57,644.98,7317.572
1770559200000,644.99,647.17,643.37,646.95,6853.196
1770562800000,646.94,648.34,641.04,643.85,5909.888
1770566400000,643.85,645.46,632.3,634.94,7179.118
1770570000000,634.85,639.92,634.79,639.15,5484.828
1770573600000,639.15,649.99,638.95,646.54,6134.385
1770577200000,646.54,649.5,645.65,648.58,2638.43
1770580800000,648.58,648.76,643.21,643.82,2072.764
1770584400000,643.82,646.49,640.23,641.74,1996.372
1770588000000,641.74,644.71,641.62,643.98,2217.8
1770591600000,643.97,653.0,636.27,639.93,14132.874
1770595200000,639.93,643.2,635.87,639.95,5146.635
1770598800000,639.94,643.44,633.81,636.89,6000.325
1770602400000,636.89,643.78,635.61,640.3,5561.634
1770606000000,640.31,646.15,640.31,645.03,4958.283
1770609600000,645.02,645.36,641.59,642.46,2867.616
1770613200000,642.46,642.46,640.32,641.76,2000.35
1770616800000,641.77,641.77,633.93,636.0,5840.601
1770620400000,636.0,637.48,631.16,632.05,8471.906
1770624000000,632.05,633.62,622.29,625.94,12916.953
1770627600000,625.94,628.45,623.91,625.22,7109.577
1770631200000,625.22,626.66,616.01,618.48,10426.079
1770634800000,618.48,623.09,618.47,621.83,8507.069
1770638400000,621.84,627.8,621.72,626.98,4710.89
1770642000000,626.98,631.25,625.2,625.34,6342.803
1770645600000,625.34,631.7,622.0,628.18,10919.931
1770649200000,628.14,632.5,625.01,631.08,9166.664
1770652800000,630.98,638.5,627.18,635.58,8934.254
1770656400000,635.59,642.78,632.06,640.3,7893.203
1770660000000,640.3,643.47,636.31,640.35,4216.097
1770663600000,640.35,642.97,639.11,642.48,3429.481
1770667200000,642.48,644.07,638.21,640.92,4094.886
1770670800000,640.92,641.28,633.44,638.34,4764.164
1770674400000,638.34,640.29,637.16,637.94,2596.418
1770678000000,637.95,639.96,635.87,636.39,1875.422
1770681600000,636.38,638.3,635.68,636.49,2521.442
1770685200000,636.49,642.0,636.36,640.85,3856.601
1770688800000,640.85,641.0,637.28,638.23,2270.46
1770692400000,638.24,638.84,630.01,633.21,6404.342
1770696000000,633.2,638.0,632.93,637.64,3424.698
1770699600000,637.64,639.51,635.57,637.62,3773.65
1770703200000,637.61,638.05,628.4,629.77,9134.74
1770706800000,629.77,633.75,629.49,631.75,4979.652
1770710400000,631.74,634.05,629.16,633.55,6281.747
1770714000000,633.56,635.38,628.02,629.95,19180.137
1770717600000,629.95,630.3,626.61,627.14,5224.056
1770721200000,627.14,630.46,625.05,626.46,6903.145
1770724800000,626.47,628.99,624.66,624.81,9116.154
1770728400000,624.82,627.41,623.0,624.95,9959.68
1770732000000,624.95,627.19,613.8,617.48,22467.89
1770735600000,617.49,622.58,615.33,619.4,11372.394
1770739200000,619.39,623.49,616.81,621.22,4877.888
1770742800000,621.23,625.58,619.14,623.75,4440.802
1770746400000,623.75,624.24,613.98,615.85,4693.13
1770750000000,615.84,619.28,614.12,617.29,4204.144
1770753600000,617.28,618.95,615.5,617.92,1820.663
1770757200000,617.93,619.47,614.43,616.06,2669.385
1770760800000,616.06,619.87,616.06,619.23,1971.902
1770764400000,619.23,620.47,617.89,619.85,2000.568
1770768000000,619.85,623.35,619.49,622.75,2781.676
1770771600000,622.74,623.23,620.23,620.73,2050.996
1770775200000,620.73,624.14,620.01,620.03,2329.447
1770778800000,620.04,620.63,615.34,617.49,3947.836
1770782400000,617.49,618.69,609.37,610.68,11236.124
1770786000000,610.69,612.79,607.49,608.3,5739.735
1770789600000,608.31,608.92,597.61,599.32,23925.581
1770793200000,599.33,603.07,598.75,600.77,6921.336
1770796800000,600.76,602.15,594.09,595.88,20658.658
1770800400000,595.88,599.1,592.56,593.58,7514.604
1770804000000,593.58,593.82,587.14,587.77,28689.835
1770807600000,587.78,593.42,587.54,592.82,5977.921
1770811200000,592.82,594.39,591.09,591.77,6687.502
1770814800000,591.77,598.59,590.08,597.91,14802.776
1770818400000,597.92,611.85,596.14,597.48,24121.721
1770822000000,597.49,600.08,588.87,593.79,20005.488
1770825600000,593.75,602.76,592.89,593.86,10758.541
1770829200000,593.87,606.08,592.22,603.33,9530.595
1770832800000,603.32,610.46,599.68,610.05,6137.284
1770836400000,610.06,613.45,609.2,610.47,4859.686
1770840000000,610.46,611.33,606.36,609.9,4027.764
1770843600000,609.91,617.9,609.13,613.73,6389.728
1770847200000,613.74,613.8,608.46,608.97,3337.027
1770850800000,608.98,610.26,604.51,608.11,3919.678
1770854400000,608.11,612.85,608.11,611.48,5687.273
1770858000000,611.48,614.16,611.28,611.68,3311.584
1770861600000,611.69,616.07,610.78,613.01,4370.168
1770865200000,613.01,617.3,612.49,616.6,3079.518
1770868800000,616.61,618.25,613.49,613.58,6066.469
1770872400000,613.57,615.85,611.21,615.66,3782.953
1770876000000,615.65,618.08,615.0,615.84,2690.613
1770879600000,615.84,617.92,614.25,615.25,9019.134
1770883200000,615.25,616.04,610.85,611.53,3840.484
1770886800000,611.54,617.45,610.53,614.45,9726.729
1770890400000,614.45,619.06,613.64,619.06,5018.293
1770894000000,619.06,620.87,616.35,617.69,4061.323
1770897600000,617.69,618.15,614.16,615.41,2455.402
1770901200000,615.4,618.27,613.44,618.24,5990.044
1770904800000,618.24,618.28,611.0,612.24,5571.415
1770908400000,612.23,614.39,607.72,609.2,9255.732
1770912000000,609.21,610.15,600.6,604.23,12592.77
1770915600000,604.24,609.02,603.14,603.45,5653.198
1770919200000,603.45,607.73,602.03,606.95,3433.773
1770922800000,606.95,612.32,604.99,608.13,3615.284
1770926400000,608.17,609.83,604.0,604.95,2450.507
1770930000000,604.94,608.26,604.82,607.34,2396.26
1770933600000,607.36,612.55,605.95,612.24,2910.189
1770937200000,612.24,616.0,611.62,614.29,4319.342
1770940800000,614.29,616.64,609.8,611.0,4341.642
1770944400000,610.99,616.37,610.84,615.5,3433.389
1770948000000,615.5,616.3,609.0,610.18,22011.486
1770951600000,610.18,612.0,607.5,608.85,8110.514
1770955200000,608.86,609.5,605.71,605.9,5840.706
1770958800000,605.9,606.17,598.46,598.87,8776.701
1770962400000,598.87,598.92,592.49,597.83,11512.603
1770966000000,597.84,601.12,596.16,598.11,8394.021
1770969600000,598.12,604.36,597.68,602.39,5881.864
1770973200000,602.39,603.3,599.48,602.15,4605.377
1770976800000,602.16,602.81,599.28,601.37,5284.79
1770980400000,601.36,601.67,598.24,601.58,4562.536
1770984000000,601.58,601.64,596.84,599.06,6504.047
1770987600000,599.06,603.1,596.51,598.65,10840.91
1770991200000,598.65,605.36,595.38,602.62,21415.837
1770994800000,602.63,615.38,600.7,610.33,27337.861
1770998400000,610.33,619.39,609.04,615.98,17576.096
1771002000000,615.98,618.72,613.41,615.99,7441.868
1771005600000,615.98,618.8,614.01,617.65,7209.494
1771009200000,617.66,621.29,617.07,618.14,6147.007
1771012800000,618.14,618.88,615.65,618.34,3218.529
1771016400000,618.33,622.81,618.09,621.15,5012.609
1771020000000,621.14,621.39,617.88,620.1,3132.968
1771023600000,620.09,620.88,618.28,618.94,2826.959
1771027200000,618.93,623.77,618.45,623.18,4889.616
1771030800000,623.18,625.63,622.82,624.07,6375.902
1771034400000,624.06,624.06,620.36,620.92,3622.523
1771038000000,620.91,621.57,616.72,617.5,6921.136
1771041600000,617.5,617.68,616.01,617.17,2947.755
1771045200000,617.17,618.45,615.7,616.57,2503.698
1771048800000,616.57,619.36,615.97,619.35,2725.714
1771052400000,619.36,622.39,618.9,622.35,4646.304
1771056000000,622.35,627.7,622.01,627.08,10017.079
1771059600000,627.08,629.33,626.18,628.96,5362.02
1771063200000,628.96,628.99,626.32,627.45,4411.346
1771066800000,627.45,633.79,627.28,633.37,8451.2
1771070400000,633.37,634.2,626.86,627.6,6803.523
1771074000000,627.6,630.62,626.76,629.98,5560.33
1771077600000,629.98,637.24,629.4,635.85,6252.04
1771081200000,635.86,636.74,633.5,634.73,5800.04
1771084800000,634.74,634.74,629.19,633.28,7699.894
1771088400000,633.28,634.48,631.21,632.03,2753.57
1771092000000,632.03,632.9,631.05,631.77,2039.356
1771095600000,631.78,633.31,629.97,632.84,2384.362
1771099200000,632.84,633.93,630.42,632.42,2401.469
1771102800000,632.42,634.61,628.58,631.12,3881.534
1771106400000,631.11,633.69,630.8,632.4,2141.319
1771110000000,632.39,634.48,631.4,632.77,3254.194
1771113600000,632.77,633.49,629.76,631.89,4421.747
1771117200000,631.88,633.97,629.0,632.82,3935.785
1771120800000,632.82,633.93,627.0,630.46,7827.319
1771124400000,630.45,633.8,627.13,633.4,5956.709
1771128000000,633.39,639.18,633.39,635.62,6681.442
1771131600000,635.64,638.5,635.4,636.44,3433.18
1771135200000,636.45,638.41,634.8,636.44,3765.524
1771138800000,636.44,642.49,635.78,639.86,5814.263
1771142400000,639.86,641.28,628.22,631.6,7498.188
1771146000000,631.6,633.57,629.65,630.66,4566.406
1771149600000,630.67,630.91,626.21,629.81,5111.479
1771153200000,629.81,631.11,628.79,629.26,2598.958
1771156800000,629.27,630.06,619.33,619.38,10577.918
1771160400000,619.38,624.29,615.71,617.57,10872.572
1771164000000,617.57,622.04,617.07,621.02,5291.427
1771167600000,621.02,623.4,619.58,621.52,3712.822
1771171200000,621.53,621.54,617.68,619.84,4007.884
1771174800000,619.84,620.78,610.17,613.91,12321.247
1771178400000,613.91,615.31,610.78,611.53,5711.403
1771182000000,611.52,613.46,608.82,611.79,8368.369
1771185600000,611.79,614.47,609.86,613.74,3061.673
1771189200000,613.74,617.44,613.5,615.82,2270.792
1771192800000,615.82,617.04,614.41,616.57,1871.329
1771196400000,616.57,616.67,611.66,615.16,2748.155
1771200000000,615.17,616.89,613.8,616.23,2500.319
1771203600000,616.23,618.37,612.68,614.94,2000.644
1771207200000,614.94,616.48,611.69,612.35,2148.484
1771210800000,612.35,613.57,611.38,613.46,1614.707
1771214400000,613.46,618.22,613.44,618.21,2163.966
1771218000000,618.22,618.75,610.7,612.42,3367.206
1771221600000,612.42,614.0,610.4,612.81,2521.827
1771225200000,612.81,615.06,611.52,613.39,2828.581
1771228800000,613.39,615.09,612.6,614.78,2534.282
1771232400000,614.78,619.87,614.77,618.57,4862.934
1771236000000,618.57,619.37,616.73,618.76,2628.045
1771239600000,618.76,620.0,613.53,618.75,3456.643
1771243200000,618.74,629.16,618.74,628.12,9841.4
1771246800000,628.13,631.24,614.61,616.21,12361.898
1771250400000,616.2,618.22,612.43,613.75,8134.337
1771254000000,613.75,616.51,604.49,607.51,14806.426
1771257600000,607.51,613.22,607.23,613.05,7178.981
1771261200000,613.05,617.14,612.08,615.64,4104.041
1771264800000,615.64,618.31,614.24,614.59,2748.392
1771268400000,614.59,617.91,614.24,616.73,1771.578
1771272000000,616.74,622.53,616.04,622.35,2991.89
1771275600000,622.34,626.48,621.3,626.43,3372.147
1771279200000,626.42,628.2,625.12,626.21,3792.989
1771282800000,626.2,628.09,625.3,627.19,1929.166
1771286400000,627.19,628.4,625.92,626.63,1873.56
1771290000000,626.63,628.39,624.24,624.57,1708.497
1771293600000,624.57,631.86,621.25,629.07,12890.326
1771297200000,629.06,629.53,626.17,626.99,3240.882
1771300800000,627.0,628.28,625.0,626.24,2350.112
1771304400000,626.25,627.27,620.3,623.02,3290.92
1771308000000,623.01,625.08,623.01,624.82,1432.055
1771311600000,624.82,624.82,622.02,622.74,4078.389
1771315200000,622.74,623.89,619.51,619.95,2517.551
1771318800000,619.94,620.67,618.05,619.5,2130.945
1771322400000,619.5,620.0,615.17,616.54,3162.503
1771326000000,616.54,618.57,615.85,618.34,1701.732
1771329600000,618.33,621.65,617.99,619.43,2061.538
1771333200000,619.43,625.34,618.36,623.87,4397.713
1771336800000,623.87,626.08,609.73,611.93,12214.177
1771340400000,611.92,615.33,609.3,615.24,9877.196
1771344000000,615.25,622.34,614.32,618.29,7322.309
1771347600000,618.29,619.66,612.12,614.94,3373.772
1771351200000,614.94,623.98,614.3,622.17,3660.176
1771354800000,622.18,624.28,619.53,620.1,2852.099
1771358400000,620.1,620.82,616.74,618.62,1673.645
1771362000000,618.62,620.41,616.59,618.79,1580.395
1771365600000,618.78,619.68,617.71,617.91,967.713
1771369200000,617.9,618.29,616.06,617.74,1575.879
1771372800000,617.76,619.24,616.32,616.48,1706.601
1771376400000,616.49,616.62,613.33,614.75,2517.953
1771380000000,614.76,617.91,614.56,617.13,1198.966
1771383600000,617.13,619.67,616.68,618.86,1686.732
1771387200000,618.86,619.04,616.56,617.38,1581.014
1771390800000,617.39,618.12,615.93,616.09,1606.236
1771394400000,616.08,618.27,616.07,616.55,1527.167
1771398000000,616.55,621.42,614.8,620.91,3059.427
1771401600000,620.9,626.57,620.11,623.35,6531.87
1771405200000,623.35,624.3,622.63,622.87,2411.151
1771408800000,622.88,623.86,618.7,619.1,2152.214
1771412400000,619.11,619.48,613.56,614.18,4223.623
1771416000000,614.18,616.77,613.77,615.84,3076.545
1771419600000,615.85,616.98,608.75,610.97,6048.109
1771423200000,610.97,612.8,607.97,612.29,8016.446
1771426800000,612.28,623.17,612.06,618.25,10187.601
1771430400000,618.25,618.56,613.6,616.55,5824.176
1771434000000,616.55,620.59,616.14,616.48,2995.72
1771437600000,616.48,617.16,609.21,610.76,4794.914
1771441200000,610.76,612.27,601.3,603.23,11904.091
1771444800000,603.23,606.51,602.86,603.65,4540.571
1771448400000,603.65,606.07,602.0,604.27,3395.717
1771452000000,604.27,605.74,602.47,604.79,4107.809
1771455600000,604.79,605.5,603.66,604.8,2161.357
1771459200000,604.8,605.59,602.84,602.85,3430.94
1771462800000,602.84,606.99,602.84,606.94,3529.913
1771466400000,606.95,607.43,604.06,606.2,5327.328
1771470000000,606.21,608.15,604.77,607.86,2100.698
1771473600000,607.87,610.56,607.55,609.0,5633.39
1771477200000,608.99,609.87,606.66,608.51,3969.53
1771480800000,608.51,614.8,608.35,613.48,4325.787
1771484400000,613.48,614.0,610.33,610.78,2818.444
1771488000000,610.78,610.9,605.55,606.68,5654.871
1771491600000,606.68,608.86,604.83,606.51,6148.183
1771495200000,606.51,607.99,605.53,606.22,4212.322
1771498800000,606.22,607.11,603.9,604.24,4568.625
1771502400000,604.24,606.49,603.45,605.66,2758.592
1771506000000,605.67,606.21,596.0,598.54,11842.41
1771509600000,598.53,604.15,597.65,602.17,9347.525
1771513200000,602.19,604.9,597.72,600.39,6660.021
1771516800000,600.4,601.84,596.07,600.01,6377.717
1771520400000,600.01,604.93,597.28,599.12,4390.307
1771524000000,599.11,606.8,598.65,605.86,4003.023
1771527600000,605.87,606.95,601.95,604.58,3245.746
1771531200000,604.58,607.91,603.02,607.29,3274.169
1771534800000,607.27,609.24,606.71,607.9,2633.409
1771538400000,607.9,607.95,605.08,606.6,1856.088
1771542000000,606.59,608.02,605.81,607.83,1245.325
1771545600000,607.82,610.53,607.12,608.38,3840.968
1771549200000,608.38,608.8,606.58,607.5,6130.198
1771552800000,607.52,608.38,606.16,606.73,2983.738
1771556400000,606.72,608.66,606.23,607.89,2932.94
1771560000000,607.89,609.34,605.29,608.65,5344.349
1771563600000,608.65,613.94,608.2,611.93,3432.807
1771567200000,611.93,612.75,610.23,612.08,4310.985
1771570800000,612.08,612.71,610.95,612.1,3884.677
1771574400000,612.1,613.5,610.91,611.85,4364.524
1771578000000,611.84,614.39,611.77,613.31,9273.589
1771581600000,613.31,615.24,611.75,612.21,6484.214
1771585200000,612.21,612.21,606.87,608.53,10159.663
1771588800000,608.53,610.44,607.45,609.56,4963.74
1771592400000,609.55,609.56,601.23,604.38,14902.362
1771596000000,604.39,610.98,603.87,609.36,8219.6
1771599600000,609.37,618.3,609.04,616.83,16439.328
1771603200000,616.83,620.78,616.53,620.0,8983.909
1771606800000,620.01,623.71,616.08,623.41,10920.473
1771610400000,623.42,627.5,621.9,627.23,12152.925
1771614000000,627.23,628.26,624.73,626.14,5220.796
1771617600000,626.13,629.0,625.52,628.84,6318.902
1771621200000,628.83,629.74,626.76,627.0,3330.066
1771624800000,627.0,627.6,624.9,627.1,2641.456
1771628400000,627.09,627.7,624.92,625.91,2354.597
1771632000000,625.9,628.23,624.0,624.65,2616.979
1771635600000,624.66,628.21,624.66,627.93,5367.063
1771639200000,627.93,628.67,627.06,627.64,2984.003
1771642800000,627.64,627.67,624.67,625.25,2129.582
1771646400000,625.25,627.28,624.93,627.19,1580.439
1771650000000,627.2,628.0,626.79,627.2,1811.816
1771653600000,627.2,627.51,625.27,625.8,2270.353
1771657200000,625.81,627.91,625.22,625.88,4128.413
1771660800000,625.87,628.2,625.72,627.78,3050.324
1771664400000,627.78,630.61,627.64,628.65,4846.864
1771668000000,628.65,630.16,628.62,629.82,1504.158
1771671600000,629.82,631.63,629.6,630.18,2395.111
1771675200000,630.18,630.87,628.76,630.62,4032.103
1771678800000,630.62,633.8,630.21,633.52,5885.663
1771682400000,633.53,634.8,632.11,632.75,5061.09
1771686000000,632.74,633.27,627.51,627.66,11396.799
1771689600000,627.65,628.27,624.02,625.87,7118.045
1771693200000,625.87,628.23,625.3,627.55,1658.684
1771696800000,627.55,629.51,627.06,628.58,2180.904
1771700400000,628.59,628.59,626.61,626.9,1523.633
1771704000000,626.91,627.62,624.83,625.07,2123.996
1771707600000,625.07,626.71,624.25,626.71,1351.116
1771711200000,626.71,627.26,625.3,625.83,1751.867
1771714800000,625.83,626.52,624.6,625.61,2887.56
1771718400000,625.61,625.9,622.85,624.33,2994.928
1771722000000,624.33,626.71,624.32,626.37,1717.887
1771725600000,626.38,626.87,623.35,623.61,1871.085
1771729200000,623.61,624.25,620.54,621.36,3283.427
1771732800000,621.36,622.26,620.59,621.03,2427.823
1771736400000,621.03,621.25,618.72,619.51,2434.562
1771740000000,619.52,622.06,619.45,621.88,1583.058
1771743600000,621.88,623.59,621.3,622.46,3738.021
1771747200000,622.47,623.01,621.15,621.8,1384.794
1771750800000,621.8,624.15,621.53,623.82,1024.235
1771754400000,623.83,624.79,623.38,623.55,1531.388
1771758000000,623.54,624.8,623.32,624.55,1718.257
1771761600000,624.55,624.62,620.48,620.82,2859.392
1771765200000,620.83,622.07,618.04,619.49,4335.542
1771768800000,619.49,620.0,617.01,618.04,3913.83
1771772400000,618.03,618.56,613.39,615.91,13711.981
1771776000000,615.91,616.09,612.32,613.81,4788.872
1771779600000,613.82,613.86,610.02,611.03,4298.195
1771783200000,611.03,612.96,610.71,611.44,2144.609
1771786800000,611.43,612.68,610.5,612.46,1293.45
1771790400000,612.47,612.49,611.0,611.28,951.333
1771794000000,611.29,614.47,611.29,614.02,1197.496
1771797600000,614.03,616.28,613.7,615.71,1988.9
1771801200000,615.71,615.99,613.56,614.8,1375.814
1771804800000,614.8,616.0,606.16,606.22,6464.66
1771808400000,606.22,606.48,583.13,586.32,58517.517
1771812000000,586.32,589.56,584.58,587.25,14959.647
1771815600000,587.26,591.01,586.0,590.03,7954.911
1771819200000,590.04,590.39,585.1,587.31,10207.392
1771822800000,587.32,601.16,587.32,593.76,21651.163
1771826400000,593.75,599.91,593.65,598.75,8382.608
1771830000000,598.75,600.0,596.58,599.31,6483.065
1771833600000,599.31,599.54,596.53,599.37,4230.472
1771837200000,599.37,610.47,599.37,609.2,11451.361
1771840800000,609.21,610.38,606.42,607.43,5578.113
1771844400000,607.43,608.94,606.0,606.49,3372.332
1771848000000,606.49,612.49,604.76,610.66,11738.6
1771851600000,610.67,612.07,608.43,610.18,16338.31
1771855200000,610.19,611.25,606.2,608.58,7939.014
1771858800000,608.61,610.49,604.33,604.64,7655.903
1771862400000,604.64,606.33,601.19,602.32,6760.945
1771866000000,602.33,603.71,591.54,597.4,9903.901
1771869600000,597.41,601.19,595.46,597.58,5083.712
1771873200000,597.58,598.4,591.84,592.18,5418.076
1771876800000,592.18,595.72,590.2,595.3,5070.618
1771880400000,595.3,597.5,594.88,596.13,4362.927
1771884000000,596.14,598.71,595.66,596.84,3324.173
1771887600000,596.84,598.42,595.5,596.41,2213.541
1771891200000,596.4,602.9,596.2,602.45,4211.561
1771894800000,602.46,602.46,589.9,597.89,12804.28
1771898400000,597.89,601.51,597.0,598.31,4689.754
1771902000000,598.31,598.31,591.24,593.33,6424.974
1771905600000,593.34,593.89,589.15,592.19,7489.355
1771909200000,592.2,594.28,588.65,590.75,8423.312
1771912800000,590.76,591.52,586.68,587.19,6071.337
1771916400000,587.19,590.47,586.15,589.79,5938.056
1771920000000,589.78,592.93,588.58,592.27,3633.635
1771923600000,592.26,592.75,586.91,589.22,3937.926
1771927200000,589.22,589.73,587.41,588.82,3306.818
1771930800000,588.82,589.24,585.77,587.01,4420.497
1771934400000,587.01,588.43,585.66,586.09,4371.847
1771938000000,586.09,586.7,580.01,582.72,17556.8
1771941600000,582.72,585.77,577.06,581.94,30097.396
1771945200000,581.94,587.38,580.51,586.1,9022.826
1771948800000,586.09,589.69,583.87,587.86,8149.965
1771952400000,587.86,589.72,585.84,586.59,6388.355
1771956000000,586.59,589.58,584.89,588.12,4685.483
1771959600000,588.13,590.17,586.66,588.73,2801.125
1771963200000,588.73,590.43,587.96,588.47,2643.591
1771966800000,588.48,588.48,583.33,584.59,2507.934
1771970400000,584.59,586.74,584.04,585.62,2023.037
1771974000000,585.61,585.75,582.57,583.6,6685.986
1771977600000,583.61,585.09,581.51,584.36,4334.478
1771981200000,584.36,600.36,583.82,597.53,20463.649
1771984800000,597.53,602.31,597.44,598.21,9446.078
1771988400000,598.21,598.99,593.15,594.07,5928.916
1771992000000,594.07,596.4,591.0,595.44,6798.779
1771995600000,595.44,595.83,589.89,592.48,5627.18
1771999200000,592.47,595.48,592.29,593.61,2991.624
1772002800000,593.61,596.66,593.11,596.09,4687.746
1772006400000,596.1,600.68,595.86,600.31,5662.152
1772010000000,600.31,603.37,600.02,603.08,5232.497
1772013600000,603.09,603.91,600.6,602.8,4350.262
1772017200000,602.8,605.43,601.88,604.99,4709.63
1772020800000,605.0,612.42,604.58,610.98,9242.482
1772024400000,610.98,616.47,610.98,614.18,11626.871
1772028000000,614.18,619.01,613.2,618.69,17317.485
1772031600000,618.69,623.15,616.0,621.38,13779.01
1772035200000,621.39,625.89,620.93,625.52,15376.764
1772038800000,625.53,629.42,625.05,629.04,11361.097
1772042400000,629.05,634.32,626.56,632.67,12466.481
1772046000000,632.67,633.29,628.39,632.21,10288.879
1772049600000,632.21,633.2,629.9,631.7,5502.982
1772053200000,631.7,640.55,629.61,634.94,14210.849
1772056800000,634.94,637.0,628.04,631.89,10454.656
1772060400000,631.89,634.94,624.33,629.42,9784.763
1772064000000,629.42,633.83,627.54,630.08,7746.187
1772067600000,630.09,632.26,627.04,627.54,7020.549
1772071200000,627.53,628.8,625.37,628.01,6278.693
1772074800000,628.01,628.6,626.35,627.87,4216.263
1772078400000,627.88,632.47,627.45,630.52,3661.567
1772082000000,630.53,630.75,626.24,628.52,4271.653
1772085600000,628.52,629.64,625.84,626.61,3877.935
1772089200000,626.61,628.4,625.3,625.6,2825.215
1772092800000,625.61,629.08,625.61,626.24,3136.263
1772096400000,626.24,630.29,625.87,629.45,4593.264
1772100000000,629.46,630.22,625.03,626.02,4728.061
1772103600000,626.01,626.78,622.89,622.96,3918.451
1772107200000,622.97,626.78,622.82,626.6,3104.331
1772110800000,626.6,628.16,625.12,626.48,2461.886
1772114400000,626.47,628.52,621.0,625.43,11323.099
1772118000000,625.43,626.08,618.68,623.2,12962.427
1772121600000,623.2,624.72,614.2,614.73,13715.118
1772125200000,614.73,619.09,614.42,616.69,6114.348
1772128800000,616.69,620.91,614.31,620.05,4916.049
1772132400000,620.05,625.38,619.85,624.56,6380.434
1772136000000,624.57,626.31,621.29,621.99,3136.12
1772139600000,621.99,624.07,620.89,623.58,2136.98
1772143200000,623.57,626.27,623.19,626.14,2178.832
1772146800000,626.14,626.9,624.35,625.74,1971.619
1772150400000,625.74,626.3,623.29,625.22,3296.682
1772154000000,625.22,626.27,622.5,625.75,3329.546
1772157600000,625.76,630.27,625.51,629.63,5379.099
1772161200000,629.63,630.0,627.85,629.17,5447.662
1772164800000,629.17,633.43,628.8,631.71,8980.168
1772168400000,631.72,633.65,629.92,631.73,4575.355
1772172000000,631.72,631.75,628.28,628.7,5157.239
1772175600000,628.7,628.75,624.94,627.06,6762.389
1772179200000,627.06,629.28,626.34,628.35,3736.996
1772182800000,628.35,630.0,624.06,624.33,3704.074
1772186400000,624.32,624.8,616.34,616.74,9261.836
1772190000000,616.73,619.28,613.22,614.85,7713.581
1772193600000,614.86,616.85,613.28,614.62,6320.653
1772197200000,614.62,616.42,609.67,614.24,11350.863
1772200800000,614.24,615.5,610.68,611.65,9082.323
1772204400000,611.64,615.48,610.56,614.4,4821.641
1772208000000,614.41,614.73,610.0,610.0,5814.197
1772211600000,610.01,612.42,606.68,612.28,8714.187
1772215200000,612.28,612.9,609.84,610.17,2522.804
1772218800000,610.16,610.42,607.67,609.8,2937.019
1772222400000,609.8,611.81,609.59,611.09,1393.667
1772226000000,611.09,612.88,609.91,611.13,1522.139
1772229600000,611.13,611.91,605.25,611.82,4111.397
1772233200000,611.82,614.27,611.75,614.03,2232.203
1772236800000,614.03,615.3,612.27,614.49,2157.841
1772240400000,614.49,614.9,612.12,612.5,2720.26
1772244000000,612.51,615.23,612.2,615.08,3700.811
1772247600000,615.08,615.6,613.25,614.94,5028.817
1772251200000,614.95,615.44,610.64,612.53,4074.149
1772254800000,612.53,613.33,610.26,611.18,4235.804
1772258400000,611.17,611.17,590.88,592.66,25777.942
1772262000000,592.66,601.46,590.75,597.5,14668.605
1772265600000,597.49,597.49,590.6,591.42,8822.552
1772269200000,591.42,594.74,589.3,591.62,9017.804
1772272800000,591.63,595.08,588.64,594.46,10167.245
1772276400000,594.45,598.57,594.15,594.56,8556.625
1772280000000,594.57,598.3,594.12,597.0,4390.307
1772283600000,597.0,603.75,595.15,603.2,10683.08
1772287200000,603.2,605.75,599.45,600.55,11647.237
1772290800000,600.55,604.75,598.36,603.99,6968.798
1772294400000,604.0,605.17,602.15,603.75,4837.091
1772298000000,603.74,606.2,600.95,605.75,4293.546
1772301600000,605.74,613.52,604.42,611.88,6266.899
1772305200000,611.87,614.77,608.3,613.2,6150.951
1772308800000,613.2,619.72,611.98,618.15,5715.92
1772312400000,618.15,618.4,613.99,616.19,4504.844
1772316000000,616.19,621.49,615.97,617.92,4880.462
1772319600000,617.91,618.28,615.3,617.14,2837.51
1772323200000,617.14,618.2,615.43,617.96,2774.37
1772326800000,617.97,628.1,614.52,625.07,11847.841
1772330400000,625.08,631.6,624.97,629.81,19103.217
1772334000000,629.82,632.16,627.8,628.53,7201.062
1772337600000,628.54,631.31,625.74,629.74,9872.819
1772341200000,629.74,631.01,627.66,627.75,3656.44
1772344800000,627.76,628.14,623.0,625.11,7928.977
1772348400000,625.12,626.0,623.35,625.35,3730.854
1772352000000,625.36,626.42,619.13,620.15,5648.631
1772355600000,620.15,623.35,618.71,620.02,4572.772
1772359200000,620.02,623.46,618.99,623.14,3682.261
1772362800000,623.15,624.43,622.46,622.81,3017.101
1772366400000,622.8,623.28,620.51,620.52,4858.864
1772370000000,620.52,628.81,619.74,625.92,10447.886
1772373600000,625.93,629.51,625.68,627.84,5804.381
1772377200000,627.84,629.8,626.3,626.6,5382.353
1772380800000,626.6,629.6,619.95,622.96,9282.602
1772384400000,622.97,623.79,617.39,619.51,5303.939
1772388000000,619.51,625.4,619.31,622.99,5120.706
1772391600000,622.99,623.32,618.65,619.77,5845.158
1772395200000,619.77,620.57,611.37,612.53,5898.815
1772398800000,612.52,617.5,611.83,611.93,7318.987
1772402400000,611.93,618.92,610.89,615.32,9893.045
1772406000000,615.31,621.03,614.5,617.96,11767.846
1772409600000,617.96,622.37,614.43,619.89,9949.921
1772413200000,619.89,624.3,618.55,621.68,6035.065
1772416800000,621.69,624.95,617.37,622.19,5709.156
1772420400000,622.2,625.66,620.65,624.41,4348.985
1772424000000,624.42,624.85,622.15,623.25,3293.205
1772427600000,623.26,625.79,621.31,623.55,3344.562
1772431200000,623.55,623.67,616.59,617.25,4726.219
1772434800000,617.26,617.53,613.02,616.67,4619.164
1772438400000,616.67,619.36,612.96,618.57,5130.157
1772442000000,618.57,622.15,617.96,618.92,4076.453
1772445600000,618.91,621.02,617.42,621.01,3186.751
1772449200000,621.01,623.05,618.69,622.13,3601.076
1772452800000,622.14,623.08,619.75,622.01,5083.452
1772456400000,622.0,624.5,619.6,620.3,9646.201
1772460000000,620.3,634.95,618.81,633.97,15223.458
1772463600000,633.96,649.7,633.73,646.25,42019.465
1772467200000,646.25,652.87,645.63,649.13,19442.258
1772470800000,649.13,650.0,640.84,644.44,9528.273
1772474400000,644.44,644.59,638.79,639.78,7303.926
1772478000000,639.78,639.99,635.84,636.48,10702.443
1772481600000,636.48,637.46,632.43,634.72,9285.442
1772485200000,634.72,636.25,632.74,635.67,6464.692
1772488800000,635.67,640.8,635.67,639.84,4199.591
1772492400000,639.85,640.47,636.42,637.79,5661.235
1772496000000,637.79,641.43,636.69,640.68,8570.253
1772499600000,640.67,643.29,635.7,635.73,10068.837
1772503200000,635.73,637.89,633.46,635.71,8705.01
1772506800000,635.71,636.22,634.0,635.63,2562.271
1772510400000,635.63,637.36,634.0,634.34,2983.647
1772514000000,634.34,638.47,628.94,632.18,10566.124
1772517600000,632.19,633.9,630.36,633.33,7419.006
1772521200000,633.33,635.89,632.78,633.32,5870.234
1772524800000,633.32,634.14,622.56,623.9,11024.277
1772528400000,623.9,626.93,621.0,622.58,8541.468
1772532000000,622.58,626.74,621.5,625.65,8128.163
1772535600000,625.66,627.54,624.67,626.53,3676.455
1772539200000,626.52,631.89,626.03,627.52,6446.797
1772542800000,627.52,627.86,623.44,624.56,4774.1
1772546400000,624.56,629.15,621.0,623.64,9284.806
1772550000000,623.64,630.73,622.39,630.57,7224.446
1772553600000,630.56,638.92,628.56,634.56,10143.065
1772557200000,634.61,635.08,629.38,633.85,7142.745
1772560800000,633.85,638.01,631.73,634.52,3021.636
1772564400000,634.54,635.34,631.53,633.04,3634.083
1772568000000,633.04,633.73,630.37,631.66,2716.325
1772571600000,631.66,631.66,628.43,630.07,2169.092
1772575200000,630.06,634.52,630.06,634.0,2043.389
1772578800000,633.99,636.92,632.78,633.56,3474.827
1772582400000,633.57,634.57,629.52,631.87,4499.688
1772586000000,631.89,636.65,630.55,634.04,3360.275
1772589600000,634.04,634.6,630.58,634.11,2822.312
1772593200000,634.12,634.4,626.2,629.3,6660.076
1772596800000,629.29,630.54,627.12,629.99,3370.78
1772600400000,629.99,633.73,628.82,632.58,3711.58
1772604000000,632.57,635.69,631.36,634.93,3618.692
1772607600000,634.94,640.9,634.01,640.01,6537.161
1772611200000,640.01,652.51,638.89,651.25,16468.879
1772614800000,651.25,654.83,649.4,651.75,17628.101
1772618400000,651.75,654.22,650.5,651.27,11980.932
1772622000000,651.27,652.53,647.52,650.51,12640.613
1772625600000,650.51,651.3,645.94,650.65,7778.985
1772629200000,650.65,654.2,650.37,653.44,6314.455
1772632800000,653.44,657.51,648.83,651.89,18114.412
1772636400000,651.9,661.82,651.32,661.17,21324.399
1772640000000,661.17,662.7,655.93,659.52,11452.963
1772643600000,659.52,660.72,655.22,658.34,6589.793
1772647200000,658.34,662.0,656.13,661.55,5040.459
1772650800000,661.56,666.16,661.02,662.66,10967.92
1772654400000,662.66,663.12,660.21,660.6,3031.788
1772658000000,660.61,661.11,658.65,660.12,3319.078
1772661600000,660.13,662.47,657.0,657.26,6091.001
1772665200000,657.26,659.22,656.55,657.99,6595.341
1772668800000,658.0,660.03,656.36,657.85,4925.859
1772672400000,657.85,660.99,652.38,653.1,6154.402
1772676000000,653.11,657.02,652.72,654.03,6295.421
1772679600000,654.03,655.36,652.73,654.31,3412.975
1772683200000,654.31,657.42,653.93,655.39,6662.718
1772686800000,655.39,656.19,652.61,653.25,4536.248
1772690400000,653.26,655.33,650.27,654.4,5617.276
1772694000000,654.4,655.06,648.79,650.39,6374.496
1772697600000,650.4,652.87,649.61,652.69,3983.349
1772701200000,652.69,657.13,652.64,655.9,4962.426
1772704800000,655.9,665.42,655.46,663.95,7818.407
1772708400000,663.95,664.41,658.79,659.15,4923.234
1772712000000,659.15,660.81,655.08,660.01,5653.74
1772715600000,660.0,660.34,653.49,657.29,8262.32
1772719200000,657.29,658.56,652.62,656.68,8026.211
1772722800000,656.69,657.41,648.46,652.94,10959.019
1772726400000,652.95,653.67,646.26,652.61,8606.35
1772730000000,652.61,654.49,646.69,647.45,4453.48
1772733600000,647.44,650.54,646.14,650.12,4656.431
1772737200000,650.13,653.36,647.84,648.54,3721.741
1772740800000,648.54,651.54,647.86,650.82,2017.935
1772744400000,650.8,652.38,646.72,647.59,2163.972
1772748000000,647.58,649.73,646.47,648.59,2108.329
1772751600000,648.59,649.93,647.08,647.85,1741.285
1772755200000,647.85,649.73,646.56,647.67,1873.911
1772758800000,647.67,651.62,645.53,651.05,3716.747
1772762400000,651.05,651.56,649.3,649.98,2478.526
1772766000000,649.98,650.52,648.08,649.7,4705.969
1772769600000,649.7,649.99,641.22,644.15,5158.397
1772773200000,644.15,646.42,642.65,644.89,5723.854
1772776800000,644.89,646.41,643.73,645.15,3104.804
1772780400000,645.15,647.99,643.83,646.89,5246.94
1772784000000,646.88,646.89,644.1,644.49,2837.664
1772787600000,644.49,645.39,639.23,640.88,7235.132
1772791200000,640.87,641.86,639.53,639.83,4370.232
1772794800000,639.82,640.1,637.17,637.45,3354.1
1772798400000,637.45,638.28,634.75,637.58,5404.638
1772802000000,637.59,640.96,633.42,633.62,13367.696
1772805600000,633.62,634.23,624.77,626.54,16402.765
1772809200000,626.54,632.21,625.0,628.02,9159.854
1772812800000,628.02,631.29,626.67,629.2,5100.736
1772816400000,629.2,630.6,625.9,628.27,4142.456
1772820000000,628.27,632.0,628.12,630.75,2270.929
1772823600000,630.75,632.98,630.22,630.71,1290.354
1772827200000,630.71,631.5,627.59,629.18,3345.25
1772830800000,629.19,629.96,627.9,629.74,1433.245
1772834400000,629.74,630.84,629.0,630.06,1162.507
1772838000000,630.06,630.21,626.97,627.31,2145.03
1772841600000,627.31,629.84,626.49,629.14,1502.954
1772845200000,629.13,629.67,628.06,628.5,1260.44
1772848800000,628.51,628.79,626.36,627.66,2721.786
1772852400000,627.66,629.83,626.78,627.13,3357.226
1772856000000,627.13,627.73,624.63,627.29,3641.387
1772859600000,627.3,628.63,626.71,627.48,3179.818
1772863200000,627.48,627.79,626.17,626.49,1642.87
1772866800000,626.49,628.17,625.42,627.87,2022.274
1772870400000,627.87,629.42,627.6,628.24,2561.042
1772874000000,628.24,630.19,627.4,629.86,3023.548
1772877600000,629.86,630.06,626.71,626.86,1882.215
1772881200000,626.86,629.02,626.5,627.78,1796.448
1772884800000,627.79,628.27,626.37,626.84,2348.597
1772888400000,626.84,627.6,626.26,626.71,2365.588
1772892000000,626.71,627.81,623.8,627.5,3945.446
1772895600000,627.49,627.73,624.01,625.22,2438.548
1772899200000,625.22,625.23,622.66,624.29,2780.238
1772902800000,624.29,625.15,623.46,623.6,2267.514
1772906400000,623.61,623.83,620.51,622.61,3348.027
1772910000000,622.61,622.61,618.5,619.84,6393.482
1772913600000,619.84,622.0,619.83,620.96,3297.202
1772917200000,620.96,622.41,620.31,621.24,2158.807
1772920800000,621.24,621.49,617.8,619.95,2215.667
1772924400000,619.95,620.81,619.74,620.26,967.69
1772928000000,620.27,621.97,618.91,619.21,1467.143
1772931600000,619.21,620.38,618.01,619.94,1617.942
1772935200000,619.94,620.0,615.32,616.12,3363.304
1772938800000,616.12,617.77,615.95,617.0,2318.456
1772942400000,617.01,617.84,614.34,615.22,3090.234
1772946000000,615.23,618.92,615.21,618.06,4040.795
1772949600000,618.07,619.51,617.54,619.12,3552.73
1772953200000,619.12,622.33,618.91,619.94,4097.897
1772956800000,619.94,620.16,617.99,619.53,2251.599
1772960400000,619.53,621.78,618.87,620.21,4321.085
1772964000000,620.21,624.27,620.2,623.02,3355.214
1772967600000,623.02,623.02,619.01,620.33,2148.397
1772971200000,620.32,621.21,616.08,619.39,4428.834
1772974800000,619.4,619.85,613.05,616.49,6534.636
1772978400000,616.5,618.08,615.57,617.94,2896.353
1772982000000,617.94,618.16,615.4,616.18,2113.67
1772985600000,616.18,616.55,611.82,612.94,5515.353
1772989200000,612.94,615.0,612.62,613.16,4928.192
1772992800000,613.17,614.26,612.1,613.56,1334.91
1772996400000,613.56,619.76,613.31,618.95,2622.38
1773000000000,618.94,620.11,616.9,617.64,2064.125
1773003600000,617.65,618.14,615.15,617.4,1446.688
1773007200000,617.39,617.39,607.86,614.57,9340.31
1773010800000,614.58,616.12,611.44,611.98,3089.307
1773014400000,611.99,618.71,611.01,615.53,3577.398
1773018000000,615.53,618.57,614.05,614.57,3915.999
1773021600000,614.58,619.68,613.57,617.97,4210.278
1773025200000,617.97,628.24,617.72,623.51,8364.965
1773028800000,623.51,626.2,622.52,622.75,2535.936
1773032400000,622.76,630.0,622.52,629.42,6787.602
1773036000000,629.43,629.87,622.85,623.78,5764.995
1773039600000,623.78,623.81,618.43,621.96,4953.685
1773043200000,621.96,626.62,621.83,625.77,4408.916
1773046800000,625.77,630.4,623.93,627.3,4779.691
1773050400000,627.31,628.84,626.5,627.32,5547.539
1773054000000,627.33,628.26,624.57,627.53,2722.772
1773057600000,627.53,632.85,627.52,630.98,7102.146
1773061200000,630.99,638.6,630.89,636.39,8284.729
1773064800000,636.38,638.71,633.21,635.83,6288.476
1773068400000,635.84,640.43,635.11,639.21,10183.515
1773072000000,639.22,641.71,638.07,639.44,4344.792
1773075600000,639.45,640.49,635.1,636.79,4152.955
1773079200000,636.8,637.58,634.19,634.73,3028.657
1773082800000,634.73,643.0,634.06,638.18,5564.65
1773086400000,638.19,638.83,636.61,638.31,2857.845
1773090000000,638.3,640.62,638.1,640.13,1917.437
1773093600000,640.14,640.65,636.12,636.88,7104.02
1773097200000,636.89,637.86,633.83,634.64,2942.378
1773100800000,634.64,640.52,634.38,639.05,3792.15
1773104400000,639.06,640.04,636.06,638.74,2714.713
1773108000000,638.73,646.0,637.68,644.1,6163.094
1773111600000,644.11,645.19,639.18,639.77,4947.213
1773115200000,639.77,644.6,639.4,644.05,3454.855
1773118800000,644.05,646.16,643.68,644.12,4174.906
1773122400000,644.12,645.38,642.42,644.11,2557.993
1773126000000,644.11,646.98,643.36,644.48,3597.079
1773129600000,644.48,649.0,644.12,646.05,5033.663
1773133200000,646.05,648.45,644.66,647.52,5744.713
1773136800000,647.52,648.0,645.35,647.55,3258.004
1773140400000,647.54,647.99,645.01,645.54,3906.641
1773144000000,645.53,646.8,644.6,646.59,3046.607
1773147600000,646.59,648.03,641.24,642.37,5589.777
1773151200000,642.37,651.81,638.29,650.89,9294.529
1773154800000,650.89,652.23,646.1,649.23,7930.078
1773158400000,649.24,652.36,647.5,649.74,4586.571
1773162000000,649.75,650.18,644.58,646.57,4696.655
1773165600000,646.57,646.57,640.6,641.4,4473.728
1773169200000,641.41,642.81,640.06,641.79,4300.69
1773172800000,641.78,644.29,641.7,644.08,1384.615
1773176400000,644.09,645.29,639.68,641.52,2617.731
1773180000000,641.52,642.47,639.6,642.02,2099.878
1773183600000,642.01,643.03,641.17,642.0,1417.563
1773187200000,642.01,643.95,641.16,643.38,2305.506
1773190800000,643.38,644.42,642.46,644.28,1463.82
1773194400000,644.28,644.38,638.77,641.02,2754.225
1773198000000,641.02,642.59,639.64,639.88,2303.041
1773201600000,639.87,644.87,639.26,644.67,2732.537
1773205200000,644.67,644.92,637.77,638.01,3339.535
1773208800000,638.0,643.72,638.0,643.03,3424.915
1773212400000,643.03,643.25,640.01,640.5,4942.274
1773216000000,640.5,642.73,639.83,642.46,3461.149
1773219600000,642.47,642.5,639.51,639.94,2658.643
1773223200000,639.94,644.37,639.78,643.79,3592.084
1773226800000,643.79,643.79,635.02,638.2,18872.69
1773230400000,638.2,642.73,636.74,641.76,6382.073
1773234000000,641.76,652.19,641.58,646.55,13111.288
1773237600000,646.55,651.26,644.59,648.41,9995.774
1773241200000,648.42,649.38,642.05,645.98,7103.307
1773244800000,645.99,649.71,645.24,648.11,5532.254
1773248400000,648.11,655.73,648.11,651.76,10037.57
1773252000000,651.75,654.18,650.73,652.68,3560.693
1773255600000,652.68,653.74,651.08,653.15,2255.839
1773259200000,653.14,653.18,651.59,652.78,1425.046
1773262800000,652.78,654.36,651.73,654.19,2028.392
1773266400000,654.2,656.29,651.55,652.35,4097.394
1773270000000,652.36,653.21,650.4,651.46,2765.765
1773273600000,651.47,652.25,650.52,652.08,1785.658
1773277200000,652.07,652.09,646.69,646.75,5033.32
1773280800000,646.74,647.73,642.52,643.17,4894.524
1773284400000,643.17,645.17,642.25,643.26,3235.238
1773288000000,643.26,644.32,641.63,643.08,2835.774
1773291600000,643.08,645.03,642.97,644.36,2577.726
1773295200000,644.37,645.48,643.53,644.64,2241.145
1773298800000,644.64,647.16,644.07,645.85,3414.348
1773302400000,645.86,648.9,645.75,647.76,4056.619
1773306000000,647.75,651.26,646.0,650.1,4647.862
1773309600000,650.1,652.81,649.41,652.07,4601.453
1773313200000,652.06,654.09,651.08,652.46,3535.763
1773316800000,652.47,657.7,651.35,655.55,5644.6
1773320400000,655.56,656.16,650.6,652.68,8529.908
1773324000000,652.69,656.16,645.64,646.84,10387.9
1773327600000,646.84,653.76,646.02,650.03,13062.625
1773331200000,650.03,652.5,648.0,651.53,5118.156
1773334800000,651.53,652.52,649.46,650.5,2180.223
1773338400000,650.5,651.49,647.82,647.95,2412.603
1773342000000,647.95,651.54,646.42,651.03,3522.512
1773345600000,651.03,651.55,648.98,649.62,1862.47
1773349200000,649.63,652.35,649.63,651.86,1362.453
1773352800000,651.85,652.04,649.85,651.26,1090.337
1773356400000,651.26,654.92,651.24,651.72,3500.839
1773360000000,651.72,664.0,650.34,658.7,18076.881
1773363600000,658.71,662.15,658.06,661.9,4683.4
1773367200000,661.91,662.4,659.06,659.43,5624.749
1773370800000,659.43,662.05,657.43,661.58,5126.152
1773374400000,661.57,661.9,659.32,660.67,3505.06
1773378000000,660.67,662.0,659.24,660.68,3640.93
1773381600000,660.67,661.7,658.88,660.84,8255.416
1773385200000,660.84,664.5,660.01,661.29,10567.686
1773388800000,661.29,668.0,660.65,665.9,12687.14
1773392400000,665.9,667.97,664.22,667.02,10846.913
1773396000000,667.01,668.67,665.99,666.98,16021.128
1773399600000,666.99,668.21,665.88,666.64,4429.662
1773403200000,666.64,673.63,666.56,671.21,10084.039
1773406800000,671.21,679.0,670.63,674.54,16188.602
1773410400000,674.55,678.36,667.3,667.98,17852.117
1773414000000,667.99,671.62,661.09,662.21,18686.399
1773417600000,662.21,663.57,658.21,661.84,17048.078
1773421200000,661.84,664.48,654.0,655.86,13929.816
1773424800000,655.86,658.52,654.07,656.83,21267.659
1773428400000,656.83,658.06,656.03,657.25,2072.084
1773432000000,657.25,658.6,656.24,657.34,3089.779
1773435600000,657.35,658.78,656.2,656.86,2425.743
1773439200000,656.87,657.45,653.55,655.53,3579.399
1773442800000,655.53,656.2,654.5,655.73,2292.168
1773446400000,655.72,656.27,652.52,653.08,3664.962
1773450000000,653.08,656.82,652.93,656.43,2762.649
1773453600000,656.43,656.73,655.08,655.48,1787.374
1773457200000,655.49,657.26,655.27,656.89,2070.278
1773460800000,656.88,658.27,655.22,655.49,3422.734
1773464400000,655.5,656.74,654.65,655.62,2926.298
1773468000000,655.61,655.61,651.0,653.32,4304.943
1773471600000,653.31,654.66,652.0,652.19,3105.768
1773475200000,652.19,653.99,651.8,652.05,3664.645
1773478800000,652.05,653.33,650.54,651.22,2570.497
1773482400000,651.21,651.37,650.11,651.02,1624.181
1773486000000,651.02,653.91,650.91,653.52,2055.606
1773489600000,653.51,654.6,652.54,653.4,2099.421
1773493200000,653.4,654.52,652.99,654.06,4846.017
1773496800000,654.07,654.98,651.85,652.34,2852.64
1773500400000,652.35,653.64,651.91,653.4,1352.247
1773504000000,653.4,654.5,652.34,654.11,1593.985
1773507600000,654.1,654.15,652.59,653.1,1093.139
1773511200000,653.09,653.67,652.24,653.33,1273.113
1773514800000,653.33,654.14,652.78,653.7,762.661
1773518400000,653.7,654.62,653.24,654.06,655.561
1773522000000,654.06,655.0,653.12,654.86,844.363
1773525600000,654.86,655.52,654.35,655.01,1078.283
1773529200000,655.01,658.0,655.01,657.7,2828.9
1773532800000,657.7,658.0,655.56,655.91,1356.322
1773536400000,655.92,656.15,654.46,655.41,1509.225
1773540000000,655.42,660.57,655.42,659.41,2724.58
1773543600000,659.42,661.16,658.0,658.89,2241.495
1773547200000,658.89,660.64,658.33,659.34,2004.218
1773550800000,659.35,661.0,658.61,659.53,4074.299
1773554400000,659.53,660.19,657.79,658.56,2968.587
1773558000000,658.56,660.64,658.36,660.02,2313.814
1773561600000,660.02,664.25,659.74,664.24,3482.559
1773565200000,664.25,666.55,662.86,663.6,3994.774
1773568800000,663.6,663.88,662.12,662.86,2318.627
1773572400000,662.86,662.97,659.75,661.64,4499.908
1773576000000,661.65,661.89,659.78,661.89,5472.871
1773579600000,661.89,662.52,656.83,659.97,7072.23
1773583200000,659.97,660.51,658.41,660.33,2369.296
1773586800000,660.33,661.23,659.52,659.69,2271.923
1773590400000,659.69,660.98,658.53,658.96,2403.585
1773594000000,658.96,663.2,658.96,661.95,1979.508
1773597600000,661.95,662.54,658.08,658.37,2441.634
1773601200000,658.37,660.55,658.12,660.49,1106.292
1773604800000,660.49,665.29,659.74,663.88,4031.538
1773608400000,663.89,669.09,662.71,667.41,4568.472
1773612000000,667.41,679.0,665.56,676.51,14804.754
1773615600000,676.52,678.99,671.83,673.77,10988.583
1773619200000,673.77,676.66,670.89,671.97,5003.808
1773622800000,671.97,677.0,670.22,675.96,6042.938
1773626400000,675.96,676.79,670.68,672.97,3771.343
1773630000000,672.98,685.93,672.25,680.47,20268.076
1773633600000,680.47,687.82,680.46,683.44,14849.907
1773637200000,683.44,686.43,682.13,685.47,10560.577
1773640800000,685.47,685.48,679.41,679.41,8520.06
1773644400000,679.41,681.03,677.27,678.13,9542.818
1773648000000,678.13,681.06,673.83,675.21,7939.927
1773651600000,675.21,677.72,674.64,676.52,6133.242
1773655200000,676.52,679.12,675.22,679.08,11043.24
1773658800000,679.08,679.5,676.34,677.2,6648.051
1773662400000,677.19,680.95,677.19,678.55,12037.242
1773666000000,678.55,683.68,677.78,681.04,15555.412
1773669600000,681.04,682.17,670.13,674.66,22722.533
1773673200000,674.65,677.15,671.0,671.67,8769.673
1773676800000,671.67,676.27,671.22,675.31,9235.241
1773680400000,675.31,678.71,674.6,678.37,8828.968
1773684000000,678.37,680.51,676.9,677.11,9805.139
1773687600000,677.11,681.37,676.19,678.55,4944.314
1773691200000,678.55,678.63,673.79,677.01,4260.527
1773694800000,677.0,682.59,676.3,679.57,8166.928
1773698400000,679.56,684.66,679.56,681.4,5413.942
1773702000000,681.41,681.41,675.73,679.71,6851.35
1773705600000,679.7,684.13,677.66,682.58,9628.906
1773709200000,682.59,686.53,680.69,684.01,16161.724
1773712800000,684.01,684.63,680.43,682.73,6284.196
1773716400000,682.73,683.1,675.0,676.11,9441.2
1773720000000,676.11,677.39,671.81,674.89,10414.573
1773723600000,674.89,677.16,673.55,675.09,5370.053
1773727200000,675.09,676.99,672.87,673.37,4517.474
1773730800000,673.37,675.6,673.36,674.28,4736.443
1773734400000,674.28,676.77,673.23,673.67,6495.596
1773738000000,673.67,675.63,672.1,672.77,6287.729
1773741600000,672.77,673.53,667.88,669.36,9686.089
1773745200000,669.35,670.6,667.36,667.66,7848.604
1773748800000,667.66,669.69,665.01,665.55,7125.285
1773752400000,665.56,668.83,663.57,665.23,8929.252
1773756000000,665.23,670.45,663.4,670.21,7275.406
1773759600000,670.2,673.33,665.21,668.49,6661.568
1773763200000,668.5,671.57,667.71,670.84,3277.912
1773766800000,670.85,672.84,669.91,672.76,2917.582
1773770400000,672.76,674.85,672.3,673.86,2964.171
1773774000000,673.86,674.62,671.62,672.03,2609.605
1773777600000,672.03,672.9,670.65,672.07,1382.254
1773781200000,672.07,674.48,672.01,673.56,1687.385
1773784800000,673.57,674.48,669.22,671.38,2020.74
1773788400000,671.37,671.98,668.01,668.61,3393.286
1773792000000,668.62,669.33,665.52,668.35,4560.412
1773795600000,668.35,670.74,668.35,669.68,1905.647
1773799200000,669.68,672.7,669.64,671.68,2608.71
1773802800000,671.68,675.18,671.24,673.49,3535.757
1773806400000,673.49,673.8,670.6,671.96,4673.61
1773810000000,671.96,673.6,670.13,671.27,3489.441
1773813600000,671.27,675.06,671.26,672.84,4056.76
1773817200000,672.84,674.08,671.66,673.98,3133.315
1773820800000,673.98,676.1,673.89,674.39,4318.603
1773824400000,674.4,676.14,674.0,675.97,4529.094
1773828000000,675.97,676.47,671.38,672.44,4225.369
1773831600000,672.47,673.26,661.55,662.89,13929.236
1773835200000,662.89,662.89,656.04,657.74,12156.018
1773838800000,657.75,659.22,654.87,657.49,7600.937
1773842400000,657.49,657.78,647.77,648.13,13468.429
1773846000000,648.14,650.66,645.3,648.82,10884.211
1773849600000,648.82,649.99,645.47,648.5,8662.396
1773853200000,648.5,651.83,647.0,650.14,9043.487
1773856800000,650.14,653.01,647.03,647.84,5813.716
1773860400000,647.84,650.28,647.0,648.08,4197.856
1773864000000,648.09,651.09,644.43,650.24,11640.827
1773867600000,650.23,652.86,649.96,652.61,2503.487
1773871200000,652.6,652.64,650.46,651.66,1874.315
1773874800000,651.66,652.98,650.91,652.27,1693.553
1773878400000,652.28,652.9,650.68,651.48,3078.073
1773882000000,651.48,652.55,650.51,651.41,3715.41
1773885600000,651.4,652.34,649.05,650.63,2045.825
1773889200000,650.63,656.4,650.41,652.53,5819.462
1773892800000,652.53,652.66,648.28,649.53,3065.603
1773896400000,649.53,650.52,648.35,649.46,1899.012
1773900000000,649.45,650.84,648.12,648.67,4253.506
1773903600000,648.68,648.79,641.04,645.39,10512.031
1773907200000,645.39,646.31,643.73,644.43,6885.189
1773910800000,644.43,648.89,643.85,648.28,7044.016
1773914400000,648.29,648.71,645.83,645.86,2738.995
1773918000000,645.87,646.43,643.69,644.08,3690.15
1773921600000,644.09,644.09,638.14,638.67,7836.624
1773925200000,638.67,642.06,636.47,641.21,8200.56
1773928800000,641.22,642.74,635.66,638.12,8129.179
1773932400000,638.13,640.41,634.35,637.87,6283.878
1773936000000,637.88,637.93,634.43,635.96,8580.364
1773939600000,635.97,639.06,633.32,638.25,4887.266
1773943200000,638.24,638.27,636.23,637.86,1607.204
1773946800000,637.86,642.5,637.78,640.04,5912.406
1773950400000,640.04,642.97,639.57,642.05,2976.873
1773954000000,642.05,644.06,641.52,642.25,2548.687
1773957600000,642.25,642.49,639.0,640.45,1676.627
1773961200000,640.44,641.68,638.22,639.15,4292.718
1773964800000,639.16,642.08,638.51,641.04,3299.076
1773968400000,641.04,644.0,640.94,642.06,3715.223
1773972000000,642.07,643.27,639.33,642.75,2688.709
1773975600000,642.76,645.18,642.57,644.41,2946.466
1773979200000,644.42,645.95,641.7,644.23,2929.921
1773982800000,644.23,644.91,642.06,643.22,2712.527
1773986400000,643.22,643.22,641.22,642.33,2548.604
1773990000000,642.34,644.65,639.68,644.1,4707.232
1773993600000,644.1,647.65,643.76,646.57,5812.327
1773997200000,646.57,646.57,641.13,641.96,5526.109
1774000800000,641.96,643.95,640.32,643.21,2940.48
1774004400000,643.22,644.36,640.6,641.62,4258.947
1774008000000,641.62,643.59,640.5,641.33,4761.808
1774011600000,641.34,643.08,637.56,637.99,8809.949
1774015200000,637.99,642.16,636.61,638.84,11027.733
1774018800000,638.84,641.44,637.81,640.42,5978.98
1774022400000,640.41,641.92,639.04,640.41,2620.581
1774026000000,640.41,641.3,636.91,640.24,3984.342
1774029600000,640.24,640.74,636.38,637.99,3679.641
1774033200000,637.99,640.5,636.44,640.26,2291.721
1774036800000,640.26,640.77,637.58,639.73,1940.06
1774040400000,639.73,643.17,639.02,641.74,2825.83
1774044000000,641.75,644.57,641.74,643.7,2386.537
1774047600000,643.7,643.88,641.47,642.11,2295.199
1774051200000,642.11,643.22,641.34,642.06,2417.25
1774054800000,642.07,642.97,640.2,640.61,1273.734
1774058400000,640.61,642.42,640.15,642.41,964.405
1774062000000,642.41,642.62,641.58,642.32,1132.718
1774065600000,642.32,643.37,641.8,641.8,1396.118
1774069200000,641.81,643.37,641.8,642.22,1437.373
1774072800000,642.23,643.45,642.12,643.23,1306.044
1774076400000,643.24,644.46,642.97,643.11,2471.464
1774080000000,643.11,643.57,642.14,643.16,2318.563
1774083600000,643.17,644.46,643.09,643.2,2460.633
1774087200000,643.21,643.27,641.99,642.82,2771.831
1774090800000,642.83,644.06,642.82,643.81,1510.242
1774094400000,643.81,644.39,643.66,643.89,1993.03
1774098000000,643.9,644.21,643.19,644.04,2684.393
1774101600000,644.05,646.38,642.09,642.22,4230.629
1774105200000,642.22,643.26,641.39,642.82,2947.252
1774108800000,642.82,643.24,640.86,641.35,2117.32
1774112400000,641.35,641.94,640.62,641.34,1185.981
1774116000000,641.34,642.49,641.0,641.56,888.815
1774119600000,641.56,641.97,641.26,641.61,497.564
1774123200000,641.61,642.51,641.52,642.47,657.511
1774126800000,642.46,642.68,641.59,641.72,756.758
1774130400000,641.72,642.67,641.13,642.27,1091.498
1774134000000,642.27,642.27,627.76,630.7,13725.573
1774137600000,630.7,632.63,622.72,630.38,14195.251
1774141200000,630.37,632.0,629.09,631.09,3980.928
1774144800000,631.1,635.13,631.1,634.33,3010.634
1774148400000,634.34,637.7,632.8,634.84,4635.001
1774152000000,634.84,636.57,632.42,635.15,4969.433
1774155600000,635.16,635.16,632.76,633.56,3370.07
1774159200000,633.56,634.24,632.41,633.62,1787.755
1774162800000,633.63,634.63,631.9,631.99,3169.534
1774166400000,631.98,632.1,628.84,630.85,4630.467
1774170000000,630.86,631.86,629.92,631.11,2162.136
1774173600000,631.12,631.52,629.29,629.61,2815.532
1774177200000,629.62,630.05,627.61,627.9,4601.963
1774180800000,627.9,630.97,627.9,629.48,3856.732
1774184400000,629.48,631.71,629.0,630.24,5964.501
1774188000000,630.25,631.76,628.86,629.98,1780.443
1774191600000,629.97,631.76,629.25,629.7,3247.25
1774195200000,629.7,630.86,629.42,630.55,4806.247
1774198800000,630.55,632.26,629.9,630.64,4957.827
1774202400000,630.65,631.45,627.61,629.6,3293.062
1774206000000,629.6,629.6,626.57,627.44,3343.302
1774209600000,627.45,630.0,627.45,628.07,2764.941
1774213200000,628.06,628.6,622.16,625.91,7014.817
1774216800000,625.92,630.11,623.06,629.92,4984.829
1774220400000,629.92,631.35,626.19,626.41,3010.924
1774224000000,626.41,628.0,622.0,624.77,8335.621
1774227600000,624.78,628.18,623.72,626.43,5508.617
1774231200000,626.43,630.29,625.49,628.74,3300.208
1774234800000,628.73,630.71,626.19,626.47,3106.283
1774238400000,626.46,629.8,626.46,629.57,1985.722
1774242000000,629.58,632.0,629.58,631.92,3132.074
1774245600000,631.91,631.91,621.4,622.87,8527.604
1774249200000,622.88,625.62,620.33,624.33,6563.385
1774252800000,624.34,626.35,623.55,624.38,3901.083
1774256400000,624.39,626.1,621.59,625.78,4527.114
1774260000000,625.78,628.1,625.1,626.62,6237.242
1774263600000,626.62,650.85,626.62,638.4,60562.376
1774267200000,638.4,645.65,635.81,645.17,11939.896
1774270800000,645.17,649.55,642.94,647.81,13750.718
1774274400000,647.82,649.37,644.25,646.21,26031.423
1774278000000,646.22,647.77,636.73,637.25,27579.329
1774281600000,637.25,638.98,633.76,635.7,24931.13
1774285200000,635.71,638.12,632.49,637.98,22206.83
1774288800000,637.98,639.62,636.12,639.52,3776.331
1774292400000,639.53,640.76,637.09,637.62,3423.121
1774296000000,637.62,639.68,636.5,639.23,1544.247
1774299600000,639.24,641.09,639.2,639.59,2531.472
1774303200000,639.59,639.88,637.13,638.53,2078.602
1774306800000,638.53,639.38,636.24,639.11,2076.446
1774310400000,639.12,640.17,634.8,636.69,3992.686
1774314000000,636.69,636.84,632.43,633.67,3719.038
1774317600000,633.67,635.43,632.0,632.81,3654.025
1774321200000,632.82,633.57,632.35,632.7,2014.524
1774324800000,632.7,633.96,628.93,629.34,6259.479
1774328400000,629.34,629.68,627.21,629.29,4550.631
1774332000000,629.28,631.29,628.95,631.0,4000.751
1774335600000,631.0,638.44,630.76,637.86,6120.301
1774339200000,637.87,638.31,634.45,634.78,4975.875
1774342800000,634.77,638.84,634.0,638.56,3989.154
1774346400000,638.57,638.57,636.44,638.12,3923.627
1774350000000,638.12,639.81,635.85,638.88,4702.821
1774353600000,638.88,639.35,636.62,637.48,2860.868
1774357200000,637.48,638.31,631.18,632.17,8231.734
1774360800000,632.17,634.26,627.2,629.91,10983.385
1774364400000,629.91,633.29,629.81,630.98,4687.399
1774368000000,630.97,632.02,628.19,629.27,3384.992
1774371600000,629.28,629.71,626.99,628.85,4201.924
1774375200000,628.84,632.46,628.69,630.69,2168.132
1774378800000,630.69,632.16,629.58,630.29,1193.496
1774382400000,630.29,637.56,629.85,636.79,4915.66
1774386000000,636.79,637.7,635.06,637.62,2057.004
1774389600000,637.63,638.74,635.8,636.75,1966.873
1774393200000,636.76,639.79,636.41,638.3,2619.92
1774396800000,638.31,641.7,637.5,640.08,4241.533
1774400400000,640.08,641.27,638.24,638.99,6265.516
1774404000000,638.99,640.2,638.4,639.37,2467.855
1774407600000,639.36,643.0,638.48,642.22,3445.67
1774411200000,642.22,643.19,641.59,642.82,2618.709
1774414800000,642.82,645.86,642.46,643.83,3833.441
1774418400000,643.82,647.19,643.73,644.86,5217.029
1774422000000,644.86,646.2,643.09,643.57,6210.973
1774425600000,643.57,648.74,643.41,647.17,8500.907
1774429200000,647.18,650.16,646.88,649.28,11042.712
1774432800000,649.28,649.48,646.0,646.87,10518.14
1774436400000,646.87,650.92,646.74,648.36,6122.313
1774440000000,648.36,650.75,645.83,648.99,6716.081
1774443600000,648.99,652.8,648.17,649.5,5329.622
1774447200000,649.5,650.29,647.0,647.12,4483.501
1774450800000,647.13,647.49,641.92,645.65,7820.671
1774454400000,645.64,651.15,645.08,647.56,7256.313
1774458000000,647.57,648.24,645.04,645.3,2689.079
1774461600000,645.3,646.61,644.09,645.43,3189.219
1774465200000,645.42,647.32,645.1,646.03,1508.232
1774468800000,646.03,646.85,644.04,646.81,1660.454
1774472400000,646.81,648.65,646.3,647.17,1653.922
1774476000000,647.17,650.26,645.96,649.05,2169.979
1774479600000,649.06,649.12,646.71,647.66,2557.069
1774483200000,647.67,648.47,646.29,647.2,1407.29
1774486800000,647.2,647.8,645.84,646.61,1538.291
1774490400000,646.6,646.66,642.54,643.67,2987.55
1774494000000,643.66,643.85,641.33,642.9,3824.571
1774497600000,642.91,643.3,641.11,642.27,3500.177
1774501200000,642.28,642.48,634.53,635.19,6806.882
1774504800000,635.19,635.96,633.44,635.24,4614.781
1774508400000,635.24,635.89,633.85,635.37,3041.103
1774512000000,635.38,635.44,632.5,633.54,4249.276
1774515600000,633.55,633.92,628.1,630.08,7161.329
1774519200000,630.07,631.64,628.82,630.73,3653.653
1774522800000,630.73,630.97,628.18,629.17,3241.901
1774526400000,629.17,629.99,628.46,629.68,2785.96
1774530000000,629.67,632.7,628.5,631.54,5241.256
1774533600000,631.53,632.49,628.2,629.65,4307.135
1774537200000,629.65,629.78,625.11,626.82,7767.721
1774540800000,626.83,627.57,626.0,627.05,3079.384
1774544400000,627.05,628.89,624.89,625.69,3688.454
1774548000000,625.69,626.42,623.01,625.74,4457.394
1774551600000,625.73,626.76,625.0,625.68,3555.788
1774555200000,625.67,631.52,625.24,629.9,5717.588
1774558800000,629.9,631.51,628.68,630.78,2684.679
1774562400000,630.78,631.27,627.87,629.73,1785.838
1774566000000,629.73,630.47,627.74,628.86,3620.072
1774569600000,628.86,629.67,627.38,629.13,3514.961
1774573200000,629.13,631.51,628.59,631.35,2856.858
1774576800000,631.36,631.87,630.12,630.45,2799.503
1774580400000,630.45,630.6,628.04,628.3,2360.423
1774584000000,628.31,628.31,625.11,627.36,4086.465
1774587600000,627.37,630.0,626.66,627.83,2312.425
1774591200000,627.84,628.87,627.59,628.1,2385.556
1774594800000,628.1,630.02,627.4,628.45,3596.413
1774598400000,628.46,629.15,617.88,620.6,13606.782
1774602000000,620.59,621.51,618.0,619.97,5017.861
1774605600000,619.98,620.27,607.77,609.1,22105.288
1774609200000,609.11,612.33,607.18,611.07,11283.294
1774612800000,611.07,611.94,609.9,611.28,4918.478
1774616400000,611.28,612.31,607.23,608.22,8332.605
1774620000000,608.21,610.42,605.86,609.56,7505.12
1774623600000,609.56,614.03,609.27,610.66,9263.804
1774627200000,610.66,610.76,607.77,609.37,5348.257
1774630800000,609.38,611.96,607.0,607.46,4019.621
1774634400000,607.45,609.69,606.67,609.37,3102.644
1774638000000,609.36,610.84,608.27,610.17,2153.521
1774641600000,610.16,611.4,608.66,611.23,4649.04
1774645200000,611.22,612.2,610.73,611.01,1308.455
1774648800000,611.0,611.07,609.86,610.63,2018.301
1774652400000,610.63,614.18,609.89,613.95,3188.955
1774656000000,613.95,614.07,612.17,612.43,3174.043
1774659600000,612.43,612.59,609.9,611.37,2873.621
1774663200000,611.38,612.77,610.63,610.87,2650.902
1774666800000,610.87,611.85,610.68,611.14,2079.434
1774670400000,611.15,611.89,610.53,611.08,2939.561
1774674000000,611.08,612.34,610.5,612.34,1931.173
1774677600000,612.34,614.61,611.88,613.81,5490.639
1774681200000,613.82,614.36,612.9,613.9,2954.099
1774684800000,613.9,614.27,612.53,612.53,5905.541
1774688400000,612.54,612.54,611.45,612.25,2529.789
1774692000000,612.25,613.47,610.46,611.54,2090.756
1774695600000,611.55,613.14,611.31,613.0,1574.395
1774699200000,612.99,614.0,611.59,612.57,2293.037
1774702800000,612.58,618.53,612.2,615.89,7673.265
1774706400000,615.89,617.56,614.67,615.13,4131.901
1774710000000,615.13,619.0,614.68,617.28,3782.635
1774713600000,617.29,617.51,616.46,616.94,2063.238
1774717200000,616.95,617.69,615.4,616.21,1493.076
1774720800000,616.21,617.14,616.2,616.67,1293.499
1774724400000,616.66,616.75,615.67,616.67,1332.702
1774728000000,616.67,618.1,616.66,617.9,1409.867
1774731600000,617.91,618.06,614.68,615.55,1754.283
1774735200000,615.54,616.45,615.03,615.7,2276.872
1774738800000,615.69,615.69,610.71,611.08,4389.554
1774742400000,611.08,611.89,609.89,611.88,2252.65
1774746000000,611.89,613.7,611.26,612.7,3004.525
1774749600000,612.7,613.84,612.56,613.54,1616.054
1774753200000,613.55,615.3,613.09,614.05,4373.684
1774756800000,614.06,614.31,612.99,613.05,2723.79
1774760400000,613.06,614.11,612.0,613.67,1671.557
1774764000000,613.66,614.7,613.3,613.95,1381.741
1774767600000,613.95,614.26,612.84,613.68,1817.907
1774771200000,613.68,614.35,613.41,613.84,2908.099
1774774800000,613.84,614.24,612.51,613.37,2260.58
1774778400000,613.37,613.37,610.95,612.0,3470.367
1774782000000,612.0,614.63,612.0,613.69,2027.142
1774785600000,613.69,613.75,611.86,612.77,1424.786
1774789200000,612.78,612.89,610.0,610.24,4097.448
1774792800000,610.24,612.46,609.03,609.28,4733.956
1774796400000,609.28,610.18,607.46,609.64,5538.017
1774800000000,609.63,611.06,609.16,609.54,1818.088
1774803600000,609.55,610.0,607.59,609.07,2088.157
1774807200000,609.07,610.03,608.49,609.51,1724.355
1774810800000,609.51,609.84,609.0,609.23,950.283
1774814400000,609.23,612.26,609.19,609.47,3658.402
1774818000000,609.47,611.1,609.17,610.99,1314.219
1774821600000,610.99,610.99,596.42,604.32,20615.166
1774825200000,604.31,607.93,604.05,606.09,5940.746
1774828800000,606.09,614.5,605.09,609.64,6380.106
1774832400000,609.64,614.93,609.64,614.01,4486.819
1774836000000,614.02,619.08,612.51,616.62,7729.771
1774839600000,616.62,616.97,614.69,615.67,6296.399
1774843200000,615.68,618.02,615.68,617.08,5782.226
1774846800000,617.09,618.75,616.13,616.88,4886.194
1774850400000,616.88,617.99,615.51,615.61,3513.46
1774854000000,615.61,619.15,615.35,618.21,4748.318
1774857600000,618.22,621.4,617.1,619.95,11564.991
1774861200000,619.96,619.96,617.5,617.85,5117.087
1774864800000,617.85,618.28,616.29,618.13,3372.09
1774868400000,618.13,621.21,617.48,617.79,9034.706
1774872000000,617.79,620.0,617.57,619.57,4953.367
1774875600000,619.57,620.94,616.37,616.81,7300.643
1774879200000,616.81,618.25,613.4,617.22,5940.104
1774882800000,617.22,619.46,615.46,618.48,3758.993
1774886400000,618.48,618.66,615.29,616.69,3289.694
1774890000000,616.69,617.63,611.71,613.2,3378.62
1774893600000,613.2,613.6,610.11,610.8,3778.685
1774897200000,610.79,610.96,608.11,610.6,4624.557
1774900800000,610.61,611.63,608.79,610.08,3651.262
1774904400000,610.08,613.33,609.6,612.33,3266.861
1774908000000,612.33,613.63,610.63,611.05,2521.605
1774911600000,611.04,611.04,607.27,609.29,3503.525
1774915200000,609.29,612.46,608.2,611.38,4159.174
1774918800000,611.4,619.76,610.5,616.62,5847.763
1774922400000,616.63,617.61,614.93,614.93,5208.762
1774926000000,614.93,615.12,612.58,613.6,3610.766
1774929600000,613.61,614.56,611.68,612.36,4282.171
1774933200000,612.36,613.81,611.18,613.27,3654.088
1774936800000,613.26,613.38,610.97,612.14,2328.618
1774940400000,612.14,612.49,609.3,611.01,5249.741
1774944000000,611.02,611.21,606.4,607.2,9218.886
1774947600000,607.2,608.26,598.82,600.43,13751.913
1774951200000,600.44,603.46,599.99,602.79,6606.971
1774954800000,602.79,606.5,602.37,605.22,6390.532
1774958400000,605.23,607.86,604.3,606.21,4314.147
1774962000000,606.22,613.75,606.15,612.37,8295.729
1774965600000,612.36,615.98,606.52,608.34,10675.229
1774969200000,608.35,611.68,607.6,607.9,7554.322
1774972800000,607.9,616.59,607.8,614.29,8152.04
1774976400000,614.3,619.77,613.7,613.88,10770.632
1774980000000,613.88,617.2,613.88,615.95,4576.782
1774983600000,615.96,617.07,615.04,615.77,3208.41
1774987200000,615.76,619.32,615.76,619.18,3469.109
1774990800000,619.19,619.38,616.92,618.0,2017.55
1774994400000,618.0,618.43,615.09,616.92,2824.396
1774998000000,616.91,618.11,616.19,617.43,2962.884
1775001600000,617.42,619.85,616.0,619.2,4208.205
1775005200000,619.21,619.5,615.36,615.52,3319.431
1775008800000,615.53,616.5,613.92,614.7,3455.326
1775012400000,614.71,617.33,614.71,616.76,4456.068
1775016000000,616.76,617.17,615.47,615.88,2809.117
1775019600000,615.89,619.44,614.96,617.35,9364.437
1775023200000,617.36,621.9,617.2,619.22,13379.454
1775026800000,619.22,621.05,616.14,616.32,5961.127
1775030400000,616.33,617.43,614.85,615.45,4666.735
1775034000000,615.46,616.11,613.89,615.61,5145.619
1775037600000,615.61,616.6,613.71,614.77,7035.878
1775041200000,614.77,615.79,614.04,615.34,4010.113
1775044800000,615.34,617.91,613.3,614.65,6346.962
1775048400000,614.66,616.51,609.87,610.91,10226.562
1775052000000,610.91,614.71,610.69,613.75,5095.251
1775055600000,613.75,615.21,612.05,614.82,4637.449
1775059200000,614.82,617.31,611.44,616.4,6722.573
1775062800000,616.39,619.5,613.76,614.1,4473.66
1775066400000,614.1,614.88,612.36,613.04,3521.866
1775070000000,613.05,614.63,612.59,613.76,3125.268
1775073600000,613.76,613.99,610.83,613.48,3268.0
1775077200000,613.48,616.0,613.39,614.42,3682.099
1775080800000,614.42,614.47,609.58,610.84,5514.349
1775084400000,610.85,611.5,609.88,610.81,2132.016
1775088000000,610.81,613.6,610.0,613.6,4159.206
1775091600000,613.59,613.59,602.56,604.14,19624.929
1775095200000,604.13,604.17,596.16,597.09,17334.793
1775098800000,597.1,598.04,591.69,592.06,19768.636
1775102400000,592.06,592.51,587.34,587.91,17542.95
1775106000000,587.91,590.17,587.91,590.08,1547.225
