timestamp,open,high,low,close,volume
1764248400000,90986.56,91075.99,90438.43,90852.78,1344.1126
1764252000000,90852.79,90978.49,90579.77,90789.68,539.81726
1764255600000,90789.68,90988.0,90629.98,90958.3,396.23776
1764259200000,90958.29,91562.0,90850.77,91467.13,778.41704
1764262800000,91467.12,91635.79,91299.06,91479.3,704.33875
1764266400000,91479.3,91843.59,91347.21,91791.99,433.08181
1764270000000,91791.99,91791.99,91506.94,91528.21,363.77786
1764273600000,91528.22,91596.76,91400.0,91433.17,259.27901
1764277200000,91433.18,91600.0,91217.17,91416.99,272.08151
1764280800000,91416.99,91590.0,91114.52,91317.65,289.90354
1764284400000,91317.66,91566.0,91213.79,91333.95,269.52758
1764288000000,91333.94,91417.99,91072.3,91207.34,405.71832
1764291600000,91207.34,91209.82,90800.3,90804.56,495.69936
1764295200000,90804.56,91135.69,90652.55,91083.08,665.69948
1764298800000,91083.08,91306.63,91000.88,91208.85,362.93677
1764302400000,91208.85,91486.29,91130.0,91424.02,286.91882
1764306000000,91424.02,91707.79,91304.28,91612.09,444.39646
1764309600000,91612.09,91612.09,91156.24,91300.69,441.82209
1764313200000,91300.69,91568.98,90867.43,90910.87,700.7864
1764316800000,90910.87,91717.0,90907.98,91690.0,899.46359
1764320400000,91689.99,91850.0,91439.34,91599.99,578.7761
1764324000000,91600.0,91874.86,91480.28,91850.49,786.48217
1764327600000,91850.49,92030.0,91065.13,91437.64,910.59811
1764331200000,91437.64,91692.3,91405.69,91513.4,360.31623
1764334800000,91513.4,92635.0,91380.94,92377.01,1231.35483
1764338400000,92377.0,93092.0,91818.35,92250.01,2337.42844
1764342000000,92250.0,92796.0,91976.59,92362.49,1117.5135
1764345600000,92362.5,92376.0,90880.0,90936.23,1386.76661
1764349200000,90936.24,91208.43,90180.63,90663.98,3368.6938
1764352800000,90661.57,90958.57,90421.88,90830.57,663.11655
1764356400000,90830.57,91202.55,90821.6,91157.44,360.61967
1764360000000,91157.44,91225.45,90867.89,91201.1,310.35586
1764363600000,91201.09,91247.16,90888.0,90888.01,223.95974
1764367200000,90888.01,91159.89,90705.57,91122.0,276.05655
1764370800000,91122.0,91195.68,90890.7,90890.7,215.38067
1764374400000,90890.71,90968.0,90768.13,90884.01,186.84042
1764378000000,90884.01,91119.99,90797.36,90881.2,189.9049
1764381600000,90881.2,90926.9,90546.36,90798.89,360.3042
1764385200000,90798.9,90874.03,90661.12,90680.26,203.76865
1764388800000,90680.26,90911.36,90551.12,90901.56,194.82906
1764392400000,90901.55,90931.56,90733.22,90747.16,201.02788
1764396000000,90747.16,90832.57,90311.92,90565.29,551.9962
1764399600000,90565.3,90666.0,90375.01,90567.67,281.69639
1764403200000,90567.66,90738.17,90477.44,90629.67,209.42959
1764406800000,90629.67,90665.37,90500.0,90560.08,255.33197
1764410400000,90560.08,90647.98,90376.37,90552.47,287.88192
1764414000000,90552.47,90682.33,90458.17,90673.19,204.80457
1764417600000,90673.2,90810.45,90530.93,90616.01,253.50149
1764421200000,90616.01,90805.99,90591.35,90783.17,243.4196
1764424800000,90783.16,90783.17,90610.41,90621.72,231.55273
1764428400000,90621.73,91110.36,90621.72,91063.5,419.55316
1764432000000,91063.5,91165.65,90862.22,91004.03,256.29667
1764435600000,91004.03,91019.0,90421.21,90421.21,800.09236
1764439200000,90421.21,90719.16,90155.47,90690.84,837.40131
1764442800000,90690.85,90850.83,90600.1,90640.78,298.72853
1764446400000,90640.77,91035.27,90400.21,90963.29,336.13338
1764450000000,90963.29,91051.87,90814.02,91008.68,179.69384
1764453600000,91008.68,91008.69,90700.65,90753.02,311.96344
1764457200000,90753.03,90896.97,90690.23,90802.44,133.73065
1764460800000,90802.44,90945.59,90765.12,90893.94,127.74315
1764464400000,90893.94,91055.5,90863.05,90913.31,246.89699
1764468000000,90913.3,91032.18,90749.9,90795.51,321.82107
1764471600000,90795.52,90917.96,90471.0,90909.35,418.70941
1764475200000,90909.35,90970.36,90799.91,90858.0,98.98576
1764478800000,90857.99,90857.99,90670.4,90783.75,146.33614
1764482400000,90783.76,90937.5,90717.51,90898.68,134.34933
1764486000000,90898.69,91037.72,90860.01,90968.16,170.24658
1764489600000,90968.16,91438.99,90927.16,91184.45,999.6229
1764493200000,91184.45,91632.0,91138.65,91413.07,857.09997
1764496800000,91413.07,91467.36,91200.0,91234.31,215.61141
1764500400000,91234.31,91397.33,90998.34,91048.78,443.35776
1764504000000,91048.79,91535.1,91009.0,91469.51,391.37581
1764507600000,91469.51,92000.01,91398.69,91769.99,1268.05794
1764511200000,91770.0,91779.94,91256.88,91499.99,479.45512
1764514800000,91499.98,91612.83,91326.59,91435.31,490.26099
1764518400000,91435.31,91850.0,91406.97,91825.18,328.17239
1764522000000,91825.18,91825.18,91313.26,91488.19,322.55187
1764525600000,91488.2,91488.2,91159.42,91459.9,239.73146
1764529200000,91459.91,91500.0,91298.4,91460.79,158.56074
1764532800000,91460.79,91626.75,91178.0,91315.6,260.58782
1764536400000,91315.59,91332.18,90888.48,91174.22,497.10764
1764540000000,91174.23,91351.61,91049.22,91225.28,263.92188
1764543600000,91225.28,91256.36,90336.9,90360.0,807.17762
1764547200000,90360.01,90417.0,86959.99,87000.0,4607.45526
1764550800000,87000.0,87749.99,86941.4,87168.91,1588.04096
1764554400000,87168.9,87500.0,86474.34,86722.29,2052.19788
1764558000000,86722.3,86800.0,86161.61,86346.13,2001.96556
1764561600000,86346.13,86350.01,85695.44,85801.03,1863.01351
1764565200000,85801.03,86006.85,85604.0,86001.08,749.36259
1764568800000,86001.08,86357.43,85974.66,86234.16,931.6074
1764572400000,86234.17,86578.06,86049.9,86550.3,1393.18357
1764576000000,86550.3,86890.77,86390.25,86869.51,948.06769
1764579600000,86869.5,86938.01,86518.18,86704.86,866.92667
1764583200000,86704.85,86814.0,86552.0,86647.73,366.02338
1764586800000,86647.73,86699.99,86131.01,86149.15,824.75013
1764590400000,86146.59,86231.52,84756.0,85430.64,2098.18769
1764594000000,85430.64,86166.43,85350.0,85986.85,1097.45554
1764597600000,85986.85,86674.0,85868.0,86067.9,1654.56841
1764601200000,86067.9,86137.17,83822.76,84677.87,3274.16077
1764604800000,84677.87,85463.12,84030.95,84571.8,2152.34019
1764608400000,84571.8,85265.66,84442.75,84920.3,917.46569
1764612000000,84925.01,85555.0,84723.83,85199.48,911.27586
1764615600000,85199.48,85299.14,84603.97,85024.5,617.02121
1764619200000,85024.5,85833.01,85007.69,85518.0,1007.0535
1764622800000,85518.01,86507.3,85499.99,86436.65,1202.40704
1764626400000,86436.64,86860.0,86300.0,86572.65,780.37442
1764630000000,86572.65,86833.55,86249.8,86286.01,604.10735
1764633600000,86286.01,86674.53,86184.39,86513.33,887.97566
1764637200000,86513.33,87350.0,86394.0,86454.93,1192.01967
1764640800000,86454.93,86857.79,86272.55,86554.47,522.02975
1764644400000,86554.46,87106.62,86214.99,86976.99,643.79096
1764648000000,86977.0,87288.48,86900.79,86970.28,689.46639
1764651600000,86970.28,87125.36,86818.14,87008.2,320.12167
1764655200000,87008.2,87179.22,86870.0,87090.46,385.60175
1764658800000,87090.46,87117.18,86882.23,87012.65,338.04553
1764662400000,87012.64,87058.41,86296.21,86471.89,1046.58604
1764666000000,86471.88,86999.0,86450.6,86769.87,806.33465
1764669600000,86769.88,87628.78,86760.01,87272.44,661.40198
1764673200000,87272.44,87602.47,86985.51,87368.92,846.713
1764676800000,87368.92,87560.77,87208.68,87264.2,839.51657
1764680400000,87264.2,87883.43,87032.75,87731.41,1559.3403
1764684000000,87731.41,89275.54,87600.0,89271.99,2529.97385
1764687600000,89271.99,91200.0,89263.06,90850.01,4371.66947
1764691200000,90850.01,91296.72,90201.0,90759.15,2014.14601
1764694800000,90759.15,91990.0,90736.05,91458.4,1594.71699
1764698400000,91458.4,92237.15,91326.22,91954.49,1650.85803
1764702000000,91954.49,92307.65,91850.0,91903.39,892.95903
1764705600000,91903.38,91930.09,90720.87,91026.67,1812.81861
1764709200000,91026.66,91631.49,90965.02,91562.43,750.79479
1764712800000,91562.42,92000.0,91510.6,91981.91,1005.0385
1764716400000,91981.91,91981.91,91269.38,91277.88,848.30812
1764720000000,91277.88,91747.99,90990.23,91660.12,1282.57519
1764723600000,91660.13,92482.02,91468.21,92251.63,1105.16296
1764727200000,92251.64,93051.64,92158.0,92817.92,1322.86837
1764730800000,92817.93,93087.09,92597.26,92628.91,714.46982
1764734400000,92628.91,93482.87,92625.0,93362.21,1228.95814
1764738000000,93362.21,93660.0,93116.02,93642.92,1042.55272
1764741600000,93642.92,93958.58,93146.26,93431.8,1068.27612
1764745200000,93431.81,93468.43,92871.03,92999.99,1206.67241
1764748800000,93000.0,93173.93,92682.1,92765.65,908.28425
1764752400000,92765.64,93217.52,92709.41,93178.46,651.04477
1764756000000,93178.45,93389.62,92861.88,92939.4,644.12113
1764759600000,92939.4,93054.93,92666.0,93005.68,566.65244
1764763200000,93005.68,93112.1,92672.55,92937.39,609.37614
1764766800000,92937.39,93258.53,92886.59,93130.88,653.22336
1764770400000,93130.89,93700.0,91697.0,92357.54,3444.5392
1764774000000,92357.54,92993.98,91922.21,92373.3,1816.10102
1764777600000,92373.3,92739.09,91786.99,92242.24,1045.70106
1764781200000,92242.24,93040.0,92199.72,92956.22,952.33734
1764784800000,92956.22,93500.0,92383.05,92623.86,1065.25501
1764788400000,92623.85,93099.47,92528.75,93024.99,561.39144
1764792000000,93025.0,93400.0,92825.56,92980.43,993.99987
1764795600000,92981.45,93769.23,92860.0,93700.0,961.39093
1764799200000,93700.01,94150.0,93301.87,93781.01,1201.71927
1764802800000,93781.01,94091.71,93377.58,93429.95,665.85289
1764806400000,93429.95,93480.0,92669.82,93054.86,1095.83853
1764810000000,93054.87,93750.73,92981.35,93195.07,1304.157
1764813600000,93195.07,94070.7,93117.8,93943.24,944.67997
1764817200000,93943.24,94080.0,93402.38,93543.04,500.0247
1764820800000,93543.03,93588.48,93231.56,93360.58,388.95379
1764824400000,93360.58,93380.39,92775.0,92979.25,931.22487
1764828000000,92979.25,93371.12,92824.32,93140.74,1076.30029
1764831600000,93140.75,93413.39,92888.0,93397.67,674.02891
1764835200000,93397.67,93600.0,93044.41,93260.63,411.88207
1764838800000,93260.64,93621.31,93235.5,93454.7,402.88554
1764842400000,93454.71,93553.69,93156.42,93260.0,373.45816
1764846000000,93260.0,93318.17,92736.9,92948.31,728.79798
1764849600000,92948.32,93200.0,92782.48,92990.18,474.71729
1764853200000,92990.18,93060.63,92424.0,92516.38,997.53962
1764856800000,92516.38,92821.26,91801.0,91894.01,1176.07323
1764860400000,91894.0,93257.0,91886.55,92971.49,1647.82775
1764864000000,92971.49,93174.55,92268.76,92431.72,1073.45255
1764867600000,92431.71,92536.0,91756.57,92426.76,1204.88261
1764871200000,92426.77,92550.86,91890.32,92127.52,605.6924
1764874800000,92127.53,92174.91,90889.0,91975.44,1976.68364
1764878400000,91975.43,92532.42,91688.92,92476.25,812.83088
1764882000000,92476.25,92718.53,92086.0,92158.23,581.65983
1764885600000,92158.24,92497.25,92151.79,92348.78,231.66801
1764889200000,92348.78,92461.03,92076.66,92078.06,188.68097
1764892800000,92078.06,92474.0,92058.82,92299.08,300.89002
1764896400000,92299.09,92600.0,92227.44,92358.03,512.17408
1764900000000,92358.03,92692.36,92252.66,92518.4,403.18655
1764903600000,92518.4,92665.56,91959.92,92142.75,535.04122
1764907200000,92142.75,92386.31,91813.37,92028.14,507.97714
1764910800000,92028.15,92204.69,91880.13,91932.85,239.31127
1764914400000,91932.85,92286.77,91905.83,92275.26,277.29503
1764918000000,92275.27,92497.51,92203.34,92258.65,362.60812
1764921600000,92258.64,92258.65,91892.86,92112.04,447.11606
1764925200000,92112.04,92112.04,90956.25,91128.56,1077.36085
1764928800000,91128.55,91488.0,91083.87,91272.85,493.57021
1764932400000,91272.85,91563.7,91128.4,91351.43,413.65104
1764936000000,91351.44,91432.69,91081.57,91242.4,357.37789
1764939600000,91242.4,91352.56,90215.51,90465.14,1524.52886
1764943200000,90465.14,90744.24,89874.7,90287.67,1551.1367
1764946800000,90287.67,91478.67,90258.24,90459.35,1911.11908
1764950400000,90459.34,90498.59,88056.0,88810.89,3451.73023
1764954000000,88810.88,89540.71,88607.25,89336.13,1157.12551
1764957600000,89335.53,89795.59,88908.53,88936.04,857.04766
1764961200000,88936.04,89800.0,88814.88,89629.26,1041.63454
1764964800000,89629.27,89745.37,89181.91,89301.75,1024.68482
1764968400000,89301.75,89484.0,89075.91,89177.68,695.18131
1764972000000,89177.68,89376.03,88901.6,89232.47,401.94285
1764975600000,89232.48,89383.46,88940.2,89330.04,249.28114
1764979200000,89330.04,89466.34,89030.67,89422.25,286.14614
1764982800000,89422.25,89500.0,89205.03,89333.83,226.8064
1764986400000,89333.84,89404.0,89175.0,89390.9,233.2494
1764990000000,89390.9,89806.43,89390.9,89688.35,784.83107
1764993600000,89688.35,89721.76,89521.12,89659.01,185.11807
1764997200000,89659.0,89740.0,89524.03,89604.98,147.31042
1765000800000,89604.97,89764.19,89527.26,89688.65,140.21424
1765004400000,89688.65,89720.0,89459.19,89597.13,296.88077
1765008000000,89597.14,89647.12,89217.59,89277.14,423.86292
1765011600000,89277.14,89669.13,89264.74,89574.12,336.18462
1765015200000,89574.12,89687.86,89462.0,89506.0,175.95561
1765018800000,89506.01,89750.01,89500.0,89631.28,568.70187
1765022400000,89631.29,89648.96,89566.0,89581.19,256.02717
1765026000000,89581.19,89788.56,89581.19,89673.73,252.86068
1765029600000,89673.73,90289.97,89659.0,90004.76,1068.00125
1765033200000,90004.76,90042.54,89490.98,89758.77,475.19156
1765036800000,89758.77,89981.2,89680.34,89707.8,304.47551
1765040400000,89707.8,89846.98,89615.38,89712.85,310.78613
1765044000000,89712.85,89787.99,89529.9,89646.71,180.17034
1765047600000,89646.7,89744.62,89077.6,89405.64,688.16416
1765051200000,89405.65,89553.82,89311.99,89548.88,135.59159
1765054800000,89548.88,89615.34,89390.01,89420.28,217.83026
1765058400000,89420.29,89523.37,89257.48,89285.94,165.36534
1765062000000,89285.93,89329.38,88908.01,89236.79,549.77464
1765065600000,89236.8,89553.82,89176.52,89392.39,248.83948
1765069200000,89392.39,89588.23,89300.0,89300.0,132.2057
1765072800000,89300.0,89695.65,89300.0,89621.96,175.80697
1765076400000,89621.95,89749.59,89553.81,89722.37,155.63502
1765080000000,89722.37,89799.96,89487.41,89535.95,280.51949
1765083600000,89535.94,89564.55,89427.0,89515.01,130.12741
1765087200000,89515.01,89710.0,89488.28,89709.99,107.62861
1765090800000,89710.0,89733.33,89200.0,89379.72,220.78651
1765094400000,89379.73,89538.7,89190.97,89316.61,173.05781
1765098000000,89316.61,89395.65,89050.01,89104.23,229.27162
1765101600000,89104.23,89388.0,89103.97,89240.18,200.63018
1765105200000,89240.18,89277.59,89141.87,89149.18,183.64055
1765108800000,89149.18,89585.12,89111.4,89475.9,246.12366
1765112400000,89475.9,89519.1,88652.0,89053.74,519.89031
1765116000000,89053.74,89106.0,87719.28,88220.53,1908.61044
1765119600000,88220.53,89707.54,88169.08,89554.52,1242.29675
1765123200000,89554.52,89908.17,89115.85,89893.38,675.40594
1765126800000,89893.39,91271.77,89624.0,90945.17,1918.39408
1765130400000,90945.18,91760.0,90945.17,91363.78,996.37071
1765134000000,91363.79,91545.95,91213.37,91425.52,248.14
1765137600000,91425.51,91510.4,91308.82,91439.04,186.94503
1765141200000,91439.05,91439.05,89871.0,90231.32,807.41124
1765144800000,90231.31,90241.8,88995.33,89597.03,1508.70162
1765148400000,89597.03,90471.66,89522.08,90395.31,524.67272
1765152000000,90395.32,90627.11,89860.0,90346.7,491.62319
1765155600000,90346.7,91700.0,90301.86,90910.7,968.78312
1765159200000,90910.7,91436.94,90811.25,91364.18,597.40749
1765162800000,91364.18,91420.0,90988.91,91068.29,395.79035
1765166400000,91068.3,91470.58,91023.06,91291.33,255.62144
1765170000000,91291.33,91444.0,91037.43,91334.03,299.94508
1765173600000,91334.04,91649.87,91241.27,91464.54,485.82587
1765177200000,91464.54,91868.76,91360.0,91565.46,551.09583
1765180800000,91565.46,91938.67,91486.46,91833.9,393.73282
1765184400000,91833.89,92287.15,91792.38,91912.02,790.37467
1765188000000,91912.02,92222.0,91808.09,92133.4,425.18961
1765191600000,92133.39,92188.31,91851.08,91968.29,343.75755
1765195200000,91968.29,91992.3,91653.94,91768.96,573.34646
1765198800000,91768.97,92122.08,91301.45,91467.82,804.38449
1765202400000,91467.83,91777.0,90790.0,90852.56,1807.88526
1765206000000,90852.57,90998.95,89612.0,89961.37,2037.53824
1765209600000,89961.36,90499.99,89679.79,89978.48,1042.18438
1765213200000,89978.47,90339.36,89694.24,90257.98,645.64705
1765216800000,90257.98,90527.3,89724.72,89921.68,559.47994
1765220400000,89921.68,90366.39,89860.07,90124.48,342.53116
1765224000000,90124.49,90917.23,90124.49,90799.92,565.06678
1765227600000,90799.92,91374.0,90675.0,91316.01,579.83297
1765231200000,91316.0,91373.69,90726.4,90833.86,391.90576
1765234800000,90833.85,91026.52,90490.76,90634.34,444.68936
1765238400000,90634.35,90846.26,90355.0,90396.73,288.37623
1765242000000,90396.72,90569.98,89966.0,90055.8,537.66391
1765245600000,90055.8,90368.0,89979.21,90068.2,312.17
1765249200000,90068.21,90442.77,89795.84,90405.01,1217.20174
1765252800000,90405.02,90500.0,89737.47,89917.53,488.51951
1765256400000,89917.52,90209.96,89500.0,89899.35,650.65388
1765260000000,89899.35,90232.76,89775.67,90166.84,321.30432
1765263600000,90166.85,90528.67,90091.56,90496.8,407.14103
1765267200000,90496.8,90600.0,90366.35,90498.72,400.27808
1765270800000,90498.72,90498.72,90129.21,90131.59,285.35023
1765274400000,90131.6,90345.39,89912.48,90298.45,489.74956
1765278000000,90298.44,90396.01,90140.02,90384.55,387.10655
1765281600000,90384.54,90690.35,90331.0,90580.0,401.62507
1765285200000,90580.01,90850.0,90174.66,90431.03,643.67225
1765288800000,90431.02,90644.02,90004.73,90357.59,710.07225
1765292400000,90357.6,92876.92,90288.1,92707.51,3162.30439
1765296000000,92707.5,94488.64,92693.5,94187.81,4040.1561
1765299600000,94187.81,94588.99,93538.93,93917.99,1823.80002
1765303200000,93918.0,94178.31,93661.45,93920.48,704.49653
1765306800000,93920.48,94225.0,93651.68,93800.83,735.99959
1765310400000,93800.83,93857.47,92767.71,93116.76,1097.12749
1765314000000,93116.76,93243.12,92254.92,92640.0,879.12299
1765317600000,92640.01,93045.89,92506.67,92884.0,731.02631
1765321200000,92884.0,92977.98,92550.0,92678.8,525.51211
1765324800000,92678.81,92786.35,92061.0,92130.81,598.49502
1765328400000,92130.82,92400.0,91976.0,92316.36,529.89686
1765332000000,92316.35,92570.54,92027.89,92495.68,611.21334
1765335600000,92495.89,92553.23,92348.66,92410.62,257.39408
1765339200000,92410.62,92659.99,92386.83,92552.62,310.96334
1765342800000,92552.63,92725.0,92517.53,92556.28,373.62942
1765346400000,92556.28,92757.58,92396.24,92700.0,314.97149
1765350000000,92700.01,92782.92,92500.0,92782.91,364.28563
1765353600000,92782.91,92790.0,92549.81,92605.0,321.85602
1765357200000,92604.99,92972.07,92439.4,92920.01,472.03746
1765360800000,92920.0,93291.5,92135.09,92272.66,859.47741
1765364400000,92272.66,92438.98,91763.69,92120.45,969.68906
1765368000000,92120.45,92216.55,91815.35,91987.22,467.90168
1765371600000,91987.22,92226.0,91939.42,92093.66,432.08812
1765375200000,92093.65,92112.57,91600.81,91831.24,883.60779
1765378800000,91831.24,92149.06,91563.15,92063.69,739.55204
1765382400000,92063.69,92595.11,91899.1,92174.11,785.95701
1765386000000,92174.11,92515.82,92102.44,92396.23,598.06235
1765389600000,92396.23,93056.0,92000.0,92503.48,870.70118
1765393200000,92503.49,93243.59,91684.39,92957.67,3165.76426
1765396800000,92957.67,94476.0,92259.25,92453.89,3153.97141
1765400400000,92453.89,92777.34,91878.0,92356.38,1001.00392
1765404000000,92356.39,92695.31,91954.54,92509.94,585.06287
1765407600000,92509.94,92593.96,91942.56,92015.37,331.09907
1765411200000,92015.38,92080.32,91051.0,91386.17,916.87916
1765414800000,91386.17,91407.04,90658.24,90674.74,818.48242
1765418400000,90674.75,90674.75,89876.81,90074.0,1250.21688
1765422000000,90073.99,90074.01,89389.63,89880.01,1095.56844
1765425600000,89880.0,90480.14,89694.81,90436.55,943.40562
1765429200000,90436.55,90436.56,90048.2,90316.72,404.63689
1765432800000,90316.72,90450.97,89975.89,90301.35,525.01502
1765436400000,90301.35,90333.49,90088.0,90272.75,372.27346
1765440000000,90272.76,90272.76,89971.11,90183.71,511.95493
1765443600000,90183.71,90504.19,90123.01,90234.19,439.70575
1765447200000,90234.19,90352.59,90172.61,90320.15,273.3976
1765450800000,90320.15,90417.3,90210.44,90242.35,278.9006
1765454400000,90242.36,90377.63,90006.01,90032.31,428.00948
1765458000000,90032.31,90169.26,89870.0,90103.53,567.79082
1765461600000,90103.53,90482.01,89260.63,89545.24,1363.14038
1765465200000,89545.23,90653.33,89406.79,89872.51,1182.11834
1765468800000,89872.51,90178.04,89333.0,89737.11,842.22519
1765472400000,89737.11,90260.0,89627.74,89983.23,670.94481
1765476000000,89983.23,91197.7,89891.87,90710.5,1286.99073
1765479600000,90710.5,91538.26,90592.14,90839.81,843.83016
1765483200000,90839.81,91831.2,90797.76,91792.99,787.89331
1765486800000,91792.98,93555.0,91706.06,92858.39,2439.34782
1765490400000,92858.4,93195.84,92068.9,92352.0,976.14915
1765494000000,92352.0,92800.0,92337.91,92513.38,753.71062
1765497600000,92513.38,92651.93,91448.31,91573.88,787.76417
1765501200000,91573.88,92314.69,91532.16,92170.0,490.58557
1765504800000,92170.0,92748.98,91927.27,92588.79,586.94037
1765508400000,92588.79,92754.0,92178.37,92283.4,299.42318
1765512000000,92283.4,92462.02,92114.99,92396.69,511.34339
1765515600000,92396.69,92500.0,92078.91,92444.42,312.09266
1765519200000,92444.41,92720.0,92400.0,92513.34,346.60354
1765522800000,92513.34,92565.83,92257.8,92425.34,324.16244
1765526400000,92425.33,92487.25,92044.8,92342.39,626.20872
1765530000000,92342.38,92553.33,92094.0,92520.56,361.00119
1765533600000,92520.56,92650.01,92408.33,92492.32,429.06609
1765537200000,92492.32,92492.33,92275.86,92418.19,207.72939
1765540800000,92418.19,92420.0,92070.55,92419.99,537.64944
1765544400000,92420.0,92531.38,92240.14,92302.79,478.10614
1765548000000,92302.79,92660.74,91903.34,92444.0,1038.4462
1765551600000,92444.0,92445.94,89780.0,89935.14,3505.93103
1765555200000,89935.13,90441.17,89480.0,90046.54,2093.36319
1765558800000,90046.53,90623.72,89826.75,90083.09,1168.98586
1765562400000,90083.09,90666.0,90044.93,90372.0,894.36594
1765566000000,90372.0,90399.99,90017.05,90198.22,502.61326
1765569600000,90198.23,90334.77,89898.61,90214.08,503.97114
1765573200000,90214.08,90345.94,90100.0,90193.94,320.8382
1765576800000,90193.94,90395.53,90184.92,90335.92,184.26184
1765580400000,90335.93,90404.13,90233.16,90268.42,167.73874
1765584000000,90268.43,90444.28,90207.2,90323.01,184.8182
1765587600000,90323.01,90359.32,90120.0,90229.91,171.54055
1765591200000,90229.92,90318.0,90221.98,90232.77,158.12998
1765594800000,90232.77,90469.71,90205.52,90345.54,134.27456
1765598400000,90345.55,90410.5,90268.91,90371.81,120.09938
1765602000000,90371.81,90387.51,90269.0,90342.91,103.66062
1765605600000,90342.92,90380.0,90270.65,90351.45,106.97274
1765609200000,90351.45,90400.0,90318.56,90329.97,120.80251
1765612800000,90329.98,90575.28,90318.67,90458.19,326.23501
1765616400000,90458.2,90513.53,90387.99,90422.57,164.09529
1765620000000,90422.57,90634.55,90418.49,90595.13,395.80418
1765623600000,90595.14,90612.32,90290.0,90330.36,639.73871
1765627200000,90330.36,90470.3,90276.13,90341.05,491.58704
1765630800000,90341.05,90450.0,90194.34,90245.87,344.68696
1765634400000,90245.88,90331.74,89932.99,90079.7,600.45706
1765638000000,90079.71,90289.6,90031.38,90092.16,470.25787
1765641600000,90092.17,90268.13,90025.65,90087.28,226.25798
1765645200000,90087.28,90102.08,89981.0,90052.61,193.07435
1765648800000,90052.61,90184.34,90047.4,90119.89,145.63725
1765652400000,90119.9,90224.8,90109.62,90178.16,110.2678
1765656000000,90178.17,90209.56,90037.57,90088.31,107.22878
1765659600000,90088.31,90184.59,89766.39,90175.97,284.30101
1765663200000,90175.97,90250.0,89997.14,90140.1,154.46161
1765666800000,90140.1,90280.76,90051.02,90240.01,141.31844
1765670400000,90240.0,90472.4,90117.05,90340.0,291.19891
1765674000000,90340.0,90442.0,90208.0,90293.29,137.11035
1765677600000,90293.29,90384.0,90240.01,90290.17,156.14118
1765681200000,90290.18,90303.08,90245.6,90258.98,126.49087
1765684800000,90258.99,90329.24,90127.99,90201.5,114.76912
1765688400000,90201.5,90228.66,90050.74,90199.06,171.7819
1765692000000,90199.06,90245.34,90092.86,90145.26,269.9029
1765695600000,90145.27,90279.42,90072.97,90245.6,133.38192
1765699200000,90245.6,90280.01,90108.27,90108.28,116.0796
1765702800000,90108.28,90151.02,90001.1,90020.06,187.97686
1765706400000,90020.07,90136.22,89785.0,89853.69,322.19368
1765710000000,89853.69,89853.7,88687.27,89360.0,1409.87783
1765713600000,89360.01,89666.0,89101.0,89431.65,410.39848
1765717200000,89431.66,89500.0,89088.0,89489.5,410.01233
1765720800000,89489.51,89556.83,88884.26,89118.04,568.79065
1765724400000,89118.04,89176.69,88882.66,89022.91,340.50491
1765728000000,89022.92,89398.71,88531.34,88836.98,723.59164
1765731600000,88836.99,89032.39,88606.73,88810.67,407.9248
1765735200000,88810.67,89073.18,88722.19,88997.28,248.72689
1765738800000,88997.27,88997.28,88497.02,88644.88,304.96489
1765742400000,88644.88,88827.71,88356.9,88558.97,585.18797
1765746000000,88558.97,88714.66,88345.94,88443.85,309.77088
1765749600000,88443.85,88605.06,88017.0,88415.29,614.71972
1765753200000,88415.29,88609.22,87577.36,88172.17,1055.44176
1765756800000,88172.16,88692.3,88074.37,88465.9,626.14158
1765760400000,88465.9,89338.01,88428.07,89242.32,767.16149
1765764000000,89242.33,90052.64,89235.72,89321.85,985.6588
1765767600000,89321.85,89543.88,89225.91,89282.6,320.69878
1765771200000,89282.6,89786.89,89272.88,89667.64,408.51835
1765774800000,89667.64,89749.47,89492.0,89615.24,221.82498
1765778400000,89615.25,89918.48,89476.98,89735.88,262.41654
1765782000000,89735.89,89824.47,89516.0,89753.42,424.17802
1765785600000,89753.43,89900.0,89655.52,89770.01,250.02319
1765789200000,89770.0,89986.68,89770.0,89865.12,310.4569
1765792800000,89865.13,89981.64,89717.34,89858.95,470.70514
1765796400000,89858.96,89900.0,89572.05,89641.28,493.20463
1765800000000,89641.28,89762.56,89431.52,89695.75,392.24774
1765803600000,89695.76,89736.9,89274.44,89432.0,415.38225
1765807200000,89432.01,89876.42,87840.0,88050.01,1787.73645
1765810800000,88050.0,88184.28,86621.91,87033.22,3292.66278
1765814400000,87033.21,87220.0,86062.67,86400.01,1613.2235
1765818000000,86400.0,86496.89,85599.99,85762.87,1557.3817
1765821600000,85762.86,86272.23,85146.64,86185.39,1482.06005
1765825200000,86185.4,86560.4,85880.0,86149.96,1136.56389
1765828800000,86149.96,86199.63,85610.88,85787.04,692.94245
1765832400000,85787.04,86307.36,85530.01,86243.78,691.57648
1765836000000,86243.77,86259.32,85827.98,86259.31,440.84932
1765839600000,86259.32,86472.7,86103.67,86432.08,735.07689
1765843200000,86432.08,86535.22,85836.6,85865.48,556.05003
1765846800000,85865.49,86169.62,85651.92,85891.02,527.35929
1765850400000,85891.02,86227.99,85800.0,85944.01,492.40216
1765854000000,85944.01,86019.76,85386.0,85875.92,697.04602
1765857600000,85875.91,85925.77,85266.0,85838.51,611.35109
1765861200000,85838.5,86200.0,85812.61,86028.11,355.99172
1765864800000,86028.12,86611.69,86028.12,86508.0,522.6826
1765868400000,86508.01,86615.38,85850.0,86021.51,943.04227
1765872000000,86021.51,86380.0,85930.97,86281.18,426.54563
1765875600000,86281.17,86426.07,86201.1,86350.0,366.58293
1765879200000,86350.0,87327.7,86275.06,86980.01,956.84103
1765882800000,86980.01,87330.0,86820.0,87261.45,667.2763
1765886400000,87261.46,87480.0,87077.41,87212.98,861.57452
1765890000000,87212.98,87786.88,86410.01,86443.02,2144.73917
1765893600000,86443.02,87763.92,86107.43,87297.99,1799.42456
1765897200000,87298.0,88175.98,86839.35,87977.43,1924.39377
1765900800000,87977.44,88050.17,87333.08,87588.26,1300.81662
1765904400000,87588.26,87844.01,87093.79,87131.99,779.27901
1765908000000,87132.0,88019.88,87061.23,87781.35,863.99314
1765911600000,87781.35,87800.0,87294.11,87585.77,553.66943
1765915200000,87585.76,87836.47,87343.75,87573.23,378.71665
1765918800000,87573.22,87906.29,87496.05,87768.59,268.86536
1765922400000,87768.6,87931.48,87636.37,87783.34,255.6448
1765926000000,87783.35,87874.66,87602.34,87863.42,201.76207
1765929600000,87863.43,87863.43,87426.06,87537.21,344.84512
1765933200000,87537.22,87950.0,87489.12,87552.3,293.20917
1765936800000,87552.3,87587.14,87188.37,87483.04,275.84035
1765940400000,87483.04,87615.27,87150.01,87213.59,265.7567
1765944000000,87213.6,87398.54,86721.86,86752.26,378.79516
1765947600000,86752.27,86756.74,86209.11,86626.39,634.29318
1765951200000,86626.4,87005.27,86587.82,86777.98,454.66393
1765954800000,86777.98,87169.37,86593.55,87045.59,627.05868
1765958400000,87045.59,87045.59,86326.8,86395.66,456.87442
1765962000000,86395.67,86615.38,86262.85,86417.46,334.04163
1765965600000,86417.45,86837.63,86238.91,86624.49,386.26358
1765969200000,86624.5,87137.42,86565.23,86983.26,504.05307
1765972800000,86983.26,87215.97,86828.0,87029.55,620.91109
1765976400000,87029.56,87860.0,86817.27,87631.37,984.05009
1765980000000,87631.37,89685.17,87161.39,89675.85,2426.7071
1765983600000,89675.85,90365.85,87136.97,87233.44,4100.60903
1765987200000,87233.44,87769.23,86166.66,86986.51,2213.28706
1765990800000,86986.5,87103.44,86265.15,86427.12,812.7277
1765994400000,86427.12,86850.64,85662.46,85829.22,910.41728
1765998000000,85829.25,86195.38,85314.0,86018.53,1109.18442
1766001600000,86018.53,86252.16,85644.09,85891.18,709.05939
1766005200000,85890.36,86049.17,85700.0,85982.88,262.46393
1766008800000,85982.88,86431.14,85888.2,86339.09,477.50595
1766012400000,86339.1,86340.6,85950.0,86243.22,251.49926
1766016000000,86243.23,86313.71,86056.56,86230.74,267.87743
1766019600000,86230.74,86242.15,85863.93,86119.21,322.24363
1766023200000,86119.27,86863.75,86011.2,86699.64,501.47272
1766026800000,86699.64,86699.64,86270.59,86618.34,624.40718
1766030400000,86618.35,86901.4,86607.34,86765.43,404.8311
1766034000000,86765.44,86768.78,86384.61,86440.9,380.26204
1766037600000,86440.9,86660.61,86411.62,86645.93,241.79517
1766041200000,86645.93,86863.75,86593.07,86833.84,524.31368
1766044800000,86833.83,87126.22,86685.14,86978.98,699.0764
1766048400000,86978.98,87392.43,86803.06,87280.95,575.12681
1766052000000,87280.95,87453.63,87213.27,87341.95,387.02725
1766055600000,87342.0,87356.81,87067.26,87300.74,233.58665
1766059200000,87300.5,87428.0,87109.76,87259.99,364.92164
1766062800000,87259.99,89203.23,87259.99,88851.7,2595.36979
1766066400000,88851.7,89477.61,87727.25,88345.2,2494.91228
1766070000000,88345.19,89362.79,87966.24,88513.44,1859.88413
1766073600000,88513.43,88533.61,87852.0,88014.0,962.80719
1766077200000,88014.0,88022.63,85481.22,86483.56,2784.29449
1766080800000,86483.56,86889.04,85720.0,85970.0,1482.84371
1766084400000,85970.0,86010.0,84481.31,84483.79,4102.16356
1766088000000,84483.8,85268.41,84450.01,84582.65,1888.57496
1766091600000,84582.64,85835.9,84559.21,85630.95,999.89541
1766095200000,85630.96,85750.85,85288.01,85582.88,409.43501
1766098800000,85582.89,85619.99,85322.07,85516.41,298.2954
1766102400000,85516.41,85604.88,85295.2,85604.88,318.70597
1766106000000,85604.88,85604.88,85110.24,85320.43,357.58384
1766109600000,85320.42,85929.06,85135.39,85643.44,554.49887
1766113200000,85643.44,87568.99,85610.47,86891.39,2080.88033
1766116800000,86891.39,87380.0,86846.15,87103.34,691.06624
1766120400000,87103.34,87223.98,86647.51,87139.95,797.75888
1766124000000,87139.95,87484.0,86907.8,87483.41,424.48329
1766127600000,87483.41,88449.06,87473.53,87953.4,1800.28697
1766131200000,87953.39,88222.0,87742.6,88102.78,559.50769
1766134800000,88102.78,88165.27,87898.36,88105.03,362.43771
1766138400000,88105.03,88341.29,87921.41,88267.09,527.07869
1766142000000,88267.09,88385.06,88138.51,88198.7,348.79773
1766145600000,88198.7,88280.06,87846.03,87855.92,788.49881
1766149200000,87855.92,88220.41,87825.19,87997.14,815.3906
1766152800000,87997.13,88552.17,87514.59,88180.01,1848.73686
1766156400000,88180.0,89399.97,87692.77,87951.87,2536.09207
1766160000000,87951.86,88882.55,87872.91,87983.25,1009.42568
1766163600000,87983.24,88346.96,86873.14,86943.25,1787.60684
1766167200000,86943.26,87466.09,86846.16,87155.44,656.70102
1766170800000,87155.43,88125.67,87134.6,87845.92,1130.87692
1766174400000,87845.92,88416.0,87614.79,88099.6,970.95933
1766178000000,88099.59,88099.6,87800.0,87839.4,343.56863
1766181600000,87839.39,88426.85,87839.39,88344.78,328.59939
1766185200000,88344.77,88360.0,88133.85,88136.94,217.10768
1766188800000,88136.95,88188.0,87961.6,88005.63,238.63486
1766192400000,88005.63,88165.27,88005.62,88075.89,236.74301
1766196000000,88075.89,88311.87,87988.67,88204.04,365.01084
1766199600000,88204.03,88339.27,88176.45,88214.98,144.05844
1766203200000,88214.98,88338.31,88123.07,88295.37,198.26731
1766206800000,88295.38,88573.07,88275.19,88295.31,306.24924
1766210400000,88295.31,88444.54,88275.92,88305.81,99.47233
1766214000000,88305.81,88328.84,88189.67,88275.41,193.88304
1766217600000,88275.41,88428.0,88257.21,88257.21,190.13912
1766221200000,88257.21,88339.05,88220.61,88224.0,171.15417
1766224800000,88224.0,88288.21,88129.27,88163.99,255.88825
1766228400000,88163.99,88313.2,88107.35,88277.66,204.54149
1766232000000,88277.66,88335.0,88195.51,88256.08,140.78522
1766235600000,88256.07,88343.73,87795.76,88270.39,491.51954
1766239200000,88270.39,88287.84,88012.0,88260.88,329.36375
1766242800000,88260.89,88267.1,88025.96,88178.71,354.00686
1766246400000,88178.72,88242.55,88133.65,88149.72,141.45563
1766250000000,88149.72,88258.22,88103.54,88181.8,145.0622
1766253600000,88181.8,88418.73,88151.97,88313.21,203.88068
1766257200000,88313.22,88329.03,88201.14,88232.92,83.7064
1766260800000,88232.92,88312.72,88211.17,88271.6,128.50977
1766264400000,88271.6,88443.44,88184.96,88208.73,169.66114
1766268000000,88208.74,88339.99,88154.06,88279.35,182.0376
1766271600000,88279.34,88423.31,88252.78,88360.9,149.10105
1766275200000,88360.91,88433.64,88306.0,88387.92,134.46825
1766278800000,88387.93,88387.93,88011.83,88011.83,279.93502
1766282400000,88011.84,88149.99,87869.35,87943.76,392.18461
1766286000000,87943.76,88150.0,87934.48,88070.64,184.82899
1766289600000,88070.64,88149.13,88050.0,88065.83,180.33962
1766293200000,88065.83,88150.01,88054.05,88138.95,67.73322
1766296800000,88138.95,88201.59,88068.36,88090.72,107.2407
1766300400000,88090.73,88174.79,88054.61,88174.79,100.25965
1766304000000,88174.79,88767.2,88141.87,88537.87,426.66802
1766307600000,88537.88,89081.77,88500.3,88892.82,535.95501
1766311200000,88892.82,88979.94,88580.52,88669.78,321.68195
1766314800000,88669.78,88750.0,88588.11,88601.57,155.51107
1766318400000,88601.57,88920.01,88463.78,88638.01,273.81982
1766322000000,88638.01,88694.32,87600.04,87670.1,1029.34323
1766325600000,87670.1,88148.34,87615.07,88065.18,535.83684
1766329200000,88065.19,88272.34,87813.0,88067.95,367.50892
1766332800000,88067.96,88369.0,87985.11,88359.18,434.1318
1766336400000,88359.18,88494.97,88280.67,88324.14,292.57922
1766340000000,88324.14,88451.84,87950.0,88445.09,223.91956
1766343600000,88445.08,88600.0,88201.58,88484.01,289.83713
1766347200000,88484.01,88500.0,88230.76,88230.96,127.7821
1766350800000,88230.97,88368.83,88091.96,88162.86,151.57667
1766354400000,88162.86,88494.99,88120.99,88483.63,176.80431
1766358000000,88483.64,88823.52,88374.74,88658.86,342.92687
1766361600000,88658.87,89627.24,88613.87,88622.4,1109.80548
1766365200000,88622.4,89279.31,88516.0,88626.31,593.85875
1766368800000,88626.31,88658.22,87900.0,88458.27,639.02818
1766372400000,88458.27,88850.0,88283.4,88774.12,277.28751
1766376000000,88774.13,89034.44,88712.11,88904.99,316.78715
1766379600000,88905.0,89000.0,88762.43,88831.34,260.18369
1766383200000,88831.34,89008.0,88730.07,88909.26,222.6097
1766386800000,88909.26,89200.0,88891.63,89170.1,491.12288
1766390400000,89170.1,89908.71,89093.44,89334.2,921.73946
1766394000000,89334.21,89836.89,89301.0,89829.6,441.59532
1766397600000,89829.6,89868.0,89615.38,89778.94,435.91534
1766401200000,89778.95,90118.0,89656.38,89945.43,823.65187
1766404800000,89945.43,90588.23,89866.0,90208.48,1081.30015
1766408400000,90208.49,90319.98,89731.72,89912.37,614.87382
1766412000000,89912.38,90293.28,89440.5,90126.43,1047.85448
1766415600000,90126.44,90454.74,89196.42,89726.92,1198.6937
1766419200000,89726.93,90127.0,89523.22,89550.0,654.12884
1766422800000,89550.01,89579.81,89092.09,89308.92,588.68917
1766426400000,89308.91,89523.23,89140.0,89150.04,385.95267
1766430000000,89150.04,89150.04,87965.76,88052.43,980.77862
1766433600000,88052.42,88486.12,87911.79,88351.03,544.44938
1766437200000,88351.03,88619.13,88235.09,88275.06,405.03635
1766440800000,88275.05,88833.33,88150.0,88660.07,389.08575
1766444400000,88660.07,88700.0,88430.43,88620.79,248.79144
1766448000000,88620.79,88940.0,88504.78,88770.47,270.13686
1766451600000,88770.47,88889.76,88430.0,88513.71,241.89286
1766455200000,88513.72,88755.24,88091.21,88206.8,579.81965
1766458800000,88206.8,88355.56,87800.0,88170.0,413.85546
1766462400000,88170.0,88368.1,87930.99,87930.99,308.91036
1766466000000,87931.0,88025.71,87614.79,87765.01,482.98475
1766469600000,87765.01,87780.0,87051.52,87400.01,787.33301
1766473200000,87400.01,87698.82,87373.22,87574.79,417.2025
1766476800000,87574.78,87699.99,87433.2,87477.15,347.82336
1766480400000,87477.14,87630.76,87297.69,87531.85,429.48493
1766484000000,87531.85,87659.9,87510.6,87615.93,241.30517
1766487600000,87615.92,87890.0,87564.29,87856.65,413.76507
1766491200000,87856.66,87963.03,87600.0,87789.18,403.03862
1766494800000,87789.18,87902.0,87426.7,87616.67,558.41583
1766498400000,87616.66,87829.2,86601.9,86874.0,1406.81005
1766502000000,86873.99,87550.0,86720.0,87443.45,1039.72862
1766505600000,87443.45,88189.64,87325.4,88003.63,1214.11389
1766509200000,88003.63,88275.4,87180.0,87180.01,705.26293
1766512800000,87180.0,88177.98,87162.39,87975.01,814.37143
1766516400000,87975.02,88043.94,87650.0,87752.87,487.08154
1766520000000,87752.88,88372.35,87524.58,87691.5,807.56489
1766523600000,87691.51,87856.37,87540.87,87722.89,406.59734
1766527200000,87722.9,87779.25,87250.0,87399.45,627.85138
1766530800000,87399.45,87520.87,87180.0,87486.0,504.97854
1766534400000,87486.0,87672.26,87264.0,87660.47,394.43819
1766538000000,87660.47,87839.66,87500.0,87632.51,313.39351
1766541600000,87632.51,87658.07,86940.76,87134.39,587.21641
1766545200000,87134.39,87392.61,86863.88,87336.23,303.84075
1766548800000,87336.23,87458.54,87083.5,87147.65,288.59994
1766552400000,87147.64,87248.79,86796.65,86957.9,344.84105
1766556000000,86957.89,87071.64,86802.03,87019.21,370.38507
1766559600000,87019.21,87184.57,86911.52,86911.53,345.81136
1766563200000,86911.53,87077.67,86769.32,86795.56,315.09263
1766566800000,86795.56,86903.17,86724.05,86812.8,230.63616
1766570400000,86812.8,87196.0,86812.79,87077.66,292.48243
1766574000000,87077.66,87359.59,87077.66,87203.94,350.15883
1766577600000,87203.94,87478.59,87129.47,87428.51,308.22922
1766581200000,87428.5,87440.24,87038.44,87286.9,403.57201
1766584800000,87286.9,87448.49,86420.0,86994.7,906.39237
1766588400000,86994.7,87218.69,86580.0,87049.99,682.33537
1766592000000,87050.0,87670.0,86917.25,87283.23,859.06821
1766595600000,87283.23,87576.68,87255.06,87322.77,412.5613
1766599200000,87322.77,87500.67,87233.93,87470.65,257.686
1766602800000,87470.64,87578.81,87329.9,87566.06,217.13377
1766606400000,87566.07,87679.05,87516.77,87556.2,186.42889
1766610000000,87556.21,87795.65,87556.2,87696.33,184.56137
1766613600000,87696.34,88049.89,87696.33,88009.81,324.48249
1766617200000,88009.82,88023.57,87599.14,87669.45,261.49587
1766620800000,87669.44,87749.0,87508.52,87568.37,172.91056
1766624400000,87568.37,87748.78,87567.42,87699.99,127.73475
1766628000000,87700.0,87967.5,87563.87,87892.66,207.0102
1766631600000,87892.66,87925.08,87767.84,87840.42,145.20674
1766635200000,87840.42,87843.38,87743.0,87773.33,132.58221
1766638800000,87773.34,87787.92,87661.17,87750.55,171.99245
1766642400000,87750.56,87842.53,87692.67,87836.42,122.21291
1766646000000,87836.43,87862.2,87755.94,87837.59,141.89666
1766649600000,87837.59,87888.0,87351.96,87584.65,461.19047
1766653200000,87584.65,87603.78,87450.01,87526.48,318.47286
1766656800000,87526.47,87533.36,87251.6,87414.14,276.87514
1766660400000,87414.15,87591.32,87414.14,87519.44,147.21369
1766664000000,87519.45,87586.92,87476.49,87566.0,142.98872
1766667600000,87566.0,87683.87,87398.78,87638.25,370.11784
1766671200000,87638.25,87759.33,87550.0,87718.21,282.91916
1766674800000,87718.22,88592.74,87714.0,88371.27,1137.4468
1766678400000,88371.27,88478.0,87993.21,88086.72,533.77153
1766682000000,88086.73,88211.18,88000.32,88139.08,203.97629
1766685600000,88139.07,88314.37,88139.07,88241.26,193.54871
1766689200000,88241.26,88249.51,88075.99,88151.18,108.25003
1766692800000,88151.19,88167.65,87650.0,87892.69,287.61054
1766696400000,87892.69,87982.98,87820.0,87901.21,144.90662
1766700000000,87901.22,87915.1,87311.0,87650.0,459.19007
1766703600000,87649.99,87771.01,86934.72,87225.27,806.5574
1766707200000,87225.27,87320.1,86891.7,87120.0,573.22847
1766710800000,87119.99,87500.0,87119.99,87432.26,232.7474
1766714400000,87432.26,89440.0,87416.04,89199.99,2823.54617
1766718000000,89200.0,89289.99,88714.36,88844.87,1335.10374
1766721600000,88844.88,89153.17,88516.73,88969.24,561.2344
1766725200000,88969.24,89045.71,88828.06,88996.58,281.22768
1766728800000,88996.58,89250.0,88996.58,89124.24,512.77497
1766732400000,89124.24,89567.75,88347.45,88470.75,1799.23903
1766736000000,88470.75,88886.0,88414.81,88742.28,449.86032
1766739600000,88742.28,88918.59,88649.63,88811.76,363.34862
1766743200000,88811.77,88882.01,88680.0,88748.34,245.05773
1766746800000,88748.35,88754.69,88532.0,88533.42,192.05882
1766750400000,88533.43,88761.45,88533.42,88678.9,338.36189
1766754000000,88678.89,89050.0,88618.14,88992.88,360.81787
1766757600000,88992.88,89049.88,87345.88,87380.43,1728.76389
1766761200000,87380.44,87381.0,86655.08,87137.81,3504.43069
1766764800000,87137.81,87380.0,86850.38,86855.82,711.31648
1766768400000,86855.83,87463.77,86818.18,87331.91,460.45969
1766772000000,87331.91,87380.0,87117.11,87277.77,386.97537
1766775600000,87277.78,87580.29,87246.0,87501.83,382.01197
1766779200000,87501.83,87792.7,87399.71,87585.77,275.036
1766782800000,87585.76,87697.81,87460.57,87470.59,309.65661
1766786400000,87470.59,87592.67,87321.4,87550.0,304.7143
1766790000000,87549.99,87550.09,87331.85,87369.56,212.64294
1766793600000,87369.56,87414.26,87253.05,87401.07,201.59724
1766797200000,87401.08,87492.66,87333.0,87475.03,129.68193
1766800800000,87475.03,87492.66,87392.64,87446.02,170.0172
1766804400000,87446.01,87532.0,87386.97,87514.22,174.05379
1766808000000,87514.23,87516.84,87463.32,87470.19,106.03892
1766811600000,87470.19,87512.8,87446.19,87506.0,107.21243
1766815200000,87506.01,87566.0,87417.93,87469.02,148.91554
1766818800000,87469.02,87702.0,87469.01,87539.26,153.18664
1766822400000,87539.26,87677.0,87539.25,87593.0,113.75997
1766826000000,87593.01,87665.62,87533.84,87618.91,478.79096
1766829600000,87618.9,87627.67,87370.73,87503.01,293.11984
1766833200000,87503.02,87549.97,87442.15,87475.98,192.08386
1766836800000,87475.99,87515.21,87422.41,87474.28,86.49536
1766840400000,87474.28,87478.37,87308.05,87452.78,204.72599
1766844000000,87452.79,87544.91,87390.16,87544.9,306.42504
1766847600000,87544.89,87589.99,87484.71,87551.25,151.74415
1766851200000,87551.26,87583.47,87442.08,87498.41,152.77888
1766854800000,87498.42,87562.79,87467.33,87562.58,129.16436
1766858400000,87562.57,87572.41,87463.76,87500.01,152.40591
1766862000000,87500.01,87591.0,87500.0,87569.39,132.24207
1766865600000,87569.39,87635.77,87523.78,87555.92,113.31975
1766869200000,87555.92,87668.23,87555.91,87668.22,95.93035
1766872800000,87668.23,87955.0,87499.99,87565.99,386.61743
1766876400000,87566.0,87984.0,87565.99,87877.01,289.24395
1766880000000,87877.0,87961.37,87705.97,87854.96,205.17782
1766883600000,87854.97,87945.39,87739.06,87785.96,153.21984
1766887200000,87785.97,87872.67,87755.8,87810.78,104.97363
1766890800000,87810.79,87845.45,87725.47,87740.01,208.71524
1766894400000,87740.0,87837.99,87693.0,87724.87,151.07627
1766898000000,87724.86,87724.87,87614.79,87657.93,115.90545
1766901600000,87657.94,87784.2,87647.42,87732.0,93.33462
1766905200000,87732.01,87734.98,87675.87,87730.85,81.91388
1766908800000,87730.86,87972.95,87730.86,87805.0,172.52967
1766912400000,87805.0,87900.0,87720.0,87800.0,198.63592
1766916000000,87800.0,88010.0,87799.99,87856.91,246.43833
1766919600000,87856.91,87923.5,87818.58,87883.25,142.43984
1766923200000,87883.25,87891.32,87794.86,87850.6,130.62309
1766926800000,87850.59,87962.45,87820.0,87896.59,171.73272
1766930400000,87896.6,88088.75,87896.59,87910.0,249.63472
1766934000000,87910.0,88006.0,87824.18,87836.27,269.26609
1766937600000,87836.27,87898.42,87740.0,87814.04,180.88996
1766941200000,87814.04,87931.59,87760.0,87760.0,91.8913
1766944800000,87760.01,87768.79,87500.26,87598.49,404.22039
1766948400000,87598.49,87698.3,87511.27,87520.75,204.83537
1766952000000,87520.75,87655.28,87446.73,87514.76,144.33445
1766955600000,87514.75,87592.67,87435.0,87588.37,122.38811
1766959200000,87588.37,87992.7,87481.55,87900.09,295.38221
1766962800000,87900.09,88049.53,87634.92,87952.71,306.73393
1766966400000,87952.71,88444.19,87813.17,88295.69,572.37767
1766970000000,88295.68,88480.0,87849.42,88445.57,562.88296
1766973600000,88445.57,89383.74,88445.57,89163.25,1796.47871
1766977200000,89163.25,90169.06,89101.79,90123.55,1827.31757
1766980800000,90123.55,90406.08,89952.81,90143.06,1199.9569
1766984400000,90143.07,90300.07,89931.37,89984.0,828.28612
1766988000000,89984.0,90121.21,89749.87,89777.26,503.12838
1766991600000,89777.25,89846.71,89507.03,89617.71,971.61551
1766995200000,89617.71,89825.01,89444.47,89555.1,990.67432
1766998800000,89555.1,89618.22,87770.1,88100.05,2360.59949
1767002400000,88100.5,88270.02,87653.69,87780.01,807.41906
1767006000000,87780.0,87793.27,87567.65,87567.66,450.07731
1767009600000,87567.65,87636.34,86806.5,87397.0,1590.97728
1767013200000,87396.99,87537.23,87165.04,87387.71,611.5172
1767016800000,87387.7,88190.71,87259.3,87429.96,985.6991
1767020400000,87429.97,87918.69,87222.41,87691.62,990.15708
1767024000000,87691.62,87840.08,87439.03,87627.11,372.34157
1767027600000,87627.11,87850.0,87350.0,87849.99,322.83525
1767031200000,87850.0,87996.22,87361.53,87464.77,459.75861
1767034800000,87464.78,87668.23,87312.34,87366.23,302.7479
1767038400000,87366.23,87597.59,87085.8,87212.01,665.4604
1767042000000,87212.01,87371.62,87173.31,87337.85,221.04149
1767045600000,87337.85,87404.29,87071.49,87351.05,310.53727
1767049200000,87351.05,87395.07,87188.0,87237.13,191.0986
1767052800000,87237.13,87359.4,87105.09,87250.23,230.51064
1767056400000,87250.22,87356.62,87117.87,87308.23,239.57935
1767060000000,87308.23,87347.7,86986.82,87111.0,471.28819
1767063600000,87110.99,87423.65,86845.66,87379.0,579.19187
1767067200000,87378.99,87492.66,87294.67,87300.0,292.49013
1767070800000,87300.01,87359.43,87157.07,87255.97,140.45208
1767074400000,87255.98,87527.42,87241.91,87443.17,234.42509
1767078000000,87443.17,87600.0,87369.98,87502.85,410.22407
1767081600000,87502.85,88224.76,87502.84,87872.68,1026.69682
1767085200000,87872.68,88046.37,87657.44,87992.7,436.16992
1767088800000,87992.7,88179.38,87906.94,87949.51,416.39591
1767092400000,87949.52,88026.36,87735.09,87903.89,588.98774
1767096000000,87903.89,88090.79,87901.7,88023.54,497.15542
1767099600000,88023.53,88136.0,87918.6,88110.02,448.15717
1767103200000,88110.02,89010.12,87834.01,88875.83,1626.18161
1767106800000,88875.82,89159.52,88204.14,89016.35,1310.95153
1767110400000,89016.36,89400.0,88577.42,88742.63,1418.9593
1767114000000,88742.63,88900.72,88129.91,88371.34,713.60336
1767117600000,88371.34,88493.62,88132.59,88304.0,434.34765
1767121200000,88304.01,88422.22,87960.2,88226.16,345.47514
1767124800000,88226.15,88226.15,87886.46,87947.15,439.95021
1767128400000,87947.15,88330.13,87891.15,88287.27,253.18432
1767132000000,88287.28,88470.0,88287.28,88430.19,280.86597
1767135600000,88430.18,88573.65,88371.33,88485.49,270.66652
1767139200000,88485.5,88485.5,88251.93,88255.54,243.9475
1767142800000,88255.54,88784.0,88172.15,88649.33,355.7574
1767146400000,88649.32,88742.0,88521.84,88673.6,258.23398
1767150000000,88673.61,88819.8,88379.09,88453.04,274.04184
1767153600000,88453.04,88549.5,88325.06,88325.06,158.17484
1767157200000,88325.07,88526.06,88325.07,88463.09,296.57164
1767160800000,88463.1,88561.69,88463.09,88512.92,212.68538
1767164400000,88512.93,88638.76,88431.08,88613.12,304.98001
1767168000000,88613.11,88733.33,88393.52,88434.65,277.76782
1767171600000,88434.66,88715.27,88434.65,88660.1,315.83327
1767175200000,88660.1,88897.99,88660.09,88847.26,482.82711
1767178800000,88847.27,89046.6,88802.97,89011.52,598.23924
1767182400000,89011.51,89044.74,88677.32,88775.96,545.9639
1767186000000,88775.96,89045.98,88741.54,88991.88,300.73941
1767189600000,88991.88,89200.0,88278.35,88479.99,1133.76043
1767193200000,88479.99,88487.68,87766.59,87953.97,1281.39241
1767196800000,87953.97,88053.49,87400.41,87656.98,1249.28961
1767200400000,87656.99,87741.99,87489.59,87620.82,629.77671
1767204000000,87620.82,87980.0,87574.12,87684.07,434.88825
1767207600000,87684.08,87870.02,87516.7,87541.85,622.18859
1767211200000,87541.85,87712.13,87250.0,87662.01,770.32743
1767214800000,87662.01,87879.04,87662.01,87799.97,383.8555
1767218400000,87799.97,87879.04,87656.19,87728.29,236.18697
1767222000000,87728.3,87728.3,87619.67,87648.22,191.19123
1767225600000,87648.21,87849.26,87632.74,87809.23,233.66036
1767229200000,87809.24,88050.0,87809.23,87960.0,241.44162
1767232800000,87960.01,88088.1,87895.37,87914.0,209.5586
1767236400000,87914.0,88015.7,87832.09,87846.02,149.08354
1767240000000,87846.01,87854.81,87550.43,87590.4,476.17901
1767243600000,87590.41,87749.34,87590.4,87704.39,283.17436
1767247200000,87704.39,87704.39,87636.29,87658.0,123.89656
1767250800000,87658.01,87673.01,87596.0,87631.88,225.27492
1767254400000,87631.88,87811.13,87631.87,87770.9,285.21745
1767258000000,87770.89,87965.25,87751.82,87877.99,210.22963
1767261600000,87877.99,87883.8,87799.17,87863.76,128.0738
1767265200000,87863.75,88024.64,87859.36,88024.64,196.30405
1767268800000,88024.64,88036.42,87925.28,87950.0,200.13556
1767272400000,87950.0,88019.82,87860.66,87922.64,155.72883
1767276000000,87922.63,87970.59,87810.66,87967.05,390.01531
1767279600000,87967.05,88113.45,87916.39,88032.18,260.01234
1767283200000,88032.17,88048.7,87879.03,87988.76,189.99476
1767286800000,87988.77,88500.0,87976.0,88316.37,476.08554
1767290400000,88316.38,88364.0,88105.08,88193.94,257.59166
1767294000000,88193.94,88431.23,88062.32,88391.15,216.66303
1767297600000,88391.16,88391.16,88240.0,88258.12,135.39527
1767301200000,88258.12,88447.84,88254.08,88377.67,168.57205
1767304800000,88377.67,88699.99,88377.67,88645.57,474.23054
1767308400000,88645.57,88919.45,88474.63,88839.04,593.05254
1767312000000,88839.05,88890.09,88594.39,88833.97,448.72758
1767315600000,88833.96,88877.12,88525.73,88639.89,242.38673
1767319200000,88639.89,88665.1,88379.88,88637.03,253.81052
1767322800000,88637.02,89120.01,88573.64,88950.65,670.13653
1767326400000,88950.64,88992.0,88629.0,88637.64,287.46487
1767330000000,88637.64,88787.56,88576.56,88765.2,223.91609
1767333600000,88765.21,89079.44,88715.44,88935.04,291.36506
1767337200000,88935.05,89068.62,88794.01,88857.61,387.57118
1767340800000,88857.6,89200.0,88758.94,89178.13,436.78167
1767344400000,89178.13,89484.06,89106.34,89467.32,885.84196
1767348000000,89467.32,89942.44,89451.34,89666.29,1401.67184
1767351600000,89666.3,89682.04,89360.0,89502.95,610.27074
1767355200000,89502.94,89593.17,89387.01,89400.0,388.55376
1767358800000,89400.0,89688.6,89309.94,89348.68,481.02676
1767362400000,89348.67,90135.0,88459.96,89580.0,2152.74387
1767366000000,89580.01,89888.0,88800.0,89418.11,1551.51931
1767369600000,89418.1,90800.0,89205.92,90376.05,2486.21857
1767373200000,90376.05,90961.81,90185.43,90370.52,1336.49207
1767376800000,90370.52,90555.99,89552.18,89773.1,847.22983
1767380400000,89773.1,90157.03,89650.0,89897.23,485.53154
1767384000000,89897.23,90075.0,89636.77,89740.0,538.07124
1767387600000,89740.01,90175.01,89728.37,90065.8,330.88507
1767391200000,90065.8,90400.0,90026.54,90195.37,409.68756
1767394800000,90195.37,90201.67,89902.16,89995.13,249.06866
1767398400000,89995.14,90195.77,89966.48,90156.19,298.52212
1767402000000,90156.19,90292.87,90077.69,90282.69,236.37769
1767405600000,90282.68,90418.32,90129.53,90340.0,305.59164
1767409200000,90340.01,90376.49,90200.0,90321.22,185.70264
1767412800000,90321.23,90480.62,90053.53,90170.0,411.08569
1767416400000,90170.01,90198.0,89924.48,90031.1,222.72398
1767420000000,90031.1,90134.6,89850.1,89871.05,273.68226
1767423600000,89871.04,89950.88,89314.01,89577.13,869.92487
1767427200000,89577.13,89831.9,89420.75,89670.51,458.1693
1767430800000,89670.51,89982.11,89634.95,89791.99,409.91195
1767434400000,89792.0,89881.1,89715.21,89754.47,270.67124
1767438000000,89754.48,89782.81,89679.14,89752.74,162.35671
1767441600000,89752.75,90046.0,89664.93,90039.13,374.21001
1767445200000,90039.12,90065.74,89920.01,90004.96,287.30479
1767448800000,90004.97,90249.99,89960.0,90126.02,298.26434
1767452400000,90126.02,90126.02,89968.0,89969.31,155.37202
1767456000000,89969.31,90219.67,89918.59,90105.24,200.27276
1767459600000,90105.24,90123.77,90026.93,90093.99,83.86507
1767463200000,90094.0,90197.88,90035.52,90138.87,141.85601
1767466800000,90138.87,90156.19,90060.0,90123.77,90.08443
1767470400000,90123.76,90372.4,90017.23,90372.39,179.02196
1767474000000,90372.4,90741.16,90318.29,90564.31,398.89642
1767477600000,90564.32,90738.99,90497.52,90590.04,433.4938
1767481200000,90590.04,90700.0,90469.39,90628.01,310.10546
1767484800000,90628.01,91610.17,90628.0,91341.47,1737.64298
1767488400000,91341.48,91475.52,91005.37,91235.37,375.26249
1767492000000,91235.37,91292.0,91080.06,91124.0,278.2894
1767495600000,91124.0,91350.0,91080.06,91236.78,328.23931
1767499200000,91236.78,91587.72,91183.15,91400.0,457.69348
1767502800000,91400.01,91490.68,91348.31,91480.04,172.44443
1767506400000,91480.04,91810.0,91237.54,91237.55,747.06543
1767510000000,91237.54,91546.31,91211.25,91532.0,456.46078
1767513600000,91532.0,91536.0,91174.46,91374.99,620.80815
1767517200000,91374.99,91485.21,91244.29,91468.28,941.08164
1767520800000,91468.28,91620.5,91422.67,91600.62,665.01473
1767524400000,91600.62,91600.62,91236.19,91300.0,369.35457
1767528000000,91300.01,91360.0,91084.0,91150.98,454.56858
1767531600000,91150.99,91276.94,91014.1,91264.0,272.68922
1767535200000,91264.0,91419.22,91146.86,91336.39,272.07953
1767538800000,91336.39,91381.6,91096.27,91334.94,316.98098
1767542400000,91334.94,91455.9,91244.6,91321.0,326.44422
1767546000000,91321.0,91436.21,91306.77,91335.73,137.11227
1767549600000,91335.72,91335.73,91000.0,91205.39,304.66859
1767553200000,91205.38,91205.39,90863.47,91138.07,372.30446
1767556800000,91138.06,91349.38,91132.0,91313.94,147.52188
1767560400000,91313.93,91421.96,91182.71,91279.99,135.33795
1767564000000,91279.99,91401.98,91150.47,91220.01,149.03275
1767567600000,91220.0,91590.0,91220.0,91529.73,388.43188
1767571200000,91529.74,92426.82,91514.81,92405.46,2061.87264
1767574800000,92405.46,93388.0,92280.69,92967.28,1977.50385
1767578400000,92967.29,93157.99,92724.98,93033.11,913.68581
1767582000000,93033.11,93204.7,92871.26,92878.22,595.50021
1767585600000,92878.22,92947.87,92330.46,92595.07,588.83873
1767589200000,92595.07,92720.73,92340.39,92359.99,400.538
1767592800000,92359.99,92500.0,92155.0,92491.81,320.70875
1767596400000,92491.82,92644.31,92484.72,92520.63,528.78142
1767600000000,92520.63,92774.28,92446.0,92467.53,603.26757
1767603600000,92467.54,92845.53,92320.17,92688.6,645.33375
1767607200000,92688.61,93151.0,92679.12,93080.0,681.83063
1767610800000,93080.0,93151.0,92883.03,93134.26,567.75651
1767614400000,93134.25,93206.2,92752.6,92874.28,453.5887
1767618000000,92874.28,93020.0,92535.41,92742.74,486.24906
1767621600000,92742.73,93666.0,92407.13,93428.0,1355.05943
1767625200000,93428.0,94000.0,93170.95,93957.73,1929.19905
1767628800000,93957.74,94076.35,93586.65,93701.31,1298.79178
1767632400000,93701.3,94477.69,93250.0,94317.84,1154.3191
1767636000000,94317.84,94500.0,93920.0,94449.62,974.95833
1767639600000,94449.61,94500.0,94131.44,94303.4,762.3129
1767643200000,94303.4,94789.08,94038.0,94177.99,1133.04005
1767646800000,94178.0,94227.4,93800.0,94095.78,474.75745
1767650400000,94095.78,94406.0,94012.3,94171.22,370.72137
1767654000000,94171.21,94194.01,93859.7,93859.71,394.98075
1767657600000,93859.71,93993.07,93555.93,93816.7,522.32093
1767661200000,93816.7,94161.86,93739.37,93771.82,384.14412
1767664800000,93771.82,93870.66,93529.18,93620.6,336.13865
1767668400000,93620.6,93943.88,93601.96,93769.24,285.34343
1767672000000,93769.25,94000.0,93734.25,93801.07,231.47521
1767675600000,93801.07,93816.0,93572.11,93599.99,407.00036
1767679200000,93599.99,93951.07,93538.83,93780.01,538.64562
1767682800000,93780.01,93782.6,93137.98,93255.08,860.27324
1767686400000,93255.08,93420.11,93167.29,93240.17,355.74138
1767690000000,93240.18,93569.61,93229.37,93462.72,327.55172
1767693600000,93462.72,93654.49,93413.2,93579.56,273.28705
1767697200000,93579.56,93895.0,93571.43,93840.0,403.66589
1767700800000,93839.99,93981.1,93784.3,93872.16,338.69848
1767704400000,93872.17,93872.17,93636.75,93716.53,315.19532
1767708000000,93716.53,94444.44,93531.28,93836.81,1676.33623
1767711600000,93836.81,94311.22,93352.01,93648.99,1417.41756
1767715200000,93649.0,93775.6,92336.0,92692.32,2208.46324
1767718800000,92692.32,92773.05,91539.68,91589.24,1784.74974
1767722400000,91589.23,92221.52,91262.94,92034.09,1427.50922
1767726000000,92034.09,92361.82,91902.0,92104.5,733.78195
1767729600000,92104.49,92698.04,92098.29,92505.32,775.34743
1767733200000,92505.31,93845.03,92372.4,93258.05,1874.69965
1767736800000,93258.04,93533.78,92966.75,93362.68,713.98511
1767740400000,93362.67,93792.17,93333.32,93747.97,354.64676
1767744000000,93747.97,93747.97,92626.31,92709.52,843.19542
1767747600000,92709.36,92902.52,92330.33,92435.35,936.694
1767751200000,92435.36,93060.0,92236.07,92949.77,598.87784
1767754800000,92949.77,93108.69,92747.12,92815.83,294.44853
1767758400000,92815.83,92930.35,92610.0,92670.29,319.36155
1767762000000,92670.3,92847.16,92500.0,92529.54,227.33033
1767765600000,92529.53,92899.57,92523.75,92614.84,240.63686
1767769200000,92614.84,92895.56,92614.83,92879.13,256.24423
1767772800000,92879.14,92961.53,92698.09,92718.9,263.5062
1767776400000,92718.9,92718.91,91600.0,91716.14,1258.05952
1767780000000,91716.14,92000.0,91600.0,91975.31,538.05487
1767783600000,91975.31,92253.16,91928.21,92087.21,542.17686
1767787200000,92087.21,92176.98,91977.73,91997.86,317.95554
1767790800000,91997.85,92299.4,91864.52,92044.67,443.04448
1767794400000,92044.67,92135.1,91353.39,91959.04,1427.59818
1767798000000,91959.05,92000.0,91024.0,91349.96,1434.72957
1767801600000,91349.95,91790.0,91150.0,91264.54,677.82559
1767805200000,91264.55,91698.15,91026.01,91252.14,548.07377
1767808800000,91252.13,91441.35,90733.14,90901.39,816.16719
1767812400000,90901.38,91280.07,90675.52,91186.07,611.7426
1767816000000,91186.07,91300.75,90778.32,91047.49,438.79062
1767819600000,91047.49,91231.9,91035.77,91089.5,245.38775
1767823200000,91089.5,91383.14,90873.08,91180.85,362.9278
1767826800000,91180.85,91489.6,91004.1,91364.16,633.66095
1767830400000,91364.16,91529.72,91072.16,91394.71,369.48198
1767834000000,91394.7,91687.99,91300.0,91428.4,306.46699
1767837600000,91428.39,91473.0,90764.0,90956.49,571.10105
1767841200000,90956.5,91142.51,90616.36,90813.4,547.79189
1767844800000,90813.4,91168.0,90700.0,91022.75,357.33917
1767848400000,91022.74,91188.0,90786.14,90829.58,295.83835
1767852000000,90829.58,90872.0,89897.01,89898.01,1360.25581
1767855600000,89898.0,90588.0,89641.84,90548.02,1094.34311
1767859200000,90548.02,90917.22,90155.05,90227.25,841.98085
1767862800000,90227.25,90374.78,89956.0,90010.0,514.04982
1767866400000,90009.99,90493.18,89777.25,90410.1,526.53398
1767870000000,90409.61,90487.31,90022.26,90226.77,548.71612
1767873600000,90226.77,90240.85,89781.96,89989.21,992.96975
1767877200000,89989.2,90105.08,89861.59,89962.14,441.44929
1767880800000,89962.14,90171.0,89311.0,90024.01,1521.76403
1767884400000,90024.0,90847.52,89820.89,90781.57,1428.07575
1767888000000,90781.57,90926.84,90312.89,90926.84,855.68064
1767891600000,90926.84,91440.0,90842.0,91366.39,874.20589
1767895200000,91366.39,91469.0,90952.0,91117.35,517.40477
1767898800000,91117.35,91333.0,90812.98,90937.41,409.298
1767902400000,90937.42,90996.02,90568.11,90927.62,476.53275
1767906000000,90927.63,91336.63,90917.7,91272.96,629.96765
1767909600000,91272.96,91493.0,91033.11,91231.9,417.67218
1767913200000,91231.89,91336.63,91046.87,91099.99,233.87135
1767916800000,91100.0,91307.72,91058.7,91290.33,179.40576
1767920400000,91290.34,91632.1,90850.0,91056.19,545.56598
1767924000000,91056.2,91481.19,91023.0,91038.38,431.1021
1767927600000,91038.39,91271.73,90941.44,91220.23,417.7946
1767931200000,91220.24,91236.72,90933.3,91012.8,322.36121
1767934800000,91012.81,91119.81,90882.71,91091.82,292.21625
1767938400000,91091.82,91146.47,90989.29,91137.58,209.50276
1767942000000,91137.58,91137.58,90738.34,90741.84,669.4759
1767945600000,90741.85,90843.77,89694.66,90033.52,1141.88324
1767949200000,90033.52,90481.2,90014.6,90338.46,507.45187
1767952800000,90338.47,90558.01,90283.47,90485.87,396.79277
1767956400000,90485.87,90691.32,90404.21,90463.11,540.59585
1767960000000,90463.12,90603.53,90235.13,90449.23,690.17113
1767963600000,90449.22,90938.62,90405.15,90607.66,722.68305
1767967200000,90607.66,90666.91,89940.0,90150.0,840.37741
1767970800000,90150.01,92082.55,89850.0,91176.47,3441.12901
1767974400000,91176.48,91783.32,91175.79,91623.89,1143.47636
1767978000000,91623.89,91680.41,91012.0,91422.23,688.89123
1767981600000,91422.23,91507.82,90340.0,90820.31,551.14415
1767985200000,90820.3,90820.3,90190.0,90332.15,578.57871
1767988800000,90332.14,90580.62,90235.0,90303.36,313.31668
1767992400000,90303.37,90643.81,90113.87,90541.97,207.05117
1767996000000,90541.98,90723.06,90353.91,90630.08,575.52178
1767999600000,90630.08,90732.01,90604.58,90641.28,183.79042
1768003200000,90641.27,90693.89,90527.99,90600.0,151.21516
1768006800000,90600.0,90732.2,90587.0,90688.0,113.18366
1768010400000,90688.0,90782.23,90607.02,90697.17,139.70054
1768014000000,90697.17,90697.18,90554.26,90626.14,124.89032
1768017600000,90626.15,90649.99,90408.23,90448.3,164.87324
1768021200000,90448.3,90617.62,90431.45,90603.52,84.41081
1768024800000,90603.52,90603.53,90474.35,90505.47,74.15884
1768028400000,90505.48,90682.7,90505.47,90678.5,168.18359
1768032000000,90678.5,90773.33,90618.28,90661.95,288.33994
1768035600000,90661.94,90768.97,90630.09,90768.96,158.69299
1768039200000,90768.97,90832.0,90728.45,90828.0,126.67512
1768042800000,90828.0,90828.0,90708.25,90723.86,73.68827
1768046400000,90723.87,90788.78,90665.75,90733.71,94.62022
1768050000000,90733.71,90772.78,90633.86,90656.51,82.9916
1768053600000,90656.52,90658.69,90538.46,90591.01,144.35468
1768057200000,90591.01,90665.76,90584.17,90665.75,92.51513
1768060800000,90665.76,90725.74,90609.56,90676.66,142.80125
1768064400000,90676.66,90746.0,90544.96,90544.96,152.86625
1768068000000,90544.96,90595.63,90504.55,90595.62,158.53961
1768071600000,90595.62,90631.37,90580.61,90626.54,75.9405
1768075200000,90626.54,90659.03,90571.0,90572.86,99.38243
1768078800000,90572.86,90572.86,90500.38,90510.74,144.94285
1768082400000,90510.75,90600.0,90404.0,90427.76,161.64189
1768086000000,90427.76,90567.15,90427.75,90504.7,85.50833
1768089600000,90504.7,90650.75,90451.1,90640.44,114.3636
1768093200000,90640.44,90675.53,90558.95,90628.23,83.46973
1768096800000,90628.24,90731.9,90615.34,90699.0,123.06702
1768100400000,90699.0,90737.95,90631.64,90733.5,142.98004
1768104000000,90733.49,90785.48,90661.53,90785.48,141.85581
1768107600000,90785.48,90850.0,90740.0,90774.43,128.06651
1768111200000,90774.42,90796.83,90585.34,90744.0,169.88277
1768114800000,90744.0,90749.0,90675.52,90710.79,107.03833
1768118400000,90710.8,90816.0,90610.27,90790.01,261.70108
1768122000000,90790.01,90815.44,90675.6,90740.02,180.86038
1768125600000,90740.01,90740.02,90692.79,90736.67,123.08314
1768129200000,90736.66,90756.0,90695.05,90754.99,128.73157
1768132800000,90754.99,91020.0,90720.21,90938.13,211.42505
1768136400000,90938.12,90972.33,90821.47,90849.45,154.00693
1768140000000,90849.45,91191.5,90849.45,91127.16,282.45011
1768143600000,91127.17,91153.99,90708.25,90875.79,496.14604
1768147200000,90875.79,91283.89,90875.79,91039.15,389.24788
1768150800000,91039.14,91147.82,90904.07,90986.68,234.85682
1768154400000,90986.68,90986.69,90793.43,90886.68,177.99755
1768158000000,90886.68,90922.08,90673.3,90690.8,159.3051
1768161600000,90690.81,90743.72,90370.85,90708.26,497.31755
1768165200000,90708.25,90838.69,90590.61,90757.06,217.97309
1768168800000,90757.07,90757.07,90453.36,90526.02,255.60666
1768172400000,90526.01,91041.79,90236.0,91013.65,695.70318
1768176000000,91013.66,91258.66,90700.29,91258.65,740.6183
1768179600000,91258.66,91799.0,91086.0,91412.44,973.78286
1768183200000,91412.44,92384.4,91374.0,92203.56,1103.07593
1768186800000,92203.56,92519.95,91808.11,91808.12,968.99203
1768190400000,91808.12,92290.81,91741.82,92175.78,651.2656
1768194000000,92175.79,92267.66,92037.51,92111.86,274.66206
1768197600000,92111.87,92207.01,91805.43,91836.34,279.64865
1768201200000,91836.35,91970.0,91381.36,91408.09,500.6572
1768204800000,91408.09,91630.13,90388.89,90752.27,1298.94335
1768208400000,90752.28,90942.85,90648.15,90685.64,605.22242
1768212000000,90685.65,90793.18,90370.0,90433.46,399.68146
1768215600000,90433.45,90824.86,90425.36,90620.96,457.29481
1768219200000,90620.95,90863.74,90615.66,90789.37,244.81991
1768222800000,90789.37,90829.73,90538.0,90636.01,327.61952
1768226400000,90636.0,91131.39,90128.44,90908.95,1300.15719
1768230000000,90908.95,91665.0,90705.91,91665.0,1031.47333
1768233600000,91664.99,92332.0,91567.81,92123.52,1578.09092
1768237200000,92123.51,92306.62,91000.53,91522.83,1208.45838
1768240800000,91522.83,91943.26,91411.79,91691.8,505.47425
1768244400000,91691.8,91880.0,91434.8,91861.27,337.94969
1768248000000,91861.27,92046.23,91417.99,91484.86,374.00813
1768251600000,91484.87,91502.37,90938.2,91055.17,398.88227
1768255200000,91055.17,91441.34,91052.21,91244.99,313.86446
1768258800000,91244.99,91311.68,91059.88,91296.2,313.43996
1768262400000,91296.2,91546.08,91249.0,91482.74,334.56358
1768266000000,91482.74,91546.08,91042.66,91185.35,442.20574
1768269600000,91185.34,91382.82,91097.8,91118.3,271.94314
1768273200000,91118.3,91453.45,91118.29,91408.91,263.81213
1768276800000,91408.9,91650.81,91350.71,91515.16,272.26771
1768280400000,91515.17,92255.94,91472.36,91920.99,991.25943
1768284000000,91921.0,92275.38,91806.19,92184.36,600.50125
1768287600000,92184.37,92212.48,91905.33,91942.0,704.5617
1768291200000,91941.99,92250.66,91924.27,92165.9,528.9889
1768294800000,92165.89,92672.11,91950.0,92269.42,1215.58278
1768298400000,92269.42,92350.03,92021.15,92128.62,394.76711
1768302000000,92128.63,92261.04,91972.44,92000.74,405.87783
1768305600000,92000.73,92153.84,91910.25,92109.35,280.96679
1768309200000,92109.35,92606.42,91978.66,92076.12,1336.2017
1768312800000,92076.11,92915.12,91787.61,92462.03,1289.79234
1768316400000,92462.03,93450.0,92132.66,93449.99,1429.93474
1768320000000,93449.99,93760.0,93078.31,93389.63,1920.2444
1768323600000,93389.63,93498.72,93100.0,93241.99,796.01222
1768327200000,93241.99,93871.29,93198.09,93633.71,950.82758
1768330800000,93633.71,94231.82,93475.07,94226.84,1085.51387
1768334400000,94226.85,94500.0,94113.13,94408.7,1604.35758
1768338000000,94408.7,94507.99,94062.0,94087.23,1173.77039
1768341600000,94087.23,96495.0,94087.23,95757.21,3452.31954
1768345200000,95757.19,96107.97,95055.01,95414.0,1275.24237
1768348800000,95413.99,95647.91,95154.04,95236.84,662.80362
1768352400000,95236.84,95582.0,95116.03,95245.6,749.06956
1768356000000,95245.61,95562.0,95190.06,95347.46,588.58584
1768359600000,95347.47,95722.01,95285.5,95720.99,381.4409
1768363200000,95720.99,95799.22,95224.44,95245.16,460.39311
1768366800000,95245.17,95270.25,94972.0,95005.0,669.59606
1768370400000,95005.01,95028.88,94559.28,95028.87,859.31999
1768374000000,95028.88,95233.99,94850.0,95205.1,884.32504
1768377600000,95205.11,95315.15,94900.0,94900.01,380.43239
1768381200000,94900.01,95186.51,94870.01,95088.24,468.07232
1768384800000,95088.24,95291.98,94888.0,95091.75,526.44388
1768388400000,95091.49,95091.49,94737.95,94792.99,381.08629
1768392000000,94793.0,95154.78,94680.67,95077.56,424.37035
1768395600000,95077.56,95241.7,94890.68,94998.19,454.3002
1768399200000,94998.2,96827.0,94982.56,96493.15,2348.26402
1768402800000,96493.14,97084.68,96188.25,96764.57,2804.69067
1768406400000,96764.57,97693.66,96730.77,97293.24,2448.97546
1768410000000,97293.23,97777.0,96800.0,96956.07,2017.29615
1768413600000,96956.07,97110.0,96246.56,96806.55,1150.91366
1768417200000,96806.54,97640.68,96688.36,97267.42,1063.44638
1768420800000,97267.42,97924.49,97209.25,97655.28,1157.33493
1768424400000,97655.27,97717.72,97390.0,97564.0,494.72849
1768428000000,97563.99,97587.34,96772.02,96878.34,1038.79474
1768431600000,96878.34,97371.33,96865.34,96951.78,437.21023
1768435200000,96951.78,97000.0,96500.0,96658.03,798.45682
1768438800000,96658.03,96959.09,96297.32,96445.31,701.30226
1768442400000,96445.32,96617.06,96095.8,96339.91,530.33501
1768446000000,96339.92,96393.58,95777.0,95985.1,791.5879
1768449600000,95985.11,96387.42,95952.89,96316.27,483.75975
1768453200000,96316.27,96510.57,96247.64,96429.71,419.70339
1768456800000,96429.71,96588.45,96172.41,96243.78,473.63021
1768460400000,96243.79,96760.15,96191.79,96630.48,679.19921
1768464000000,96630.47,96662.0,96289.98,96643.0,760.49437
1768467600000,96643.01,97193.34,96559.19,97040.75,1029.77719
1768471200000,97040.75,97070.39,96750.0,96818.68,414.89635
1768474800000,96818.68,96935.39,96580.03,96581.08,588.17595
1768478400000,96581.07,96994.65,96525.24,96981.65,332.6743
1768482000000,96981.66,97032.99,96620.12,96846.75,496.85903
1768485600000,96846.74,97165.03,95592.69,96063.43,1629.09421
1768489200000,96063.43,96791.67,95435.91,96737.04,2359.5541
1768492800000,96737.04,96969.99,96272.72,96738.51,1973.14331
1768496400000,96738.5,97163.0,96426.18,96636.35,2398.07402
1768500000000,96636.35,96650.51,95745.25,95835.0,2117.40598
1768503600000,95835.01,95920.31,95183.13,95516.01,1380.26708
1768507200000,95516.01,95660.0,95134.48,95260.67,524.36978
1768510800000,95260.68,95631.08,95196.0,95584.35,297.62442
1768514400000,95584.36,95871.0,95488.91,95583.87,269.05055
1768518000000,95583.87,95718.31,95378.58,95604.8,276.3785
1768521600000,95604.81,95828.01,95570.96,95633.5,207.12295
1768525200000,95633.5,95855.12,95420.75,95664.18,401.56495
1768528800000,95664.17,95687.47,95393.9,95504.4,384.29986
1768532400000,95504.4,95586.6,95321.58,95354.69,214.15334
1768536000000,95354.69,95582.41,95133.03,95261.29,700.90747
1768539600000,95261.3,95676.73,95242.18,95660.37,746.7663
1768543200000,95660.38,95816.83,95534.0,95741.21,443.54681
1768546800000,95741.22,95788.34,95489.6,95653.16,403.70542
1768550400000,95653.16,95871.47,95570.68,95676.0,594.74259
1768554000000,95676.01,95788.17,95601.5,95613.53,177.27273
1768557600000,95613.53,95637.0,95280.51,95307.35,538.64006
1768561200000,95307.35,95470.0,95261.43,95429.09,303.73259
1768564800000,95429.09,95569.0,95353.5,95458.55,289.70117
1768568400000,95458.55,95579.0,95288.05,95448.87,277.92918
1768572000000,95448.86,95809.08,95192.35,95192.36,624.83754
1768575600000,95192.36,95663.15,94293.46,94585.98,1821.66491
1768579200000,94585.99,94990.73,94508.0,94872.55,811.28371
1768582800000,94872.55,95130.49,94555.88,95076.08,513.23212
1768586400000,95076.09,95215.74,94960.04,95001.19,353.51337
1768590000000,95001.19,95055.31,94841.31,95002.09,176.56522
1768593600000,95002.09,95561.5,94682.0,95553.6,414.87593
1768597200000,95553.61,95600.0,95359.69,95523.52,341.14068
1768600800000,95523.52,95574.0,95260.64,95514.0,283.10566
1768604400000,95513.99,95577.89,95433.83,95550.94,143.41004
1768608000000,95550.94,95578.2,95433.94,95465.97,129.13356
1768611600000,95465.97,95530.0,95384.86,95399.93,104.26658
1768615200000,95399.94,95412.86,95200.0,95371.35,155.12882
1768618800000,95371.36,95384.87,95270.79,95372.95,132.4524
1768622400000,95372.94,95372.95,95260.64,95303.64,131.52683
1768626000000,95303.63,95373.64,95275.05,95323.67,103.95781
1768629600000,95323.68,95347.89,95186.29,95240.07,125.70578
1768633200000,95240.08,95240.08,95041.7,95101.67,197.34545
1768636800000,95101.67,95260.65,95021.67,95247.51,164.49559
1768640400000,95247.51,95290.08,95176.9,95260.65,104.24877
1768644000000,95260.65,95271.21,95116.47,95116.48,127.2407
1768647600000,95116.48,95323.86,95073.57,95323.86,218.85009
1768651200000,95323.85,95412.84,95243.63,95251.15,215.62364
1768654800000,95251.15,95438.33,95198.81,95438.32,227.83624
1768658400000,95438.32,95544.07,95357.02,95471.18,259.56584
1768662000000,95471.17,95639.45,95433.81,95573.64,747.96943
1768665600000,95573.65,95576.14,95212.25,95315.23,330.67135
1768669200000,95315.23,95440.8,95295.17,95357.24,141.2049
1768672800000,95357.23,95465.98,95346.0,95428.25,100.5073
1768676400000,95428.25,95428.25,95290.7,95291.38,64.10708
1768680000000,95291.37,95383.84,95291.36,95378.18,65.25873
1768683600000,95378.19,95412.86,95283.99,95302.94,114.01955
1768687200000,95302.94,95302.94,95050.0,95170.97,209.18455
1768690800000,95170.98,95208.96,95123.79,95147.77,110.50038
1768694400000,95147.77,95250.0,95067.83,95112.47,179.02691
1768698000000,95112.48,95112.48,94876.33,94966.9,243.7208
1768701600000,94966.89,95069.07,94880.53,95022.01,148.4607
1768705200000,95022.01,95205.74,95022.01,95200.29,149.82604
1768708800000,95200.29,95200.3,95075.3,95095.68,90.87843
1768712400000,95095.68,95260.0,95059.27,95188.55,176.45319
1768716000000,95188.54,95199.62,95144.3,95171.43,144.72253
1768719600000,95171.44,95183.3,95028.27,95028.27,293.23856
1768723200000,95028.27,95195.0,95021.44,95183.93,124.9626
1768726800000,95183.93,95295.35,95149.18,95275.73,312.28376
1768730400000,95275.73,95295.39,95088.0,95180.66,344.24187
1768734000000,95180.67,95180.67,95061.65,95168.06,178.51779
1768737600000,95168.06,95178.09,95081.32,95113.25,122.90856
1768741200000,95113.24,95205.4,94910.0,95146.82,328.31194
1768744800000,95146.82,95376.24,94928.51,94955.79,530.3533
1768748400000,94955.78,95125.47,94915.21,95119.28,195.60522
1768752000000,95119.27,95186.3,95073.02,95169.35,105.98121
1768755600000,95169.35,95280.24,95140.61,95274.36,147.92595
1768759200000,95274.35,95521.71,95180.9,95439.6,407.32335
1768762800000,95439.6,95514.0,95333.99,95380.99,260.23192
1768766400000,95380.99,95441.22,95285.2,95304.01,77.90234
1768770000000,95304.01,95430.45,95284.23,95430.44,81.51777
1768773600000,95430.45,95531.12,95412.86,95498.61,319.96465
1768777200000,95498.6,95498.6,93615.4,93673.14,1930.8188
1768780800000,93673.14,93673.14,91910.2,92711.02,4221.82713
1768784400000,92711.02,92875.68,92247.97,92586.65,910.87085
1768788000000,92586.65,92672.0,92383.94,92566.8,452.44264
1768791600000,92566.8,92776.83,92500.0,92690.09,556.40187
1768795200000,92690.08,92748.32,92502.58,92665.0,506.12587
1768798800000,92665.0,92811.11,92504.24,92511.77,357.86057
1768802400000,92511.77,92629.26,92385.07,92583.27,427.02868
1768806000000,92583.27,92861.41,92562.0,92841.62,421.22196
1768809600000,92841.62,93368.44,92702.56,93259.09,865.57873
1768813200000,93259.09,93268.12,92950.0,93060.06,474.82948
1768816800000,93060.06,93081.3,92900.0,93064.88,263.24721
1768820400000,93064.88,93317.29,92969.94,93191.96,305.33086
1768824000000,93191.96,93226.44,92979.48,93070.6,586.84126
1768827600000,93070.6,93151.37,92807.34,93031.86,326.88604
1768831200000,93031.85,93039.6,92700.0,92812.43,417.89495
1768834800000,92812.43,93081.0,92812.43,93068.62,467.20202
1768838400000,93068.62,93420.0,92994.0,93301.86,380.00206
1768842000000,93301.85,93389.45,93150.0,93242.99,357.60248
1768845600000,93242.99,93259.39,92930.0,93065.84,235.78814
1768849200000,93065.83,93154.32,93000.0,93105.85,179.79114
1768852800000,93105.85,93274.82,93084.15,93141.94,178.48795
1768856400000,93141.95,93342.36,93000.03,93003.42,240.63302
1768860000000,93003.41,93060.0,92565.78,92565.78,374.00927
1768863600000,92565.78,92750.0,92158.48,92631.0,787.62329
1768867200000,92630.99,92870.0,92370.25,92717.9,325.00059
1768870800000,92717.9,92867.28,92525.8,92716.48,251.70499
1768874400000,92716.47,92729.94,92370.68,92552.16,354.36518
1768878000000,92552.15,92650.0,92264.7,92434.92,329.07012
1768881600000,92434.93,92470.37,92000.01,92062.61,363.95619
1768885200000,92062.62,92084.8,91294.11,91624.18,1546.22756
1768888800000,91624.19,91625.31,90771.78,90929.98,1830.88581
1768892400000,90929.98,91319.05,90862.83,91177.98,907.06352
1768896000000,91177.99,91255.7,90693.0,91116.0,1083.7965
1768899600000,91116.0,91116.0,90899.0,91036.25,381.95269
1768903200000,91036.25,91294.11,90998.08,91269.58,415.15786
1768906800000,91269.57,91442.88,91214.36,91218.99,373.22315
1768910400000,91218.99,91318.94,91027.74,91280.31,528.8374
1768914000000,91280.31,91289.64,90777.0,90958.88,722.76892
1768917600000,90958.89,91371.11,90272.53,90531.15,1809.16854
1768921200000,90531.15,90808.04,89859.06,90684.95,1977.53179
1768924800000,90684.95,90974.49,90023.99,90165.51,895.41274
1768928400000,90165.5,90505.68,89431.1,89775.46,1552.7044
1768932000000,89775.47,89958.0,89395.07,89501.0,885.28879
1768935600000,89501.0,89795.45,89292.48,89725.76,781.3523
1768939200000,89725.77,89854.2,89400.0,89733.99,735.02193
1768942800000,89734.0,89829.11,89428.0,89476.01,445.56945
1768946400000,89476.01,89645.56,87900.0,88509.18,2094.09769
1768950000000,88509.18,88534.21,87895.98,88427.66,1417.16799
1768953600000,88427.66,88982.0,88250.0,88936.01,1052.93124
1768957200000,88936.01,89165.2,88850.0,89020.91,502.12138
1768960800000,89020.91,89381.86,89000.0,89048.57,884.94036
1768964400000,89048.56,89598.8,89046.0,89432.33,540.55763
1768968000000,89432.33,89630.0,89354.72,89448.89,300.28776
1768971600000,89448.89,90120.44,89437.25,89950.04,554.5838
1768975200000,89950.03,89950.04,89491.96,89649.62,369.00614
1768978800000,89649.63,89767.29,89093.28,89213.95,825.75082
1768982400000,89213.96,89385.4,89000.0,89197.35,723.12982
1768986000000,89197.36,89493.46,89080.0,89112.3,307.89975
1768989600000,89112.3,89395.08,89080.0,89248.99,328.36365
1768993200000,89248.99,89382.0,88700.0,88789.99,651.53578
1768996800000,88789.99,88849.39,88196.72,88736.31,1271.35096
1769000400000,88736.31,89020.32,88558.67,88672.64,735.83253
1769004000000,88672.64,89993.88,88611.15,89805.43,1602.75733
1769007600000,89805.43,90574.0,89759.59,90288.04,1074.26054
1769011200000,90288.04,90360.0,87590.0,87602.4,2075.92566
1769014800000,87602.39,88156.47,87263.53,87932.38,1818.07575
1769018400000,87932.37,88657.23,87585.05,88485.43,743.38561
1769022000000,88485.43,90450.0,88280.55,90355.56,1787.81485
1769025600000,90355.56,90377.0,89392.0,90214.01,1099.33527
1769029200000,90214.02,90339.58,89950.36,90249.18,428.70398
1769032800000,90249.18,90377.0,89752.38,89763.51,414.26891
1769036400000,89763.51,90212.89,89344.98,89454.73,524.6842
1769040000000,89454.73,90032.5,89454.72,89908.49,394.22125
1769043600000,89908.5,90198.51,89826.38,90113.19,341.32729
1769047200000,90113.2,90359.99,89851.03,89938.3,436.55946
1769050800000,89938.3,90166.67,89702.84,89899.51,389.70123
1769054400000,89899.51,90076.77,89826.67,89998.91,327.01022
1769058000000,89998.91,90075.8,89928.09,90026.3,201.60447
1769061600000,90026.3,90215.79,89900.0,90172.11,274.11012
1769065200000,90172.12,90196.99,89802.0,89818.79,410.94787
1769068800000,89818.79,89968.28,89760.0,89920.16,241.50947
1769072400000,89920.16,90113.43,89883.8,90033.02,235.39671
1769076000000,90033.02,90101.83,89960.0,90078.77,307.75831
1769079600000,90078.76,90150.0,89897.87,89941.26,341.2419
1769083200000,89941.26,90099.99,89873.09,90021.09,250.41912
1769086800000,90021.09,90340.0,89478.92,89619.81,800.98427
1769090400000,89619.81,89742.67,89039.78,89088.59,1132.03645
1769094000000,89088.6,89445.24,88515.37,89000.01,1328.81681
1769097600000,89000.0,89270.0,88676.95,89054.06,820.87315
1769101200000,89054.07,89616.04,89024.55,89550.01,536.51415
1769104800000,89550.0,89797.5,89301.9,89333.94,457.15553
1769108400000,89333.93,89924.46,89114.48,89777.9,489.86443
1769112000000,89777.89,89946.13,89398.87,89409.72,338.82702
1769115600000,89409.73,89669.21,89238.32,89268.66,272.77807
1769119200000,89268.66,89566.0,89140.13,89346.99,294.98276
1769122800000,89346.99,89583.62,89170.74,89559.67,200.86486
1769126400000,89559.68,89638.84,89450.48,89520.01,225.79843
1769130000000,89520.01,89939.39,89520.01,89939.38,281.57226
1769133600000,89939.39,89979.97,89655.41,89663.48,375.68609
1769137200000,89663.47,89924.78,89646.18,89924.78,261.08428
1769140800000,89924.78,90088.94,89871.73,89965.42,430.92263
1769144400000,89965.43,89969.02,89473.99,89616.03,360.8873
1769148000000,89616.04,89799.36,89400.0,89509.59,450.16637
1769151600000,89509.59,89686.4,89447.52,89549.45,487.74127
1769155200000,89549.45,89632.18,89133.35,89221.46,544.19233
1769158800000,89221.46,89388.71,88897.81,88977.72,632.36708
1769162400000,88977.72,89160.74,88860.44,89046.49,334.46792
1769166000000,89046.49,89355.51,89000.0,89202.48,481.66038
1769169600000,89202.47,89383.09,89099.2,89267.83,219.71914
1769173200000,89267.83,89450.18,89237.65,89350.81,297.7631
1769176800000,89350.8,89733.71,88663.65,89017.85,1240.76676
1769180400000,89017.85,89865.53,88578.36,89761.61,1078.68425
1769184000000,89761.61,90490.06,89489.0,90124.85,1266.72506
1769187600000,90124.86,91224.99,89978.4,90600.0,1346.59832
1769191200000,90600.0,91039.75,90449.42,90530.45,698.45416
1769194800000,90530.44,90534.59,89612.01,89982.79,1118.99851
1769198400000,89982.79,90156.06,89200.68,89503.68,917.72716
1769202000000,89503.67,89691.18,89317.0,89349.99,308.4371
1769205600000,89349.99,89752.45,89335.35,89624.61,406.19522
1769209200000,89624.6,89631.0,89472.13,89600.26,151.87407
1769212800000,89600.26,89625.41,89424.39,89452.83,130.78736
1769216400000,89452.83,89588.72,89450.58,89550.24,118.84415
1769220000000,89550.24,89722.57,89550.24,89702.85,142.98732
1769223600000,89702.85,89957.39,89670.88,89770.02,368.35777
1769227200000,89770.03,89853.38,89709.08,89829.35,167.98668
1769230800000,89829.36,89849.78,89751.21,89775.2,112.02746
1769234400000,89775.2,89784.88,89602.22,89649.32,420.23986
1769238000000,89649.33,89692.31,89572.81,89620.1,254.69309
1769241600000,89620.11,89686.43,89583.02,89660.88,190.29089
1769245200000,89660.88,89660.88,89600.0,89600.0,126.61337
1769248800000,89600.01,89654.79,89577.97,89626.8,82.58886
1769252400000,89626.79,89676.26,89595.4,89595.4,114.10267
1769256000000,89595.41,89595.41,89486.87,89537.82,179.07545
1769259600000,89537.82,89540.44,89368.21,89368.22,156.7089
1769263200000,89368.22,89512.05,89171.75,89450.03,346.65964
1769266800000,89450.03,89492.14,89263.64,89275.77,334.47117
1769270400000,89275.77,89369.79,89162.08,89290.01,235.06029
1769274000000,89290.01,89414.38,89252.93,89406.5,135.14408
1769277600000,89406.5,89461.4,89382.05,89395.23,84.40453
1769281200000,89395.22,89395.23,89276.58,89331.36,105.47816
1769284800000,89331.36,89399.99,89331.35,89380.01,46.43346
1769288400000,89380.0,89386.61,89270.0,89386.61,99.49846
1769292000000,89386.61,89489.84,89304.85,89430.0,137.03504
1769295600000,89429.99,89474.65,89215.59,89225.34,137.07871
1769299200000,89225.34,89315.18,89183.49,89315.18,121.64277
1769302800000,89315.18,89319.13,89102.58,89176.31,180.68432
1769306400000,89176.31,89268.36,89129.62,89139.04,174.6544
1769310000000,89139.04,89176.72,88838.72,88960.35,472.84604
1769313600000,88960.36,89090.13,88941.03,89006.96,349.85772
1769317200000,89006.97,89045.44,88870.45,88990.9,204.95163
1769320800000,88990.89,88990.9,88649.98,88831.36,567.42395
1769324400000,88831.36,88831.36,88635.84,88659.99,242.80483
1769328000000,88659.99,88760.0,88136.0,88300.01,461.92857
1769331600000,88300.0,88488.0,88238.5,88398.38,288.59867
1769335200000,88398.38,88671.27,88398.37,88659.51,354.58647
1769338800000,88659.52,88710.0,88536.11,88570.17,171.64836
1769342400000,88570.17,88800.0,88450.0,88791.99,329.09813
1769346000000,88791.98,88971.89,88650.98,88921.0,278.06
1769349600000,88920.99,88938.94,88624.55,88710.1,293.57615
1769353200000,88710.1,88760.35,88340.75,88446.5,370.5229
1769356800000,88446.51,88448.85,87560.0,88077.26,1878.84709
1769360400000,88077.25,88108.24,87767.18,87892.17,467.38462
1769364000000,87892.16,87983.29,86827.1,87420.01,1893.52035
1769367600000,87420.01,87508.15,86194.85,86495.16,1925.07483
1769371200000,86495.17,86718.75,86222.02,86654.61,753.5591
1769374800000,86654.6,87013.79,86400.0,86568.5,666.32154
1769378400000,86568.51,86694.78,86217.32,86521.39,849.36578
1769382000000,86521.39,86791.91,86074.72,86670.36,1129.26197
1769385600000,86670.36,87167.84,86509.63,86854.86,788.16762
1769389200000,86854.86,87809.99,86815.37,87698.73,1118.1087
1769392800000,87698.74,87973.11,87435.18,87563.38,1015.63506
1769396400000,87563.39,87691.41,87062.76,87282.05,1083.65608
1769400000000,87282.04,87953.0,87244.27,87737.06,1109.49828
1769403600000,87737.06,87956.27,87673.12,87826.01,765.12364
1769407200000,87826.01,88031.73,87764.0,87937.44,915.62979
1769410800000,87937.45,88074.48,87701.72,88000.64,768.40988
1769414400000,88000.64,88424.45,87846.89,87975.39,790.54723
1769418000000,87975.39,88000.0,87600.69,87663.12,543.28474
1769421600000,87663.12,87950.0,87660.0,87897.55,242.4813
1769425200000,87897.55,87980.0,87765.99,87855.0,244.05793
1769428800000,87855.01,87971.99,87735.38,87799.45,288.85651
1769432400000,87799.44,88048.0,87681.4,87960.01,556.52991
1769436000000,87960.01,88508.41,87450.08,88178.1,1822.59356
1769439600000,88178.09,88860.0,87325.03,87641.41,1769.32177
1769443200000,87641.41,87964.6,87206.0,87606.99,686.77865
1769446800000,87607.0,87789.47,87035.51,87700.62,580.63374
1769450400000,87700.61,88403.73,87639.26,88403.72,550.84106
1769454000000,88403.73,88537.95,87950.0,88013.19,515.97407
1769457600000,88013.19,88118.0,87542.05,87629.22,428.9526
1769461200000,87629.23,88238.29,87573.35,88064.69,392.85938
1769464800000,88064.69,88270.29,88001.75,88140.01,324.81747
1769468400000,88140.01,88659.09,88021.86,88347.08,463.75556
1769472000000,88347.08,88457.3,88200.0,88353.97,302.20293
1769475600000,88353.97,88700.0,88194.82,88550.61,340.87375
1769479200000,88550.61,88858.96,88550.61,88831.6,479.8981
1769482800000,88831.59,88898.0,88582.57,88788.0,526.26275
1769486400000,88787.99,89010.0,88511.88,88579.58,508.81601
1769490000000,88579.58,88586.26,88399.99,88456.3,306.33125
1769493600000,88456.31,88522.86,88278.03,88332.67,277.06987
1769497200000,88332.68,88555.14,88312.6,88320.41,356.10224
1769500800000,88320.41,88397.85,88120.04,88170.82,305.95946
1769504400000,88170.83,88170.83,87868.0,87886.82,501.6008
1769508000000,87886.82,88055.75,87743.84,87786.53,315.39119
1769511600000,87786.53,88093.19,87743.52,87992.74,339.68763
1769515200000,87992.74,88165.24,87955.98,87986.96,497.99816
1769518800000,87986.96,88076.82,87799.2,87982.15,400.06912
1769522400000,87982.15,88474.23,87659.23,87745.02,762.91064
1769526000000,87745.02,88189.44,87578.67,88047.46,838.96558
1769529600000,88047.46,88819.89,88002.57,88641.44,1128.77578
1769533200000,88641.43,88699.45,87304.33,87546.58,1183.80567
1769536800000,87546.58,88510.15,87450.0,88285.05,865.62099
1769540400000,88285.05,88549.32,88049.89,88408.77,469.70931
1769544000000,88408.78,89497.19,88373.49,89396.16,1024.56489
1769547600000,89396.03,89523.16,89008.75,89081.46,689.88066
1769551200000,89081.47,89421.91,89021.61,89243.63,281.54432
1769554800000,89243.63,89515.78,89143.92,89250.0,421.36315
1769558400000,89249.99,89468.01,89154.8,89467.72,258.84583
1769562000000,89467.73,89497.96,89196.87,89404.57,267.52883
1769565600000,89404.57,89453.89,89100.01,89285.77,214.15071
1769569200000,89285.78,89311.87,88985.0,89126.67,353.861
1769572800000,89126.68,89160.0,88840.0,88975.04,312.10964
1769576400000,88975.03,89105.56,88849.0,89084.1,326.80822
1769580000000,89084.1,89400.0,89084.1,89317.47,340.81001
1769583600000,89317.47,89358.51,89099.81,89134.35,370.1952
1769587200000,89134.35,89258.02,88833.65,88925.47,515.45435
1769590800000,88925.47,89567.26,88849.99,89567.25,490.95043
1769594400000,89567.25,89703.87,89330.22,89403.77,688.45427
1769598000000,89403.76,90156.72,89313.13,90080.0,1092.21486
1769601600000,90079.99,90176.88,89790.0,89998.69,946.78783
1769605200000,89998.69,90488.0,89969.42,90257.91,1485.47795
1769608800000,90257.91,90276.78,89460.01,89617.27,997.73721
1769612400000,89617.27,89849.75,88904.61,89479.66,998.88376
1769616000000,89479.66,89830.0,89248.61,89629.66,744.86311
1769619600000,89629.66,90600.0,89277.21,90169.88,923.32635
1769623200000,90169.89,90178.91,89312.88,89546.24,748.51147
1769626800000,89544.0,89719.58,89006.36,89402.58,893.3832
1769630400000,89402.57,89896.0,89010.0,89130.63,590.94624
1769634000000,89130.63,89490.24,88878.01,89412.17,381.49994
1769637600000,89412.18,89479.04,89138.0,89396.15,156.23518
1769641200000,89396.15,89471.41,89209.48,89299.99,233.14943
1769644800000,89300.0,89348.0,88900.0,89143.91,431.21285
1769648400000,89143.92,89159.99,88548.87,88603.56,624.81108
1769652000000,88603.56,88754.64,87704.0,87907.06,1097.35161
1769655600000,87907.05,88265.39,87771.3,88053.71,769.73434
1769659200000,88053.71,88345.66,87901.23,88315.2,311.3438
1769662800000,88315.2,88408.08,88142.66,88186.54,354.31355
1769666400000,88186.53,88338.67,88168.9,88319.35,284.51762
1769670000000,88319.35,88430.05,88250.0,88352.97,526.73614
1769673600000,88352.96,88500.0,87907.8,88064.16,823.67262
1769677200000,88064.16,88160.0,87892.0,87892.01,372.84765
1769680800000,87892.0,88046.59,87832.18,87946.46,575.41561
1769684400000,87946.47,88066.94,87750.01,87846.5,527.10516
1769688000000,87846.5,88121.29,87817.97,88121.21,516.69113
1769691600000,88121.21,88182.29,87951.67,88052.88,283.13252
1769695200000,88052.87,88075.23,87008.0,87014.4,1065.77381
1769698800000,87014.4,87039.51,84366.56,84934.02,8241.9564
1769702400000,84934.02,85392.2,84268.17,85270.0,4076.75879
1769706000000,85270.01,85638.3,84012.78,84261.66,2652.67947
1769709600000,84261.66,84630.55,83415.0,83477.02,2305.76692
1769713200000,83477.02,84334.97,83383.33,84012.11,1752.68525
1769716800000,84012.11,84398.36,83824.9,84216.91,1089.07114
1769720400000,84216.91,84706.32,84200.0,84526.57,780.67473
1769724000000,84526.57,84615.74,84306.24,84570.05,335.13893
1769727600000,84570.04,84737.69,84445.7,84650.16,631.99089
1769731200000,84650.16,84735.75,84100.0,84192.0,730.18491
1769734800000,84192.0,84192.01,81118.0,82468.02,6080.28823
1769738400000,82468.01,82535.89,81154.0,82164.88,3963.98084
1769742000000,82164.88,82738.89,82036.35,82676.43,1470.66915
1769745600000,82676.42,83332.2,82676.42,82938.92,1147.37787
1769749200000,82938.92,83329.36,82903.23,82914.19,818.20759
1769752800000,82914.2,82919.21,82056.08,82602.81,1199.37024
1769756400000,82602.81,83100.0,82483.27,82816.98,1624.46252
1769760000000,82816.98,82995.41,82438.8,82671.7,959.74241
1769763600000,82671.7,82834.19,82160.0,82363.72,1026.26025
1769767200000,82363.71,82897.41,82172.02,82833.92,661.3904
1769770800000,82833.92,83314.85,82682.15,83151.36,607.68303
1769774400000,83151.36,83329.35,82650.0,82800.5,693.0162
1769778000000,82800.49,83087.34,82421.64,82740.92,760.57185
1769781600000,82740.93,83797.99,82738.68,83098.0,1785.40114
1769785200000,83098.0,83616.46,82382.01,82883.94,1512.89136
1769788800000,82882.84,83493.6,82549.35,83149.0,956.54558
1769792400000,83149.0,83475.8,82641.6,82943.23,1094.09504
1769796000000,82943.23,84160.0,81871.37,83931.13,2213.77003
1769799600000,83931.13,84621.16,83917.36,84242.99,1851.84536
1769803200000,84243.0,84299.99,83539.2,83906.34,2390.62988
1769806800000,83906.34,84523.11,83790.44,84273.7,835.94444
1769810400000,84273.71,84327.06,83918.42,84219.99,454.50219
1769814000000,84220.0,84298.96,83933.82,84260.49,357.01742
1769817600000,84260.5,84270.02,84014.01,84067.83,380.99765
1769821200000,84067.83,84266.22,83908.0,83999.99,474.79523
1769824800000,84000.0,84183.42,83815.02,84130.01,514.80351
1769828400000,84130.01,84232.0,84022.69,84022.69,356.74317
1769832000000,84022.7,84146.22,83941.43,83992.45,214.26773
1769835600000,83992.44,84097.37,83903.7,84000.01,249.62585
1769839200000,84000.01,84050.51,83638.4,83786.09,407.33324
1769842800000,83786.09,83805.02,83404.67,83546.81,478.7189
1769846400000,83546.82,83629.08,82560.75,83074.07,1142.87539
1769850000000,83074.08,83300.0,82894.0,83109.1,471.08907
1769853600000,83109.1,83203.26,82917.32,83160.0,515.13254
1769857200000,83160.0,83160.0,82851.97,83020.0,279.69189
1769860800000,83020.0,83140.0,82720.0,82762.0,537.57574
1769864400000,82761.99,82919.29,82478.59,82767.99,539.85854
1769868000000,82768.0,82928.2,80825.76,81479.99,4166.24097
1769871600000,81480.0,81789.68,81088.0,81302.15,1568.15407
1769875200000,81302.16,82200.0,80098.01,80365.04,5113.56418
1769878800000,80365.05,80550.74,78159.9,78893.92,6669.26832
1769882400000,78893.92,79143.64,75719.9,78038.38,7783.32311
1769886000000,78038.39,78576.3,77194.0,77750.01,2463.45994
1769889600000,77750.01,78141.95,77092.34,77999.03,1378.50317
1769893200000,77999.02,78365.02,77372.69,78292.0,1330.5666
1769896800000,78292.0,78499.94,78000.0,78155.17,902.43744
1769900400000,78155.16,79240.0,78078.67,78741.09,1552.86508
1769904000000,78741.1,79424.0,78644.09,78902.31,1738.02598
1769907600000,78902.31,78943.62,78284.0,78532.17,1163.10084
1769911200000,78532.32,79060.44,78378.0,78900.01,762.94469
1769914800000,78900.01,79008.36,78666.73,78868.28,594.31033
1769918400000,78868.29,79119.3,78720.97,78971.75,441.04188
1769922000000,78973.22,79006.0,78527.13,78620.91,744.7428
1769925600000,78620.9,78824.1,78266.63,78300.0,568.62406
1769929200000,78300.01,78724.01,77967.69,78343.0,808.74546
1769932800000,78343.0,78863.0,78252.64,78604.02,567.72389
1769936400000,78604.02,79136.1,78551.15,79034.45,479.76229
1769940000000,79034.45,79220.72,78148.1,78279.73,863.43565
1769943600000,78279.73,78877.89,78279.72,78743.56,539.38656
1769947200000,78743.57,78760.0,78244.0,78459.67,620.90729
1769950800000,78459.68,78768.68,78203.21,78317.51,482.47432
1769954400000,78317.51,78520.0,77236.68,78211.12,1658.37078
1769958000000,78211.12,78254.2,76761.98,77593.4,2045.87767
1769961600000,77593.4,77838.48,77087.76,77494.77,1084.57336
1769965200000,77494.77,77748.0,77300.0,77745.32,549.82327
1769968800000,77745.33,78443.1,77727.27,78029.28,791.63632
1769972400000,78029.29,78106.1,77000.01,77174.78,457.49789
1769976000000,77174.77,77740.91,76606.0,77103.04,1125.71882
1769979600000,77103.04,77161.26,76359.87,76526.03,1221.6059
1769983200000,76526.03,77779.63,76456.78,77249.31,1235.13318
1769986800000,77249.31,77610.72,75700.0,76968.21,4850.01845
1769990400000,76968.22,78231.26,76606.39,77672.61,1960.16053
1769994000000,77672.61,77942.28,76619.69,77518.87,1238.02224
1769997600000,77518.87,77555.62,76449.84,76491.17,1406.18164
1770001200000,76491.18,76575.93,74604.0,76292.98,6845.40126
1770004800000,76292.98,76621.28,75335.9,75894.15,2387.03559
1770008400000,75894.15,75999.99,74911.14,75502.1,2327.56014
1770012000000,75502.1,76834.71,74957.51,76549.32,3207.27225
1770015600000,76549.32,76958.0,76327.9,76660.79,1646.53051
1770019200000,76660.78,77191.15,76628.28,76881.28,1422.14452
1770022800000,76881.28,77815.0,76652.0,77725.33,2196.40917
1770026400000,77725.33,77876.69,77474.85,77504.54,1049.86427
1770030000000,77504.54,77970.62,77451.11,77759.99,983.08962
1770033600000,77760.0,78434.0,77706.0,77988.51,1103.97039
1770037200000,77988.5,78458.0,77800.0,78224.79,960.76337
1770040800000,78224.8,78885.0,77626.44,77844.79,2220.07608
1770044400000,77844.78,79360.0,77564.62,78850.06,3238.00821
1770048000000,78850.06,79288.28,78584.0,78634.76,1987.74899
1770051600000,78634.75,79213.99,78603.93,78988.64,1407.01094
1770055200000,78988.65,78988.65,78369.13,78569.84,992.65857
1770058800000,78569.83,78697.99,78283.27,78341.5,1074.65868
1770062400000,78341.5,78667.38,77888.0,78008.59,902.54602
1770066000000,78008.59,78552.76,77922.0,78532.06,507.24426
1770069600000,78532.07,78853.35,78528.21,78795.2,488.24484
1770073200000,78795.2,78962.78,78560.0,78738.61,720.98807
1770076800000,78738.6,79099.99,78408.05,79065.24,994.28607
1770080400000,79065.24,79186.81,78716.79,79017.63,990.1874
1770084000000,79017.64,79017.64,77800.0,77808.01,959.76758
1770087600000,77808.02,78907.18,77644.09,78753.32,1068.28743
1770091200000,78753.32,78999.99,78488.0,78798.39,719.00577
1770094800000,78798.38,78809.78,78218.98,78240.45,581.74505
1770098400000,78240.45,78665.91,77950.0,78594.17,881.03721
1770102000000,78594.01,78923.93,78488.01,78794.67,705.05984
1770105600000,78794.67,79084.29,78464.6,78747.96,840.3253
1770109200000,78747.96,78841.35,77950.0,78400.01,972.9435
1770112800000,78400.01,78560.0,78070.0,78120.36,505.87116
1770116400000,78120.36,78349.24,78004.08,78079.5,475.83471
1770120000000,78079.5,78416.9,78000.0,78330.26,933.6271
1770123600000,78330.26,78458.89,78187.91,78307.65,529.49211
1770127200000,78307.65,78434.61,77156.24,77201.22,2011.4149
1770130800000,77201.21,78196.83,77055.54,78132.33,2069.08407
1770134400000,78132.34,78134.53,76400.0,76488.08,3199.23624
1770138000000,76488.08,76525.44,74882.28,74915.79,3210.53566
1770141600000,74915.79,75302.76,73137.66,73139.13,8932.04301
1770145200000,73139.12,75291.1,72945.5,74935.0,3497.82279
1770148800000,74935.0,76721.25,74586.54,76475.52,2122.86901
1770152400000,76475.53,76960.0,76124.05,76239.43,1110.97152
1770156000000,76239.43,76299.19,75406.79,75708.83,1013.97922
1770159600000,75708.82,76000.0,75428.16,75770.21,794.68224
1770163200000,75770.21,76264.0,75467.22,75910.88,730.62893
1770166800000,75910.88,76798.12,75910.88,76423.73,952.72942
1770170400000,76423.73,76610.04,75707.41,75963.35,853.38888
1770174000000,75963.35,76971.52,75906.05,76698.17,1036.93598
1770177600000,76698.17,76830.69,76413.64,76479.75,577.39018
1770181200000,76479.75,76526.8,76105.3,76279.99,1056.73491
1770184800000,76280.0,76780.0,76259.9,76652.68,609.34015
1770188400000,76652.68,76657.31,76335.46,76514.3,593.58526
1770192000000,76514.3,76600.0,76068.69,76587.26,736.19473
1770195600000,76587.26,76607.69,75967.1,76119.0,632.82215
1770199200000,76119.0,76338.65,76069.0,76302.1,440.91077
1770202800000,76302.1,76302.1,75666.0,76017.25,1102.73317
1770206400000,76017.25,76260.85,76000.0,76180.85,942.91713
1770210000000,76180.84,76186.98,74867.0,74867.0,1563.62436
1770213600000,74867.0,75769.23,74256.0,74359.53,2801.90282
1770217200000,74359.53,75328.28,73794.11,74136.36,3644.50098
1770220800000,74136.48,74249.83,73076.92,73636.01,3089.62892
1770224400000,73635.63,73863.92,72169.0,72576.08,5764.80542
1770228000000,72576.08,74140.0,72273.68,73425.96,3480.01439
1770231600000,73425.97,74007.28,73041.41,73923.29,1609.77508
1770235200000,73923.3,74144.0,73425.56,73516.3,1052.61663
1770238800000,73516.3,73654.0,72210.0,72799.99,1379.23839
1770242400000,72800.0,73680.0,71888.0,72543.38,2426.62344
1770246000000,72543.38,73520.59,72468.12,73165.83,1296.31791
1770249600000,73165.84,73325.6,72754.21,72868.02,1031.56586
1770253200000,72868.02,73341.18,71995.09,72421.26,1796.49365
1770256800000,72421.26,72854.39,71305.55,71454.44,2979.51665
1770260400000,71454.44,71884.47,71152.78,71223.25,2548.86017
1770264000000,71223.25,71437.68,70701.0,70888.08,4293.99043
1770267600000,70888.09,71150.16,70140.0,70732.72,4302.51294
1770271200000,70732.73,70984.62,70434.05,70951.51,2020.09726
1770274800000,70951.51,71622.82,70644.73,70756.85,2612.40429
1770278400000,70756.86,71550.0,70683.58,71054.99,1815.06036
1770282000000,71054.99,71978.58,71049.35,71550.0,1842.40706
1770285600000,71549.99,71726.79,70656.59,70858.13,1618.18196
1770289200000,70858.13,71063.94,69922.0,70318.35,4107.09256
1770292800000,70318.35,70603.49,69163.0,69563.57,5331.37678
1770296400000,69563.56,69831.85,69261.11,69688.94,2587.65964
1770300000000,69688.94,70872.04,69285.71,69404.76,3459.24538
1770303600000,69404.75,69616.29,66720.15,67489.07,13836.57347
1770307200000,67489.08,68681.81,66955.34,68295.15,5860.78146
1770310800000,68295.15,68374.79,66152.0,66181.69,6127.2285
1770314400000,66181.68,66542.87,65385.0,66347.0,5703.68497
1770318000000,66347.01,66637.46,65200.0,65265.65,3605.53717
1770321600000,65265.66,65700.0,62345.0,63775.67,13269.97533
1770325200000,63775.66,64775.0,62888.34,63213.34,6727.66673
1770328800000,63213.34,64615.88,62690.9,63907.86,4776.16051
1770332400000,63907.86,64908.0,62717.48,62909.86,4044.75586
1770336000000,62909.87,63861.87,60000.0,63509.39,15965.67588
1770339600000,63509.4,65760.0,63509.39,65714.96,6085.05108
1770343200000,65714.96,66010.0,64201.28,64990.1,4172.0595
1770346800000,64990.11,65172.13,63770.17,64168.33,2757.61679
1770350400000,64168.33,65000.0,63914.62,64905.84,2678.77331
1770354000000,64905.54,66826.5,64800.01,66408.11,3077.34633
1770357600000,66408.11,66800.0,64856.88,64988.26,3562.00258
1770361200000,64988.26,65543.79,64654.11,64856.0,3886.24107
1770364800000,64856.0,65206.11,64500.0,64895.05,2403.94942
1770368400000,64895.04,66163.0,64764.7,65799.55,2736.04998
1770372000000,65799.55,66220.0,65550.0,65967.51,2067.37547
1770375600000,65967.51,66755.13,65772.17,66631.32,2445.47098
1770379200000,66631.32,66631.32,66114.49,66557.93,1895.66919
1770382800000,66557.93,67690.7,66480.82,67316.82,4063.76595
1770386400000,67316.82,68647.45,66629.36,68194.89,5594.57909
1770390000000,68194.9,69192.0,67772.0,68626.0,6052.81042
1770393600000,68625.99,70224.62,68428.19,69954.01,6892.60997
1770397200000,69954.01,71500.0,69593.43,70753.53,5224.54006
1770400800000,70753.53,70816.0,69340.91,69776.68,3217.47319
1770404400000,69776.68,70952.0,69662.22,70731.46,1949.07605
1770408000000,70731.45,70996.77,70000.12,70000.13,1842.94729
1770411600000,70000.14,70508.75,69837.35,70358.43,1079.99332
1770415200000,70358.44,71577.09,70279.09,71354.46,1439.41821
1770418800000,71354.46,71751.33,70505.0,70580.26,1448.72018
1770422400000,70580.26,70600.0,69718.0,69958.0,1684.48527
1770426000000,69958.0,70680.54,69741.87,70471.49,1257.48702
1770429600000,70471.48,70624.49,70151.51,70361.37,828.17189
1770433200000,70361.36,70928.75,70270.0,70918.99,917.62946
1770436800000,70918.99,71690.07,70604.55,70768.13,1760.77139
1770440400000,70768.0,71191.88,69800.0,70161.5,1954.17044
1770444000000,70161.51,70310.0,68757.68,68769.65,3067.81307
1770447600000,68769.66,69084.55,67300.0,68087.14,6488.56676
1770451200000,68087.13,68790.0,67747.65,68495.01,2785.44241
1770454800000,68495.01,68763.28,67885.86,68138.2,2704.83478
1770458400000,68138.19,68299.3,67582.48,67987.0,2026.15669
1770462000000,67986.99,68157.21,67700.0,67972.65,1172.5817
1770465600000,67972.65,69999.99,67901.89,69024.98,3372.78032
1770469200000,69024.98,69364.5,68821.64,69093.98,1462.50623
1770472800000,69093.98,69187.27,68358.75,68645.99,1780.47515
1770476400000,68646.0,69762.46,68556.0,69151.5,2675.07885
1770480000000,69151.5,69898.0,68822.51,68957.16,3767.46183
1770483600000,68957.16,69408.0,68531.5,69188.81,1260.95907
1770487200000,69188.81,69690.89,69009.09,69514.11,815.22684
1770490800000,69514.11,69577.43,69266.66,69373.61,549.67003
1770494400000,69373.61,69728.83,69252.72,69631.18,431.2072
1770498000000,69631.18,69699.16,69356.16,69497.99,322.93251
1770501600000,69497.99,69727.86,69325.67,69399.34,469.65551
1770505200000,69399.34,69462.42,68787.34,69289.38,699.41594
1770508800000,69289.37,69432.0,68888.0,69133.79,682.62238
1770512400000,69133.8,69500.0,69095.17,69379.57,433.38727
1770516000000,69379.57,69696.57,69167.42,69370.7,452.71707
1770519600000,69370.69,69443.9,69069.65,69099.99,457.68257
1770523200000,69100.0,69372.06,68952.01,69340.16,390.41434
1770526800000,69340.15,69422.43,69146.47,69220.52,386.01063
1770530400000,69220.53,69518.56,69090.0,69361.18,1121.01748
1770534000000,69361.18,69719.07,69215.69,69710.69,980.72904
1770537600000,69710.69,70796.99,69514.15,70665.59,1875.5789
1770541200000,70665.59,70712.71,70094.71,70107.19,1028.89501
1770544800000,70107.2,70449.99,69890.52,70266.41,1062.517
1770548400000,70266.41,71220.0,70210.26,70999.98,1342.32428
1770552000000,70999.99,71281.74,70707.39,71249.95,791.13826
1770555600000,71249.65,71517.27,70956.0,71514.77,1080.90623
1770559200000,71514.77,71554.95,71105.0,71262.19,872.42876
1770562800000,71262.18,71465.93,70786.18,71188.99,914.74435
1770566400000,71188.99,71256.97,70251.33,70416.0,1094.49116
1770570000000,70415.99,70871.66,70407.42,70785.99,515.39696
1770573600000,70786.0,71418.0,70750.0,71147.25,643.64182
1770577200000,71147.24,71538.05,71142.77,71422.97,466.64362
1770580800000,71422.96,71427.73,70700.03,70835.17,803.14197
1770584400000,70835.17,71136.03,70524.14,70700.0,621.70092
1770588000000,70700.01,71100.04,70652.11,71066.09,568.07657
1770591600000,71066.09,72271.41,70000.0,70330.38,2834.32509
1770595200000,70330.38,70774.4,70123.02,70502.38,961.77536
1770598800000,70502.37,70926.4,70068.18,70369.53,1060.82602
1770602400000,70369.53,71000.0,70220.12,70629.99,832.82995
1770606000000,70629.99,71453.53,70614.07,71307.56,1165.88308
1770609600000,71307.56,71359.37,70924.13,71005.01,663.12266
1770613200000,71005.01,71112.0,70805.0,71044.51,554.37782
1770616800000,71044.51,71044.52,70311.7,70667.95,697.3032
1770620400000,70667.96,70902.51,70331.57,70422.59,1015.80172
1770624000000,70422.59,70608.83,69393.97,69873.99,1595.15551
1770627600000,69873.45,70116.0,69478.63,69630.35,1112.26419
1770631200000,69630.35,69730.38,68420.58,68727.88,2052.69575
1770634800000,68727.88,69022.89,68573.31,68928.72,1348.78221
1770638400000,68928.71,69262.91,68857.97,69147.01,1009.44887
1770642000000,69147.02,69299.99,68586.48,68594.57,1029.85836
1770645600000,68594.56,69755.59,68308.0,69272.0,2516.24849
1770649200000,69271.99,69884.82,68780.0,69563.37,2308.23216
1770652800000,69563.37,70428.48,69100.0,70093.01,1734.77412
1770656400000,70093.0,71000.0,69870.65,70612.29,2206.43168
1770660000000,70612.29,71012.0,70088.88,70418.68,1419.6332
1770663600000,70418.67,71075.31,70260.0,70957.01,878.36448
1770667200000,70957.01,71126.0,70500.0,70738.71,948.93614
1770670800000,70738.71,70807.75,69823.52,70400.0,1102.83201
1770674400000,70400.01,70719.7,70271.13,70372.96,530.94981
1770678000000,70372.96,70572.84,70083.45,70138.0,406.20163
1770681600000,70138.0,70255.36,69743.8,69827.33,569.13678
1770685200000,69827.34,70527.59,69827.34,70486.82,544.68673
1770688800000,70486.82,70486.82,69982.27,70102.89,444.00707
1770692400000,70102.9,70166.22,69208.61,69511.83,911.79715
1770696000000,69511.83,69906.5,69469.58,69831.62,489.42781
1770699600000,69831.62,69864.0,69210.76,69447.64,565.92441
1770703200000,69447.63,69499.9,68682.0,68921.35,1241.02042
1770706800000,68921.36,69218.64,68852.43,68919.66,837.11514
1770710400000,68919.66,69226.16,68725.81,69142.0,730.03493
1770714000000,69141.99,69417.7,68950.0,69151.5,1044.9818
1770717600000,69151.5,69258.52,68921.64,68921.68,686.30742
1770721200000,68921.68,69085.79,68459.89,68535.01,1128.13956
1770724800000,68535.02,68855.35,68434.0,68610.12,821.53118
1770728400000,68610.11,69143.6,68370.23,69027.95,992.44284
1770732000000,69027.94,69591.2,67800.0,68460.4,2352.751
1770735600000,68460.4,69519.72,68300.9,69293.37,1676.38862
1770739200000,69293.37,69810.35,68945.23,69517.71,1394.08093
1770742800000,69517.71,69993.65,69309.35,69925.31,899.7843
1770746400000,69925.31,69943.44,68604.63,68894.36,897.73226
1770750000000,68894.36,69303.99,68690.32,69062.01,805.90106
1770753600000,69062.0,69136.91,68629.47,68753.7,425.90627
1770757200000,68753.69,69005.45,68362.0,68656.21,402.88764
1770760800000,68656.22,68860.4,68566.8,68707.18,289.48213
1770764400000,68707.18,68860.09,68506.2,68841.29,222.30327
1770768000000,68841.28,69244.45,68784.47,69201.14,437.64105
1770771600000,69201.14,69292.88,68914.73,68982.0,303.52695
1770775200000,68982.0,69168.52,68603.4,68677.33,398.35346
1770778800000,68677.34,68751.91,68011.11,68187.99,778.71298
1770782400000,68188.0,68325.0,67368.0,67584.46,1295.18481
1770786000000,67584.47,67810.0,67397.86,67404.28,744.08532
1770789600000,67404.28,67491.84,66557.99,66820.32,1841.79675
1770793200000,66819.84,67254.6,66652.27,67032.72,1293.95919
1770796800000,67032.71,67134.42,66793.93,66981.07,871.78483
1770800400000,66981.08,67110.04,66716.02,66872.03,712.9704
1770804000000,66872.03,66891.64,66369.49,66531.99,1318.02907
1770807600000,66531.99,67110.77,66500.84,67053.03,1011.30301
1770811200000,67053.03,67424.24,66959.67,67133.5,1251.20611
1770814800000,67133.51,67674.3,66799.58,67454.49,1973.91228
1770818400000,67454.49,68834.34,66435.62,66584.6,3127.14059
1770822000000,66584.61,66818.18,65756.0,66519.73,2796.32516
1770825600000,66519.72,67250.0,65952.0,66039.09,1746.45856
1770829200000,66039.08,66921.12,65876.0,66518.26,1110.21085
1770832800000,66518.26,67305.28,66150.66,67275.34,935.25515
1770836400000,67275.34,67860.44,67105.79,67586.67,1212.94694
1770840000000,67586.66,67757.7,67190.0,67555.98,514.2706
1770843600000,67555.98,68369.77,67417.04,67811.17,1823.53852
1770847200000,67810.2,67872.68,67387.24,67433.14,541.63723
1770850800000,67433.54,67563.77,66787.7,67082.52,677.99621
1770854400000,67082.52,67700.0,67055.53,67460.75,581.7604
1770858000000,67460.75,68047.48,67460.75,67699.01,549.26066
1770861600000,67699.01,67800.0,67418.0,67439.14,554.16819
1770865200000,67439.14,67596.0,67306.61,67580.99,415.78114
1770868800000,67581.0,67682.69,67000.0,67018.4,588.3789
1770872400000,67018.4,67209.99,66670.45,67141.93,683.92376
1770876000000,67141.92,67355.93,67014.0,67125.57,830.7495
1770879600000,67125.57,67330.0,66935.64,67217.72,607.54971
1770883200000,67217.71,67344.0,66891.6,67141.15,783.02638
1770886800000,67141.15,67699.1,67050.0,67550.47,644.02356
1770890400000,67550.46,68026.6,67404.02,68014.01,843.40689
1770894000000,68014.0,68299.0,67740.0,68076.01,1397.59947
1770897600000,68076.01,68162.02,67720.0,67865.31,829.25823
1770901200000,67865.32,68397.5,67680.82,68376.58,960.32991
1770904800000,68376.58,68410.52,67493.78,67577.02,1431.75163
1770908400000,67577.02,68000.0,67014.98,67134.74,1602.90239
1770912000000,67134.74,67232.04,65556.0,65863.37,3193.11571
1770915600000,65863.38,66265.06,65374.56,65413.99,2100.56023
1770919200000,65414.0,65800.0,65118.0,65590.95,1612.17039
1770922800000,65590.95,66117.51,65274.4,65788.36,1027.63649
1770926400000,65788.36,66042.24,65215.06,65428.56,894.16583
1770930000000,65428.24,65900.0,65428.24,65849.87,590.26423
1770933600000,65849.86,66399.94,65643.34,66288.0,642.82133
1770937200000,66288.01,66488.9,66156.47,66272.17,907.1379
1770940800000,66272.17,66527.09,65872.46,65918.6,765.38996
1770944400000,65918.61,66619.9,65918.61,66454.95,771.58544
1770948000000,66454.95,66759.61,66384.0,66663.08,476.45341
1770951600000,66663.08,66814.0,66462.4,66553.08,569.96335
1770955200000,66553.09,66671.62,66308.48,66329.22,462.15015
1770958800000,66329.22,66502.27,66175.79,66175.79,484.2505
1770962400000,66175.79,66397.86,66002.98,66359.28,613.96613
1770966000000,66359.28,66568.47,66050.21,66208.96,868.05316
1770969600000,66208.96,66747.38,66191.52,66699.96,603.02656
1770973200000,66699.96,67062.93,66612.86,66959.71,592.93469
1770976800000,66959.72,67116.0,66800.0,66977.66,516.91289
1770980400000,66977.66,67226.66,66783.38,67171.42,488.71065
1770984000000,67171.41,67212.28,66918.38,67084.0,405.35988
1770987600000,67084.01,67615.34,66938.0,67274.15,1624.06539
1770991200000,67274.14,68028.45,66867.47,67733.51,1724.03844
1770994800000,67733.51,69309.8,67692.0,68692.12,3133.0872
1770998400000,68692.12,69482.97,68540.83,68954.69,1775.68698
1771002000000,68954.69,69250.25,68636.36,69047.99,921.29676
1771005600000,69048.0,69411.44,68903.27,69129.99,1063.59333
1771009200000,69129.99,69236.33,68918.79,68938.91,560.0454
1771012800000,68938.91,68973.35,68683.32,68777.12,555.3285
1771016400000,68777.13,69079.4,68731.75,68902.48,463.4195
1771020000000,68902.48,69000.0,68726.4,68995.28,544.04056
1771023600000,68995.29,69000.0,68829.2,68853.96,261.19072
1771027200000,68853.97,69137.5,68768.56,69090.24,447.10398
1771030800000,69090.25,69108.8,68921.54,68964.51,344.69001
1771034400000,68964.51,69006.34,68845.6,68884.21,261.74234
1771038000000,68884.21,69027.14,68852.0,68981.99,238.3937
1771041600000,68982.0,68995.11,68789.59,68790.0,489.78591
1771045200000,68790.01,68910.0,68760.0,68773.42,308.2603
1771048800000,68773.41,68936.98,68730.13,68936.98,470.43757
1771052400000,68936.98,69343.0,68884.56,69219.26,919.89001
1771056000000,69219.27,69870.99,69218.71,69746.2,1347.80343
1771059600000,69746.2,69900.0,69566.78,69714.93,555.36385
1771063200000,69714.94,69714.94,69585.15,69671.86,257.25533
1771066800000,69671.86,70560.01,69671.86,70505.74,1370.55448
1771070400000,70505.74,70533.67,69600.0,69640.2,1278.19574
1771074000000,69640.2,69771.91,69064.6,69460.0,3393.7597
1771077600000,69460.0,69856.7,69208.09,69701.66,1680.0126
1771081200000,69701.66,70048.39,69560.0,69778.28,751.6532
1771084800000,69778.28,69815.0,69283.02,69755.1,1006.67903
1771088400000,69755.1,69930.9,69609.0,69739.38,685.87401
1771092000000,69739.38,69856.7,69672.55,69772.31,270.42048
1771095600000,69772.3,69920.6,69619.52,69873.99,332.30706
1771099200000,69873.99,70028.59,69732.75,70023.09,434.13483
1771102800000,70023.1,70250.46,69668.05,69935.86,640.89584
1771106400000,69935.86,70100.0,69781.0,69959.75,292.90739
1771110000000,69959.74,70020.0,69723.18,69822.95,336.66314
1771113600000,69822.94,69864.74,69600.0,69777.07,292.27775
1771117200000,69777.06,69902.7,69350.0,69717.65,400.20039
1771120800000,69717.65,69753.9,69341.27,69480.01,375.21945
1771124400000,69480.0,69990.02,69251.5,69954.5,697.2437
1771128000000,69954.5,70518.57,69459.35,70183.99,2275.16813
1771131600000,70184.0,70472.43,70132.54,70267.61,540.45783
1771135200000,70267.6,70540.99,70184.09,70405.12,505.71551
1771138800000,70405.12,70926.42,70307.11,70828.42,1425.80275
1771142400000,70828.43,70983.0,70182.31,70446.52,898.37828
1771146000000,70446.52,70668.0,70370.3,70419.11,334.99126
1771149600000,70419.12,70523.94,70208.16,70427.02,382.24903
1771153200000,70427.02,70543.14,70267.6,70295.22,457.63561
1771156800000,70295.22,70418.48,69309.87,69314.21,1027.34588
1771160400000,69314.22,69620.06,68772.2,68930.0,1749.29694
1771164000000,68930.0,69219.71,68845.72,69170.51,629.32577
1771167600000,69170.51,69255.6,68888.0,69099.99,446.59665
1771171200000,69100.0,69100.0,68658.0,69017.75,1442.09011
1771174800000,69017.76,69085.22,68203.6,68641.21,1194.71218
1771178400000,68641.21,68800.0,68274.31,68451.44,2695.36643
1771182000000,68451.45,68560.84,68000.0,68286.63,2807.35363
1771185600000,68286.64,68560.22,68120.0,68450.0,399.94279
1771189200000,68450.0,68950.16,68450.0,68852.01,407.5596
1771192800000,68852.01,69078.49,68801.06,68999.96,384.07496
1771196400000,68999.96,68999.96,68319.64,68832.58,521.04745
1771200000000,68832.59,69065.5,68700.0,68845.81,349.86984
1771203600000,68845.81,69041.97,68454.54,68630.81,270.08273
1771207200000,68630.81,68734.0,68243.68,68320.48,683.734
1771210800000,68320.49,68463.96,68143.22,68424.82,453.41167
1771214400000,68424.82,68894.52,68417.17,68870.07,465.20741
1771218000000,68870.07,68900.0,68293.28,68385.29,353.88428
1771221600000,68385.29,68527.8,68228.76,68450.8,240.56615
1771225200000,68450.8,68672.59,68380.0,68587.9,362.20306
1771228800000,68587.89,68798.7,68542.63,68762.85,301.81895
1771232400000,68762.86,69060.77,68748.02,68992.71,453.08481
1771236000000,68992.7,68992.71,68690.85,68798.22,358.68374
1771239600000,68798.21,68918.22,68338.9,68812.83,495.50759
1771243200000,68812.84,69848.48,68807.54,69763.24,1602.28029
1771246800000,69763.24,70126.67,68225.0,68395.1,1720.62066
1771250400000,68395.11,68718.3,68260.39,68427.64,1092.6004
1771254000000,68427.64,68607.22,67294.11,67539.52,2148.07022
1771257600000,67539.53,67974.86,67513.94,67888.7,895.58119
1771261200000,67888.7,68074.12,67600.93,67951.86,501.76328
1771264800000,67951.85,68245.34,67830.82,67860.13,606.24788
1771268400000,67860.13,68130.0,67824.91,67913.43,262.97624
1771272000000,67913.44,68549.14,67827.11,68530.0,457.58536
1771275600000,68530.0,68933.85,68427.18,68862.88,534.27425
1771279200000,68862.89,68890.0,68509.07,68591.02,556.75779
1771282800000,68591.01,68978.88,68538.57,68892.43,348.95355
1771286400000,68892.43,69042.74,68704.36,68878.27,476.69143
1771290000000,68878.27,68996.67,68563.16,68618.11,499.89142
1771293600000,68618.12,69241.5,68387.2,68838.48,625.65656
1771297200000,68838.48,68860.68,68470.0,68474.9,367.85689
1771300800000,68474.9,68707.49,68288.0,68481.67,329.69022
1771304400000,68481.68,68510.76,67892.0,68245.71,633.07748
1771308000000,68245.71,68519.99,68242.49,68400.0,230.38739
1771311600000,68400.01,68480.0,68165.02,68388.12,314.74756
1771315200000,68388.12,68479.17,68130.78,68177.53,285.96667
1771318800000,68177.53,68308.37,67992.03,68126.28,404.18575
1771322400000,68126.29,68194.46,67704.96,67845.3,504.39951
1771326000000,67845.3,67935.73,67690.0,67854.6,507.67784
1771329600000,67854.6,68299.4,67827.52,67919.49,607.94036
1771333200000,67919.49,68360.5,67734.36,68136.34,716.87733
1771336800000,68136.35,68337.6,66734.3,66875.06,2328.63639
1771340400000,66875.06,67409.99,66621.06,67392.05,2309.0413
1771344000000,67392.06,68158.1,67317.6,67517.36,1448.76651
1771347600000,67517.36,67714.28,66881.08,67244.22,1144.38591
1771351200000,67244.22,68227.41,67127.86,68098.62,824.93415
1771354800000,68098.63,68235.39,67695.45,67793.32,785.88027
1771358400000,67793.32,67928.08,67484.16,67753.3,471.88623
1771362000000,67753.3,67926.29,67538.0,67680.54,253.25027
1771365600000,67680.55,67788.42,67513.42,67527.72,176.97341
1771369200000,67527.72,67617.46,67394.0,67503.52,240.26836
1771372800000,67503.52,67627.97,67290.3,67302.65,186.99827
1771376400000,67302.65,67378.26,66892.03,67165.2,545.6883
1771380000000,67165.21,67421.99,67153.36,67335.04,250.64041
1771383600000,67335.04,67705.65,67326.98,67629.11,243.56061
1771387200000,67629.1,67900.0,67500.1,67823.54,328.68469
1771390800000,67823.55,67938.0,67606.45,67654.8,311.88419
1771394400000,67654.81,67976.51,67614.91,67850.52,264.75627
1771398000000,67850.53,68219.81,67702.7,68106.44,528.49446
1771401600000,68106.44,68476.22,68071.58,68132.82,532.69792
1771405200000,68132.83,68276.0,68010.11,68157.79,339.37122
1771408800000,68157.8,68184.41,67731.95,67801.26,395.11187
1771412400000,67801.26,67805.08,67076.9,67369.75,654.97357
1771416000000,67369.75,67689.76,67345.0,67458.06,459.50762
1771419600000,67458.06,67599.7,67051.81,67236.88,549.44565
1771423200000,67236.89,67362.26,66717.3,67223.76,1553.71672
1771426800000,67223.77,68347.72,67192.25,67694.01,1767.46696
1771430400000,67694.01,67706.94,66994.23,67145.34,1029.31402
1771434000000,67145.35,67486.97,67057.13,67187.39,676.97648
1771437600000,67187.4,67229.76,66200.0,66359.99,1304.49131
1771441200000,66360.0,66619.0,65870.0,66177.14,1301.14212
1771444800000,66177.15,66550.0,66141.9,66268.39,682.91387
1771448400000,66268.4,66504.2,66053.6,66342.76,909.37392
1771452000000,66342.76,66477.7,66232.02,66408.82,352.09134
1771455600000,66408.83,66502.49,66275.71,66461.0,323.1366
1771459200000,66461.0,66597.03,66345.0,66446.49,297.42224
1771462800000,66446.49,66884.16,66446.48,66866.62,415.14671
1771466400000,66866.63,66958.9,66639.99,66835.2,362.58869
1771470000000,66835.2,66997.07,66727.27,66980.91,262.07528
1771473600000,66980.91,67070.56,66759.0,66802.75,389.01702
1771477200000,66802.74,66893.06,66679.76,66871.35,253.79395
1771480800000,66871.34,67290.4,66865.43,67150.12,468.59633
1771484400000,67150.12,67320.0,67028.7,67206.45,481.75258
1771488000000,67206.45,67206.45,66785.56,66966.12,559.76369
1771491600000,66966.12,67191.83,66754.23,66836.0,463.29328
1771495200000,66836.01,66958.4,66741.77,66843.08,368.25421
1771498800000,66843.08,66936.42,66478.02,66496.02,488.02461
1771502400000,66496.03,66680.7,66325.34,66516.67,484.41025
1771506000000,66516.67,66556.59,65763.0,65913.37,1377.50527
1771509600000,65913.38,66662.3,65631.83,66421.2,1506.37269
1771513200000,66421.2,66755.39,65966.0,66398.0,1083.30553
1771516800000,66398.01,66514.95,65899.25,66293.53,940.96239
1771520400000,66293.53,67049.99,66173.15,66369.42,899.04062
1771524000000,66369.42,67073.13,66228.49,67030.49,865.51701
1771527600000,67030.5,67198.1,66700.0,67050.0,706.47789
1771531200000,67050.0,67166.98,66823.03,67149.11,444.88336
1771534800000,67149.11,67168.86,66900.92,66916.51,265.40447
1771538400000,66916.51,67000.0,66652.34,66915.14,854.02212
1771542000000,66915.15,67023.61,66814.76,67003.73,304.63969
1771545600000,67003.73,67486.62,66949.41,67228.91,595.00262
1771549200000,67228.91,67355.79,67150.0,67279.9,313.31598
1771552800000,67279.91,67347.76,67181.28,67242.03,232.09759
1771556400000,67242.03,67488.67,67241.24,67366.25,332.50492
1771560000000,67366.25,67402.23,67115.38,67264.83,362.39174
1771563600000,67264.83,68006.0,67203.19,67790.1,1107.38598
1771567200000,67790.11,67894.2,67660.12,67847.47,482.66553
1771570800000,67847.47,67990.0,67767.4,67825.91,459.03505
1771574400000,67825.91,67950.85,67747.33,67879.99,290.00035
1771578000000,67879.99,68230.01,67879.99,68218.85,996.7879
1771581600000,68218.85,68318.39,67843.42,67948.99,638.74258
1771585200000,67948.99,67983.91,67280.6,67318.41,1489.10389
1771588800000,67318.41,67594.0,67276.41,67541.77,603.15784
1771592400000,67541.78,67541.78,66280.2,66801.62,7078.59491
1771596000000,66801.62,67317.5,66532.87,67069.65,5263.48808
1771599600000,67069.65,68083.98,66536.64,67582.95,3143.21056
1771603200000,67582.95,67921.7,67283.24,67795.47,1312.90303
1771606800000,67795.48,67795.48,66952.11,67613.37,6085.1555
1771610400000,67613.38,68000.0,67466.11,67924.21,1321.6326
1771614000000,67924.22,68000.0,67548.85,67646.03,854.45567
1771617600000,67646.03,67885.55,67520.3,67750.4,685.93834
1771621200000,67750.4,67840.0,67639.29,67825.87,451.92527
1771624800000,67825.87,68116.6,67639.31,68078.13,669.63597
1771628400000,68078.13,68233.99,67914.0,68020.01,582.73901
1771632000000,68020.0,68051.16,67787.19,67841.0,537.54494
1771635600000,67841.0,68005.99,67841.0,67951.24,250.62697
1771639200000,67951.25,68099.54,67913.3,68001.05,224.56497
1771642800000,68001.04,68001.04,67534.69,67667.77,569.35853
1771646400000,67667.77,67846.88,67593.99,67816.97,228.62441
1771650000000,67816.98,67888.4,67799.7,67851.93,141.24714
1771653600000,67851.93,67924.39,67750.96,67793.38,228.15051
1771657200000,67793.39,67884.74,67749.59,67856.01,118.21011
1771660800000,67856.01,68079.41,67807.3,68055.03,293.16321
1771664400000,68055.04,68314.54,67978.9,68147.53,599.79254
1771668000000,68147.54,68250.0,68139.65,68215.54,212.21766
1771671600000,68215.55,68283.34,68084.0,68092.45,279.32431
1771675200000,68092.45,68218.2,67915.0,68203.42,307.88407
1771678800000,68203.42,68260.0,68106.89,68259.99,202.25945
1771682400000,68259.99,68644.0,68180.53,68450.01,880.51744
1771686000000,68450.01,68698.7,68417.0,68615.0,427.6444
1771689600000,68615.01,68630.76,68101.78,68322.6,658.4992
1771693200000,68322.61,68474.01,68200.0,68437.45,212.23015
1771696800000,68437.45,68644.0,68383.08,68574.0,320.28262
1771700400000,68573.99,68658.5,68526.81,68543.51,219.15242
1771704000000,68543.51,68605.63,68190.0,68211.19,369.37236
1771707600000,68211.19,68390.93,68183.1,68379.95,170.62817
1771711200000,68379.95,68437.56,67900.0,67972.0,378.72918
1771714800000,67972.0,68124.54,67941.02,67975.93,202.81655
1771718400000,67975.93,68060.4,67809.78,67946.0,294.60551
1771722000000,67946.0,68171.46,67945.99,68159.31,265.09117
1771725600000,68159.32,68222.16,67872.76,67909.68,289.41881
1771729200000,67909.67,68062.03,67824.9,68041.43,265.36653
1771732800000,68041.42,68086.0,67966.52,67983.5,199.56269
1771736400000,67983.5,68011.75,67881.81,67977.52,154.76424
1771740000000,67977.52,68178.79,67972.89,68038.13,303.09242
1771743600000,68038.14,68095.57,67990.5,68005.3,266.37265
1771747200000,68005.3,68019.46,67912.02,67950.1,183.6609
1771750800000,67950.11,68101.46,67948.74,68053.32,173.06503
1771754400000,68053.33,68153.2,68012.78,68129.56,204.92643
1771758000000,68129.57,68245.0,68129.56,68219.97,171.48901
1771761600000,68219.97,68232.4,67871.59,67928.22,372.42816
1771765200000,67928.23,68040.8,67571.08,67652.38,679.59468
1771768800000,67652.38,67682.47,67353.75,67443.89,825.57077
1771772400000,67443.89,67813.2,67303.5,67684.14,653.6397
1771776000000,67684.15,67718.13,67513.83,67632.76,299.2772
1771779600000,67632.76,67635.22,67190.0,67384.49,691.10182
1771783200000,67384.48,67461.41,67313.54,67422.62,362.52705
1771786800000,67422.63,67488.7,67403.37,67428.32,222.75597
1771790400000,67428.32,67491.96,67350.0,67401.74,272.50364
1771794000000,67401.74,67643.94,67401.74,67612.66,235.86316
1771797600000,67612.66,67751.44,67485.34,67666.16,369.66378
1771801200000,67666.16,67730.98,67469.58,67643.4,418.79352
1771804800000,67643.39,67684.86,66715.01,66740.47,765.22691
1771808400000,66740.47,66740.47,64290.71,64427.65,7324.06208
1771812000000,64427.64,64916.85,64325.98,64783.56,1843.2569
1771815600000,64783.56,65079.79,64700.0,64934.17,1090.11911
1771819200000,64934.18,65040.29,64685.64,64808.31,792.86138
1771822800000,64808.31,65294.8,64796.85,65070.9,1215.1894
1771826400000,65070.9,65802.09,65033.9,65757.32,1085.08146
1771830000000,65757.33,66015.22,65641.55,65958.94,1026.69503
1771833600000,65958.94,65958.94,65565.78,65676.44,895.54696
1771837200000,65676.44,66456.5,65672.76,66404.91,974.96031
1771840800000,66404.92,66600.0,66220.0,66319.69,789.042
1771844400000,66319.69,66487.37,66114.22,66207.23,534.45165
1771848000000,66207.23,66511.51,65886.51,66280.4,754.07687
1771851600000,66280.4,66430.52,66103.35,66132.66,807.41354
1771855200000,66132.65,66264.95,65529.73,65923.53,971.74614
1771858800000,65923.52,66250.0,65579.53,65660.1,1263.10354
1771862400000,65660.1,65724.28,65178.83,65364.65,1502.46383
1771866000000,65364.66,65451.01,64152.04,64813.26,2524.7894
1771869600000,64813.27,65194.51,64586.0,64635.49,994.68933
1771873200000,64635.49,64855.18,64048.71,64295.1,2158.00321
1771876800000,64295.11,64487.94,63888.79,64473.14,1313.21455
1771880400000,64473.14,64783.54,64459.44,64580.66,593.24685
1771884000000,64580.66,65035.98,64555.59,64725.56,1451.85665
1771887600000,64725.56,64900.63,64538.9,64656.02,404.81213
1771891200000,64656.01,65026.75,64656.01,64941.43,437.59997
1771894800000,64941.42,64941.42,63433.84,64160.27,2402.75927
1771898400000,64160.26,64500.0,64000.0,64109.81,599.63527
1771902000000,64109.8,64109.8,63342.9,63595.51,1312.76931
1771905600000,63595.51,63628.52,62868.69,63378.84,2096.9105
1771909200000,63378.84,63551.58,62700.8,63104.79,1274.07037
1771912800000,63104.79,63322.28,62900.0,63082.79,677.94768
1771916400000,63082.79,63367.2,62866.42,63192.96,890.96125
1771920000000,63192.79,63444.66,63009.92,63392.15,669.14656
1771923600000,63392.15,63411.8,62908.92,63249.99,657.17066
1771927200000,63250.0,63369.71,63112.7,63284.5,447.19211
1771930800000,63284.51,63317.95,63063.63,63227.1,461.08382
1771934400000,63227.11,63343.59,62965.21,62969.05,642.15852
1771938000000,62969.04,63100.0,62510.28,62900.0,2362.19948
1771941600000,62900.01,63834.21,62762.03,63453.99,1408.18955
1771945200000,63454.0,64031.76,63300.0,63973.97,1127.10688
1771948800000,63973.98,64428.9,63689.54,64265.52,1423.20973
1771952400000,64265.53,64520.0,64042.8,64219.71,1017.32505
1771956000000,64219.7,64500.0,63872.72,64435.06,809.89318
1771959600000,64435.05,64743.11,64250.52,64435.03,722.29463
1771963200000,64435.03,64591.99,64318.03,64472.9,409.22444
1771966800000,64472.9,64472.9,63820.5,64042.66,576.40912
1771970400000,64042.66,64227.81,63973.79,64120.95,288.16182
1771974000000,64120.96,64248.65,63853.99,64058.15,389.41705
1771977600000,64058.15,64319.29,63913.27,64224.3,292.38037
1771981200000,64224.29,66300.0,64145.2,65896.75,2840.08056
1771984800000,65896.74,66310.0,65866.66,65884.83,1252.91602
1771988400000,65884.84,65955.87,65350.28,65391.73,801.79518
1771992000000,65391.74,65650.0,65116.65,65457.99,723.49717
1771995600000,65458.0,65511.21,64755.26,64882.76,831.61343
1771999200000,64882.77,65124.04,64865.78,64898.22,394.76962
1772002800000,64898.22,65193.25,64781.18,65028.3,682.59011
1772006400000,65028.3,65586.87,64955.79,65530.49,694.36389
1772010000000,65530.48,65692.62,65396.47,65558.71,545.80832
1772013600000,65558.71,65648.74,65345.0,65400.87,315.12553
1772017200000,65400.87,65485.91,65200.8,65430.04,442.6001
1772020800000,65430.04,66240.0,65324.62,66068.94,1316.71816
1772024400000,66068.94,66684.1,66025.39,66248.62,1860.04287
1772028000000,66248.63,67009.78,66202.66,66973.2,2180.16784
1772031600000,66973.19,67578.0,66715.13,67412.33,2522.90832
1772035200000,67412.32,68332.0,67404.0,68297.35,2059.42933
1772038800000,68297.35,68879.96,68016.53,68674.2,2463.18666
1772042400000,68674.2,69550.0,68373.33,69328.07,2105.00773
1772046000000,69328.06,69406.93,68764.94,69038.26,1672.83962
1772049600000,69038.26,69374.95,68619.22,69148.69,1076.93003
1772053200000,69148.69,69988.83,68773.83,68919.72,1562.1195
1772056800000,68919.72,69176.0,68055.91,68432.13,1092.88431
1772060400000,68432.13,68696.97,67600.0,67988.04,1020.21792
1772064000000,67988.04,68539.17,67727.52,68335.99,1134.56842
1772067600000,68335.99,68700.0,68210.35,68248.3,619.19035
1772071200000,68248.3,68351.0,67779.93,68257.45,833.1941
1772074800000,68257.46,68379.59,68044.18,68216.86,408.51743
1772078400000,68216.87,68860.0,68179.62,68571.36,587.55874
1772082000000,68571.36,68571.37,68127.58,68443.81,486.81983
1772085600000,68443.82,68522.0,68042.9,68176.75,618.63359
1772089200000,68176.75,68290.18,67817.87,67825.04,840.14406
1772092800000,67825.05,68236.0,67792.0,67954.01,761.69108
1772096400000,67954.0,68644.59,67933.25,68589.41,1095.31619
1772100000000,68589.41,68722.64,68257.64,68301.62,688.66072
1772103600000,68301.61,68404.25,67965.46,68051.31,722.94931
1772107200000,68051.3,68303.83,68009.88,68171.56,642.07881
1772110800000,68171.55,68213.98,67848.69,67905.35,698.96783
1772114400000,67905.34,68272.21,67264.22,67697.74,1769.26733
1772118000000,67696.89,67743.36,66761.16,67382.0,2095.8814
1772121600000,67382.0,67566.85,66500.0,66643.55,2050.20093
1772125200000,66643.56,67044.1,66600.46,66826.8,885.82755
1772128800000,66826.8,67373.9,66575.73,67310.53,1058.47196
1772132400000,67310.53,67903.12,67285.99,67589.22,1235.95013
1772136000000,67589.21,67831.11,67269.42,67414.07,597.88987
1772139600000,67414.07,67575.97,67150.14,67463.65,299.84732
1772143200000,67463.65,67630.22,67301.75,67572.3,291.6336
1772146800000,67572.3,67656.11,67390.65,67485.18,314.51737
1772150400000,67485.19,67537.84,67000.0,67226.5,462.9103
1772154000000,67226.5,67398.86,66885.0,67352.26,818.15438
1772157600000,67352.26,67546.15,67263.56,67266.58,463.09611
1772161200000,67266.58,67712.16,67099.71,67600.84,415.67371
1772164800000,67600.84,68216.8,67578.67,67747.49,1318.53811
1772168400000,67747.49,67924.0,67683.3,67724.99,411.56603
1772172000000,67725.0,67823.9,67525.46,67658.14,398.60368
1772175600000,67658.14,67774.48,67459.3,67690.6,896.56486
1772179200000,67690.6,68079.83,67655.86,67926.24,712.98047
1772182800000,67926.25,68149.93,67284.22,67355.73,1377.2902
1772186400000,67355.72,67416.78,66574.0,66604.91,1414.83211
1772190000000,66604.9,66778.68,65960.01,66126.99,1399.59256
1772193600000,66126.99,66217.42,65734.71,65928.01,1855.03329
1772197200000,65928.01,66344.9,65649.34,66270.55,1278.55317
1772200800000,66270.55,66334.87,65686.64,65887.59,1404.23206
1772204400000,65887.59,66311.11,65845.18,66095.4,957.11978
1772208000000,66095.4,66121.03,65462.93,65475.21,1135.56487
1772211600000,65475.21,65765.06,65113.72,65703.19,1265.39709
1772215200000,65703.18,65788.07,65228.33,65314.76,623.00837
1772218800000,65314.76,65457.35,65172.6,65392.18,851.95591
1772222400000,65392.18,65666.66,65392.18,65594.67,444.86468
1772226000000,65594.67,65749.94,65400.0,65527.59,282.6564
1772229600000,65527.59,65673.33,64914.46,65637.99,713.5349
1772233200000,65638.0,65953.2,65551.67,65872.1,326.8612
1772236800000,65872.09,66025.52,65721.13,65942.0,334.42449
1772240400000,65942.01,65971.93,65743.71,65770.36,267.81274
1772244000000,65770.36,66018.85,65761.94,65961.13,204.09288
1772247600000,65961.13,65982.34,65745.39,65797.42,239.41397
1772251200000,65797.42,65818.44,65488.0,65663.2,311.53682
1772254800000,65663.21,65729.65,65500.0,65591.03,300.20395
1772258400000,65591.03,65591.04,63030.0,63216.01,3175.19445
1772262000000,63216.01,64327.22,63038.0,63826.0,2127.97927
1772265600000,63825.99,63877.09,63411.39,63473.28,1118.13838
1772269200000,63473.27,64005.35,63372.1,63658.54,737.11739
1772272800000,63658.55,64053.93,63452.64,64010.39,1633.42712
1772276400000,64010.38,64307.44,63791.25,63844.2,1245.63976
1772280000000,63844.2,64082.66,63827.2,64017.19,474.84169
1772283600000,64017.18,65216.97,63888.89,65106.44,1748.13055
1772287200000,65106.45,65360.51,64278.5,64435.61,1331.97244
1772290800000,64435.62,65020.75,64200.0,64841.18,731.53889
1772294400000,64841.17,65206.25,64681.81,65094.3,500.23365
1772298000000,65094.29,65555.0,64828.03,65442.62,595.58409
1772301600000,65442.61,66157.61,65185.7,65911.84,830.58148
1772305200000,65911.83,66666.65,65602.65,66362.01,1072.73124
1772308800000,66362.01,67151.68,66190.61,66959.62,840.13263
1772312400000,66959.63,67055.56,66368.42,66723.22,934.75984
1772316000000,66723.23,67760.0,66608.82,67103.64,1310.09118
1772319600000,67103.63,67210.0,66733.73,66973.26,483.13759
1772323200000,66973.26,67121.8,66620.5,66791.29,560.35194
1772326800000,66791.29,67703.32,66042.72,67339.36,1630.19028
1772330400000,67339.36,68199.99,67339.36,67620.65,1861.8227
1772334000000,67620.65,67813.33,67400.0,67502.16,637.99716
1772337600000,67502.16,67612.14,67079.36,67346.5,631.60541
1772341200000,67346.5,67574.65,67200.0,67292.09,437.89406
1772344800000,67292.08,67345.8,66749.35,66926.68,1159.96329
1772348400000,66926.69,67235.72,66784.58,67141.39,937.93278
1772352000000,67141.4,67292.3,66389.33,66560.14,1475.81311
1772355600000,66560.14,66771.1,66246.95,66410.08,815.73368
1772359200000,66410.09,66731.47,66215.71,66467.06,621.17753
1772362800000,66467.07,66661.61,66372.27,66468.03,338.19615
1772366400000,66468.04,66550.0,66241.97,66296.48,388.82935
1772370000000,66296.48,67360.57,66132.27,66934.79,1311.02111
1772373600000,66934.8,67320.19,66752.58,66847.8,911.62631
1772377200000,66847.8,67243.69,66828.6,66842.42,1028.55576
1772380800000,66842.42,67112.37,65730.28,66135.45,1500.74296
1772384400000,66135.45,66219.77,65699.98,65979.61,952.1973
1772388000000,65979.61,66657.44,65979.61,66316.83,906.08265
1772391600000,66316.84,66345.95,65772.29,65962.17,541.15631
1772395200000,65962.16,65962.16,65084.02,65300.0,961.21349
1772398800000,65300.01,65756.5,65281.83,65666.2,996.50526
1772402400000,65666.19,66491.43,65056.0,65268.71,1763.29476
1772406000000,65268.71,66080.0,65125.67,65776.47,831.95524
1772409600000,65776.48,66796.44,65761.04,66501.52,990.0826
1772413200000,66501.52,67079.0,66358.45,66532.02,886.93071
1772416800000,66532.02,66609.94,65890.5,66276.77,554.16265
1772420400000,66276.77,67037.22,66101.07,66820.03,509.4124
1772424000000,66820.03,66975.74,66633.13,66862.12,750.65203
1772427600000,66862.11,66995.64,66547.81,66730.78,887.19458
1772431200000,66730.78,66739.45,66062.83,66204.9,677.75967
1772434800000,66204.9,66209.46,65542.6,66007.52,1294.85905
1772438400000,66007.8,66306.0,65654.54,66282.0,1104.41132
1772442000000,66281.99,66720.84,66164.96,66168.62,1786.28426
1772445600000,66168.61,66381.74,66079.24,66316.4,436.29038
1772449200000,66316.39,66462.4,66003.59,66359.68,1034.77975
1772452800000,66359.67,66391.38,65874.92,65963.43,763.09374
1772456400000,65963.43,66157.28,65350.0,65440.01,1576.81345
1772460000000,65440.01,67220.81,65259.21,67177.06,3015.13713
1772463600000,67177.05,69617.74,66975.29,69130.2,5476.56874
1772467200000,69130.2,70096.0,68933.69,69428.62,3440.03188
1772470800000,69428.62,69578.0,68793.88,69198.0,1445.4415
1772474400000,69198.0,69268.15,68727.83,68877.67,1055.7431
1772478000000,68877.67,69049.32,68576.18,68966.53,886.89114
1772481600000,68966.52,69505.0,68584.9,69106.58,1028.13825
1772485200000,69106.58,69539.77,69000.71,69413.82,441.38382
1772488800000,69413.82,69501.62,69136.36,69440.49,1330.59238
1772492400000,69440.48,69479.58,68740.0,68830.06,637.72978
1772496000000,68830.06,69166.61,68644.38,69092.88,602.91075
1772499600000,69092.89,69258.08,68755.0,68760.01,452.46998
1772503200000,68760.01,68774.13,68210.71,68512.17,848.26905
1772506800000,68512.17,68550.0,68231.47,68377.94,458.44735
1772510400000,68377.94,68454.63,68050.11,68123.2,436.46143
1772514000000,68123.19,68617.42,67845.84,67947.75,913.85345
1772517600000,67947.75,68250.24,67800.0,68106.73,821.19287
1772521200000,68106.73,68275.2,67951.24,68172.8,1165.60519
1772524800000,68172.79,68311.83,66905.0,67003.3,1883.4522
1772528400000,67003.3,67184.71,66340.14,66647.98,1767.88336
1772532000000,66647.98,67030.75,66440.46,66860.3,1159.50732
1772535600000,66860.3,67166.5,66779.37,67026.61,1271.91624
1772539200000,67026.6,67973.2,67025.93,67399.85,1323.51079
1772542800000,67399.85,67435.0,66635.3,66931.31,709.75818
1772546400000,66931.32,67603.94,66158.0,66568.95,1714.82463
1772550000000,66568.95,67834.93,66471.79,67725.81,1695.1952
1772553600000,67725.82,68999.0,67473.09,68175.9,2581.91143
1772557200000,68175.89,68400.0,67626.53,68318.66,982.14848
1772560800000,68318.66,68914.01,67976.47,68628.49,974.13002
1772564400000,68628.5,68888.88,68312.83,68435.0,946.51026
1772568000000,68435.0,68591.24,68092.1,68266.0,592.99873
1772571600000,68265.99,68265.99,67832.3,68024.62,519.92364
1772575200000,68024.63,68524.54,68024.62,68327.2,573.87256
1772578800000,68327.2,68860.0,68245.64,68338.0,575.48869
1772582400000,68338.01,68413.9,67857.61,68093.19,767.61923
1772586000000,68093.2,68909.34,67963.28,68405.0,1294.62328
1772589600000,68405.0,68447.72,67984.56,68323.33,798.11328
1772593200000,68323.33,68383.63,67400.0,67732.2,954.50771
1772596800000,67732.19,67954.89,67467.6,67786.0,1066.3898
1772600400000,67786.0,68397.84,67682.64,68206.59,666.28769
1772604000000,68206.58,68678.76,68048.63,68508.02,1288.48108
1772607600000,68508.02,69668.0,68349.49,69493.13,2067.68212
1772611200000,69493.14,71163.0,69098.91,71011.4,4675.3565
1772614800000,71011.4,71893.0,70724.26,71520.76,4196.19004
1772618400000,71520.76,71878.17,71200.0,71348.92,2079.39146
1772622000000,71348.92,71499.75,70928.25,71111.4,1195.15977
1772625600000,71111.4,71364.14,70588.0,71339.71,1486.53558
1772629200000,71339.72,71624.99,71214.4,71477.17,1568.2684
1772632800000,71477.17,72633.0,71300.1,71621.04,4139.0795
1772636400000,71621.03,73479.75,71580.62,73396.88,4184.35996
1772640000000,73396.87,73500.0,72541.69,73294.84,2627.55973
1772643600000,73294.84,73759.99,72932.8,73218.92,2258.8783
1772647200000,73218.93,73700.0,72912.11,73693.5,1121.5369
1772650800000,73693.5,74050.0,73516.0,73611.1,2657.03129
1772654400000,73611.67,73716.0,73001.05,73019.68,904.52712
1772658000000,73019.69,73322.93,72878.0,73309.72,836.52696
1772661600000,73309.73,73523.31,72638.29,72705.86,894.79856
1772665200000,72705.86,72880.88,72313.04,72666.77,1190.17184
1772668800000,72666.77,73000.0,72553.65,72760.0,1004.77646
1772672400000,72759.99,73306.82,72409.1,72538.72,821.18852
1772676000000,72538.72,72916.5,72336.76,72506.19,628.62779
1772679600000,72506.18,72750.0,72344.51,72497.89,668.37206
1772683200000,72497.89,73081.08,72447.96,72815.7,750.0071
1772686800000,72815.7,72912.82,72260.74,72412.15,1085.89796
1772690400000,72412.15,72655.23,72037.56,72553.62,1063.1049
1772694000000,72553.63,72675.07,71759.95,72055.5,1447.01462
1772697600000,72055.5,72370.21,71757.17,72333.7,1421.17898
1772701200000,72333.7,72875.85,72298.83,72591.59,1160.78148
1772704800000,72591.59,73558.15,72517.06,73388.92,1589.2678
1772708400000,73388.91,73449.96,72766.75,72915.79,2091.15218
1772712000000,72915.8,73063.38,72666.93,72890.73,729.99152
1772715600000,72890.73,72935.3,72189.7,72467.79,1108.98859
1772719200000,72467.79,72835.73,71944.18,72609.29,1446.63499
1772722800000,72609.3,72770.0,71168.65,71652.77,2321.94313
1772726400000,71652.77,71654.65,70786.06,71305.92,1736.25108
1772730000000,71305.92,71572.0,70645.47,70704.41,1223.37093
1772733600000,70703.37,71090.32,70656.63,70990.65,720.55573
1772737200000,70990.66,71430.78,70870.0,70918.07,626.47744
1772740800000,70918.08,71394.45,70840.0,71236.51,496.74041
1772744400000,71236.51,71572.3,71023.52,71141.93,546.48691
1772748000000,71141.93,71364.45,71074.45,71208.54,834.62565
1772751600000,71208.54,71292.44,70777.0,70890.72,1067.0763
1772755200000,70891.02,71047.95,70784.0,70988.19,673.4608
1772758800000,70988.19,71301.74,70344.03,71257.2,1057.89391
1772762400000,71257.2,71419.98,71036.0,71252.43,752.48392
1772766000000,71252.43,71305.42,71000.0,71080.38,548.09403
1772769600000,71080.37,71120.17,70270.21,70613.61,667.82412
1772773200000,70613.61,70658.01,70143.19,70436.19,966.11543
1772776800000,70436.18,70853.37,70261.23,70597.23,672.31367
1772780400000,70597.23,71192.76,70468.97,71056.44,782.05786
1772784000000,71056.44,71067.58,70735.85,70789.49,569.42569
1772787600000,70789.49,70808.65,70300.0,70565.56,637.9756
1772791200000,70565.56,70800.0,70467.88,70527.93,469.81877
1772794800000,70527.93,70643.27,70184.01,70212.95,763.93539
1772798400000,70212.94,70224.84,69660.0,69907.0,1907.43626
1772802000000,69907.0,70341.76,69208.0,69208.0,2069.72961
1772805600000,69213.18,69273.87,68176.47,68409.89,3148.50679
1772809200000,68409.89,69100.0,68306.0,68504.71,1428.68549
1772812800000,68504.71,68795.44,68222.0,68446.52,955.00949
1772816400000,68446.52,68642.69,67744.78,67955.1,1236.78923
1772820000000,67955.1,68476.47,67955.1,68181.2,514.98068
1772823600000,68181.2,68485.01,68004.15,68131.79,617.63492
1772827200000,68131.79,68285.71,67777.0,68111.03,668.6183
1772830800000,68111.03,68333.33,67919.72,68289.1,604.80896
1772834400000,68289.11,68440.92,68221.38,68319.89,304.91261
1772838000000,68319.9,68371.24,68105.71,68114.02,611.37569
1772841600000,68114.02,68394.09,68105.73,68290.45,653.38105
1772845200000,68290.46,68369.11,68180.95,68262.01,316.06145
1772848800000,68262.01,68367.73,68060.6,68350.04,316.96409
1772852400000,68350.05,68551.04,68095.5,68095.5,450.32011
1772856000000,68095.5,68147.73,67817.0,68063.43,621.66509
1772859600000,68063.42,68140.49,67908.0,68018.26,493.88772
1772863200000,68018.27,68021.14,67612.21,67690.86,489.36583
1772866800000,67690.86,67865.23,67446.41,67842.67,768.74899
1772870400000,67842.67,68045.07,67720.98,67795.4,465.95331
1772874000000,67795.4,68074.97,67738.31,68000.0,332.46219
1772877600000,68000.0,68102.73,67870.43,67880.31,319.42039
1772881200000,67880.31,68232.27,67841.67,68010.01,372.24149
1772884800000,68010.0,68085.41,67900.01,67992.54,359.03867
1772888400000,67992.54,68081.16,67855.82,67931.06,318.23636
1772892000000,67931.06,68083.79,67609.44,68016.7,473.27443
1772895600000,68016.7,68034.67,67769.89,67877.45,577.84468
1772899200000,67877.45,67889.68,67702.2,67783.63,349.2691
1772902800000,67783.63,67935.01,67768.97,67788.41,217.68104
1772906400000,67788.4,67788.41,67480.0,67568.13,1180.24782
1772910000000,67568.13,67572.35,66915.26,67080.34,1312.2302
1772913600000,67080.33,67437.5,67068.01,67402.98,590.47118
1772917200000,67402.98,67483.05,67281.34,67452.98,638.99995
1772920800000,67452.97,67469.87,67101.31,67258.65,706.81324
1772924400000,67258.65,67403.85,67183.39,67262.91,394.96477
1772928000000,67262.91,67481.96,67181.04,67194.77,552.27054
1772931600000,67194.77,67353.57,67090.0,67297.27,565.85563
1772935200000,67297.27,67426.52,66833.58,66925.44,765.90711
1772938800000,66925.45,67083.1,66850.0,67000.26,999.40624
1772942400000,67000.26,67100.01,66547.15,66637.36,1206.88314
1772946000000,66637.35,67250.24,66617.76,67149.93,402.00353
1772949600000,67149.93,67231.86,67035.18,67161.52,246.63235
1772953200000,67161.52,67465.11,67154.91,67319.91,1010.57902
1772956800000,67319.9,67577.36,67156.93,67539.33,1008.6246
1772960400000,67539.34,67905.03,67474.0,67681.0,1111.87857
1772964000000,67681.0,68200.0,67680.99,67904.14,646.22527
1772967600000,67904.15,67904.15,67411.76,67515.0,536.67584
1772971200000,67515.0,67650.94,66888.0,67324.72,902.41572
1772974800000,67324.71,67431.81,66761.68,67234.86,1987.5897
1772978400000,67234.86,67426.69,67055.73,67339.76,695.31699
1772982000000,67339.75,67369.36,67080.0,67218.23,879.16155
1772985600000,67218.23,67268.44,66802.47,66872.15,538.7559
1772989200000,66872.15,67179.98,66800.01,67065.0,812.42846
1772992800000,67065.0,67076.0,66745.54,66804.0,487.97779
1772996400000,66803.99,67485.24,66779.82,67337.42,711.10669
1773000000000,67337.41,67609.08,67028.45,67238.8,1144.93227
1773003600000,67238.79,67266.0,66712.69,67020.01,959.03531
1773007200000,67020.01,67020.01,65618.49,66236.8,2742.02435
1773010800000,66236.8,66569.24,65930.3,65971.2,679.95244
1773014400000,65971.2,66773.0,65821.97,66370.01,951.35538
1773018000000,66370.01,66698.05,66131.25,66196.01,2263.78882
1773021600000,66196.01,66707.58,65959.0,66537.32,752.57114
1773025200000,66537.32,67668.64,66512.88,67205.05,1256.29482
1773028800000,67205.06,67610.0,67093.09,67130.14,848.47762
1773032400000,67131.1,68069.29,67113.02,67911.16,1145.71148
1773036000000,67911.15,67939.55,67236.78,67267.18,578.70307
1773039600000,67267.18,67575.81,66853.48,67555.13,1253.45589
1773043200000,67555.13,67929.19,67391.89,67814.69,1615.43129
1773046800000,67814.69,68460.09,67566.65,67981.02,1225.43841
1773050400000,67981.03,68088.92,67556.72,67608.13,687.12244
1773054000000,67608.13,67855.82,67344.45,67764.98,577.58612
1773057600000,67764.99,68348.26,67759.57,68151.93,970.32854
1773061200000,68151.93,69300.0,68133.93,68976.0,2460.13662
1773064800000,68975.8,69480.0,68696.28,69151.5,2377.05802
1773068400000,69151.5,69254.87,68717.86,68863.66,1995.45638
1773072000000,68863.67,69225.0,68614.47,68960.12,1086.01117
1773075600000,68960.12,69088.49,68270.34,68600.71,889.54053
1773079200000,68600.71,68705.76,68179.12,68356.37,1350.25926
1773082800000,68356.37,69516.65,68356.37,68991.93,1713.56623
1773086400000,68991.93,69145.28,68762.2,68961.71,507.40424
1773090000000,68961.15,69102.53,68660.94,68919.72,782.51759
1773093600000,68919.71,69030.56,68597.0,68635.88,943.05059
1773097200000,68635.88,68694.73,68384.69,68432.16,665.45565
1773100800000,68432.16,69290.42,68391.41,69157.37,1134.03591
1773104400000,69157.36,69389.06,68786.04,69260.01,1073.3002
1773108000000,69260.0,70578.29,69103.12,70272.01,2010.9648
1773111600000,70272.0,70370.86,69390.0,69429.85,1096.27179
1773115200000,69429.85,70132.27,69429.85,70072.94,1112.05227
1773118800000,70072.95,70355.06,69885.71,69971.34,874.03346
1773122400000,69971.34,70185.24,69750.62,69910.91,1140.99151
1773126000000,69910.91,70546.74,69805.7,70406.01,1780.20471
1773129600000,70406.01,71097.64,70369.0,70709.37,1852.19984
1773133200000,70709.37,71300.0,70653.24,71078.92,1664.83143
1773136800000,71078.92,71086.86,70660.89,70774.04,1808.06147
1773140400000,70774.04,70865.73,70540.4,70580.94,945.42456
1773144000000,70580.95,70628.19,70290.88,70519.86,702.95479
1773147600000,70519.86,70926.46,69723.25,69921.12,1644.54716
1773151200000,69921.12,71527.54,69266.06,71467.81,2553.72955
1773154800000,71467.81,71777.0,70900.05,71346.16,2098.87598
1773158400000,71346.17,71700.0,70943.31,71268.59,1291.34054
1773162000000,71268.58,71452.0,70512.64,70868.61,1383.6295
1773165600000,70868.62,70914.9,69901.0,70013.87,1837.40169
1773169200000,70013.87,70290.0,69739.0,70043.63,992.60769
1773172800000,70043.63,70350.0,70007.52,70235.6,671.88971
1773176400000,70236.34,70417.3,69541.91,69763.01,830.8687
1773180000000,69763.02,69869.9,69452.42,69721.58,937.20086
1773183600000,69721.58,69981.8,69698.46,69948.63,1165.15914
1773187200000,69948.64,70173.25,69759.63,70044.87,728.92961
1773190800000,70044.87,70144.0,69880.0,70071.26,947.24879
1773194400000,70071.26,70119.59,69614.0,69810.72,1612.87548
1773198000000,69810.73,69887.11,69488.7,69551.91,1113.41409
1773201600000,69551.91,70281.87,69501.55,70130.99,759.416
1773205200000,70130.99,70200.96,69420.0,69510.36,757.81378
1773208800000,69510.37,69996.0,69500.01,69950.01,391.73761
1773212400000,69950.01,70018.49,69500.67,69648.29,1171.57725
1773216000000,69648.28,69786.32,69500.0,69662.24,672.55865
1773219600000,69662.24,69752.06,69384.5,69466.75,939.05652
1773223200000,69466.75,69726.45,69390.91,69604.9,1028.34397
1773226800000,69604.9,69755.1,69150.28,69173.0,898.77254
1773230400000,69172.99,69777.66,68977.91,69361.13,1045.64069
1773234000000,69361.13,71091.18,69331.04,70186.09,2647.32148
1773237600000,70186.08,70987.0,69906.77,70578.7,2251.77658
1773241200000,70578.7,70654.43,69702.25,70227.91,1844.6963
1773244800000,70227.92,70826.39,70161.78,70570.71,1837.92404
1773248400000,70570.71,71321.0,70512.01,70785.99,2122.20651
1773252000000,70785.99,70895.31,70415.27,70617.64,1134.13411
1773255600000,70617.63,70742.38,70375.68,70641.82,644.23151
1773259200000,70641.81,70700.0,70394.23,70634.96,383.34496
1773262800000,70634.96,70777.17,70499.94,70741.26,576.42683
1773266400000,70741.27,70950.0,70241.53,70373.01,1098.26512
1773270000000,70373.01,70505.0,70125.83,70191.86,641.563
1773273600000,70191.86,70353.87,70130.23,70225.34,658.09363
1773277200000,70225.34,70226.94,69754.94,69841.31,760.55263
1773280800000,69841.3,69887.93,69226.52,69286.56,742.38929
1773284400000,69286.55,69628.25,69246.23,69446.61,415.13842
1773288000000,69446.61,69676.88,69296.43,69372.0,436.68208
1773291600000,69372.0,69539.61,69205.91,69480.54,734.74043
1773295200000,69480.54,69561.84,69315.63,69501.44,719.76894
1773298800000,69501.45,69865.98,69408.88,69826.19,830.78197
1773302400000,69826.19,70116.37,69698.33,69917.37,1246.32882
1773306000000,69917.36,70400.0,69580.0,69952.51,1284.31562
1773309600000,69952.51,70511.0,69856.0,70412.11,911.03902
1773313200000,70412.1,70800.0,70367.97,70427.91,1207.70061
1773316800000,70427.9,70617.66,70277.38,70381.8,847.51801
1773320400000,70381.8,70534.65,69645.0,69972.15,1340.7754
1773324000000,69972.2,70660.69,69355.34,69590.09,2130.67842
1773327600000,69590.09,70565.43,69476.14,70334.88,1778.50463
1773331200000,70334.89,70569.15,69905.71,70381.16,1271.41787
1773334800000,70381.15,70547.19,70076.16,70212.06,843.93551
1773338400000,70212.05,70303.51,69800.0,69819.64,742.85798
1773342000000,69819.64,70548.81,69770.85,70432.32,757.84664
1773345600000,70432.33,70555.2,70111.28,70164.49,618.18553
1773349200000,70164.5,70470.0,70164.5,70268.55,355.90233
1773352800000,70268.54,70305.26,70013.17,70175.64,467.42484
1773356400000,70175.64,70734.25,70159.35,70541.34,894.58188
1773360000000,70541.34,72000.0,70386.01,71475.61,2857.31114
1773363600000,71475.6,71759.95,71283.99,71672.39,975.74666
1773367200000,71672.38,71696.68,71045.52,71143.8,994.81538
1773370800000,71143.8,71508.87,70964.43,71405.75,927.82134
1773374400000,71405.76,71493.77,71214.01,71393.94,780.92498
1773378000000,71393.93,71637.54,71242.02,71546.29,1178.90406
1773381600000,71546.28,71593.22,71180.19,71342.0,1081.97604
1773385200000,71342.0,71672.76,71236.08,71612.22,1139.8319
1773388800000,71612.23,72142.85,71385.28,71821.02,1820.16796
1773392400000,71821.01,72100.37,71589.81,72006.57,925.21442
1773396000000,72006.56,72575.98,71995.53,72458.12,1635.35127
1773399600000,72458.11,72526.12,72207.41,72228.82,724.41705
1773403200000,72228.81,72884.68,72210.0,72784.73,1142.93241
1773406800000,72784.73,73585.27,72684.88,73379.18,3297.40201
1773410400000,73379.18,73913.74,72350.0,72382.72,4558.05031
1773414000000,72382.72,72829.12,71736.34,71831.46,3305.45471
1773417600000,71831.46,72100.0,71154.54,71885.57,2334.3461
1773421200000,71885.56,72249.99,70914.09,71037.93,1889.70074
1773424800000,71037.93,71350.94,70841.23,71055.45,738.18799
1773428400000,71055.45,71309.94,71006.19,71189.95,507.07823
1773432000000,71189.96,71469.53,71150.0,71346.84,554.4729
1773435600000,71346.84,71491.03,71058.25,71104.65,650.14338
1773439200000,71104.65,71189.26,70559.02,70814.0,863.33877
1773442800000,70814.0,71005.3,70688.45,70930.0,1113.02703
1773446400000,70930.01,70951.8,70555.0,70631.97,763.50434
1773450000000,70631.96,70941.05,70481.7,70831.7,791.55133
1773453600000,70831.7,70948.66,70735.21,70783.27,1013.67533
1773457200000,70783.27,71185.23,70783.26,71081.3,944.72261
1773460800000,71081.31,71307.92,71021.11,71039.58,707.08065
1773464400000,71039.57,71151.3,70916.96,71013.75,759.3407
1773468000000,71013.75,71013.75,70317.0,70622.08,712.17672
1773471600000,70622.09,70743.88,70489.03,70596.68,750.98425
1773475200000,70596.68,70710.76,70536.58,70585.63,461.44808
1773478800000,70585.64,70728.07,70400.0,70501.16,893.97396
1773482400000,70501.16,70575.1,70389.08,70570.44,624.35522
1773486000000,70570.44,70784.38,70562.66,70751.42,515.18098
1773489600000,70751.42,70835.48,70616.44,70780.59,472.56223
1773493200000,70780.59,70930.56,70711.54,70847.35,886.4995
1773496800000,70847.34,70941.17,70578.76,70599.22,329.16955
1773500400000,70599.23,70728.59,70501.0,70580.09,849.34654
1773504000000,70580.09,70709.4,70500.0,70672.53,379.28346
1773507600000,70672.52,70733.02,70590.0,70617.01,134.37087
1773511200000,70617.01,70708.88,70559.35,70668.23,95.80359
1773514800000,70668.23,70740.34,70595.14,70700.0,77.47303
1773518400000,70699.99,70856.4,70650.09,70805.71,114.01852
1773522000000,70805.71,70825.04,70661.06,70799.99,113.91325
1773525600000,70799.99,70805.15,70695.29,70710.91,89.24315
1773529200000,70710.9,71253.17,70710.9,71211.95,537.56951
1773532800000,71211.95,71220.74,70967.59,70985.28,576.24004
1773536400000,70985.29,71037.41,70858.82,70985.83,340.54476
1773540000000,70985.84,71634.08,70985.84,71450.53,895.09143
1773543600000,71450.54,71538.03,71240.68,71363.14,779.68802
1773547200000,71363.13,71661.55,71330.66,71606.32,779.77883
1773550800000,71606.31,71800.68,71476.0,71489.68,792.96245
1773554400000,71489.67,71595.43,71373.75,71458.41,528.89919
1773558000000,71458.41,71658.44,71411.88,71453.59,276.05348
1773561600000,71453.59,71736.72,71453.59,71717.5,551.40345
1773565200000,71717.5,71940.49,71713.9,71791.1,640.93656
1773568800000,71791.11,71919.19,71714.37,71783.09,525.0135
1773572400000,71783.1,71888.0,71659.71,71839.42,452.79199
1773576000000,71839.41,71839.42,71560.21,71610.33,324.76249
1773579600000,71610.33,71679.81,71263.99,71607.54,1108.48189
1773583200000,71607.54,71635.56,71341.68,71622.03,452.09243
1773586800000,71622.04,71626.0,71410.0,71481.24,210.01259
1773590400000,71481.24,71586.75,71320.08,71437.35,302.61771
1773594000000,71437.35,71989.93,71409.74,71819.95,365.80062
1773597600000,71819.96,71885.55,71321.87,71390.53,321.10675
1773601200000,71390.53,71582.83,71338.67,71549.94,251.59972
1773604800000,71549.94,71930.0,71433.75,71730.81,236.54566
1773608400000,71730.81,72222.0,71629.99,72109.58,459.80342
1773612000000,72109.59,73081.77,71725.74,72749.44,1471.44945
1773615600000,72749.45,73199.0,72420.44,72815.24,1393.63061
1773619200000,72815.25,73008.94,72452.26,72531.26,685.4345
1773622800000,72531.27,72852.28,72270.41,72752.9,715.87613
1773626400000,72752.9,72852.28,72368.08,72514.69,487.11967
1773630000000,72514.69,74330.34,72436.02,73573.32,3424.72669
1773633600000,73573.31,74451.03,73573.31,73835.62,1907.76761
1773637200000,73835.62,74258.07,73720.0,74207.49,1421.12171
1773640800000,74207.49,74207.5,73610.0,73714.36,1229.39836
1773644400000,73714.36,73924.83,73385.18,73456.68,958.93738
1773648000000,73456.69,73776.13,72888.8,73135.0,1562.06854
1773651600000,73135.0,73331.88,73057.25,73260.92,531.7209
1773655200000,73260.92,73783.42,73202.89,73783.42,1038.45265
1773658800000,73783.42,73838.76,73515.33,73552.77,680.69185
1773662400000,73552.78,74044.0,73465.46,73864.8,921.55759
1773666000000,73864.81,74509.52,73787.0,74109.55,1593.51066
1773669600000,74109.56,74460.19,72990.52,73565.54,2204.69587
1773673200000,73565.54,74030.0,73186.5,73274.76,1024.65577
1773676800000,73274.75,73901.95,73160.66,73760.63,1016.72181
1773680400000,73760.63,74065.7,73648.7,73943.18,906.04408
1773684000000,73943.17,74356.32,73860.0,73913.6,1086.95746
1773687600000,73913.6,74418.6,73781.54,73963.0,1122.08511
1773691200000,73963.0,74248.95,73863.2,74236.9,424.59345
1773694800000,74236.9,74799.0,74150.0,74401.36,1246.95221
1773698400000,74401.35,74899.99,74378.43,74772.66,1058.73068
1773702000000,74773.56,74909.08,74250.21,74884.67,1159.70951
1773705600000,74884.67,75520.23,74614.18,75318.48,2173.5367
1773709200000,75318.48,76000.0,75074.37,75623.91,1953.08873
1773712800000,75623.91,75677.66,75114.67,75198.02,1068.24779
1773716400000,75198.02,75326.15,74268.73,74463.98,1730.33731
1773720000000,74463.98,74712.89,73980.16,74252.01,2017.11887
1773723600000,74252.0,74459.99,73784.0,74036.74,1250.81696
1773727200000,74036.74,74276.66,73877.56,74085.45,879.74749
1773730800000,74085.46,74457.72,74066.4,74249.32,771.242
1773734400000,74249.32,74452.97,74108.01,74188.38,461.65295
1773738000000,74188.38,74406.03,73841.62,73937.16,864.16263
1773741600000,73937.16,73960.74,73560.98,73729.45,1049.0691
1773745200000,73729.45,74224.16,73682.01,74033.11,647.95804
1773748800000,74033.1,74170.55,73672.25,73739.74,614.23436
1773752400000,73739.74,74167.39,73399.19,73615.48,1159.88444
1773756000000,73615.49,74425.31,73424.79,74381.7,1362.71508
1773759600000,74381.69,74893.94,73669.91,73914.39,1370.72331
1773763200000,73914.4,74350.0,73855.24,74155.69,747.87279
1773766800000,74155.68,74594.0,74006.58,74523.75,826.10844
1773770400000,74523.76,74769.17,74386.11,74683.04,707.46038
1773774000000,74683.04,74800.0,74427.25,74512.17,768.60522
1773777600000,74511.21,74685.5,74359.87,74506.75,466.76372
1773781200000,74506.75,74799.0,74450.01,74685.42,618.20101
1773784800000,74685.42,74772.14,73934.0,74307.08,488.30847
1773788400000,74307.08,74398.74,73871.74,73909.36,523.41057
1773792000000,73909.37,74063.22,73535.36,73867.88,673.31061
1773795600000,73867.88,74211.43,73820.69,74072.3,537.72886
1773799200000,74072.3,74476.0,74051.78,74338.93,549.53806
1773802800000,74338.93,74672.34,74250.27,74446.14,459.80928
1773806400000,74446.14,74486.3,74137.02,74175.49,472.35206
1773810000000,74175.48,74312.11,73830.76,73950.0,662.80056
1773813600000,73950.01,74225.82,73938.1,73954.03,652.79254
1773817200000,73954.03,73997.04,73700.01,73883.8,504.7237
1773820800000,73883.8,74130.02,73863.31,74044.89,735.50464
1773824400000,74044.9,74281.33,74042.85,74181.08,347.16358
1773828000000,74181.08,74267.77,73816.26,73946.35,478.90858
1773831600000,73946.35,74074.84,72800.0,72952.85,1877.69179
1773835200000,72952.85,72981.79,72271.11,72361.24,1819.95371
1773838800000,72361.13,72556.81,71980.0,72133.49,1607.02731
1773842400000,72133.48,72222.45,71100.0,71193.23,2385.98822
1773846000000,71193.23,71531.54,70857.21,71467.82,2560.23665
1773849600000,71467.82,71565.78,71037.34,71314.08,967.21409
1773853200000,71314.07,71750.0,71199.87,71595.21,1025.9984
1773856800000,71595.21,72000.5,70947.78,71096.74,1475.11719
1773860400000,71096.75,71486.14,70933.85,71072.38,867.91916
1773864000000,71072.38,71333.33,70500.0,71214.67,1180.62213
1773867600000,71214.67,71451.22,71167.15,71263.67,338.26453
1773871200000,71263.67,71269.02,70944.56,71153.66,520.94837
1773874800000,71153.67,71365.4,71069.69,71246.54,691.26691
1773878400000,71246.55,71321.81,70976.69,71002.17,887.95607
1773882000000,71002.18,71182.44,70951.93,71115.23,391.40796
1773885600000,71115.24,71252.83,70902.37,71055.44,554.97617
1773889200000,71055.44,71613.79,71053.33,71215.39,593.60943
1773892800000,71215.39,71215.39,70654.86,70822.07,702.86032
1773896400000,70822.06,70909.88,70661.56,70826.54,416.16191
1773900000000,70826.55,70979.99,70505.0,70583.22,619.8514
1773903600000,70583.22,70600.04,69478.51,70191.17,2753.9557
1773907200000,70191.16,70300.0,69900.0,69985.19,1015.64209
1773910800000,69985.19,70560.91,69971.99,70513.0,1262.65596
1773914400000,70513.0,70538.74,70117.0,70133.72,613.17552
1773918000000,70133.73,70259.37,69909.09,69952.75,542.70053
1773921600000,69952.75,69952.76,69105.49,69290.27,1452.42038
1773925200000,69290.28,70084.35,69081.51,69905.65,1720.19325
1773928800000,69905.65,70179.53,69096.16,69482.25,1636.49639
1773932400000,69482.24,69917.87,68793.35,69412.51,1898.28931
1773936000000,69412.52,69642.35,69177.19,69455.86,858.32753
1773939600000,69455.86,69954.18,69122.03,69854.16,759.67868
1773943200000,69854.15,69931.1,69581.55,69821.21,442.61763
1773946800000,69821.21,70596.42,69805.33,70271.99,1190.55299
1773950400000,70272.0,70676.0,70201.0,70483.03,488.71031
1773954000000,70483.03,70695.6,70371.19,70413.47,418.78383
1773957600000,70413.46,70501.89,69954.05,70183.99,551.7482
1773961200000,70184.0,70282.47,69718.23,69930.0,592.04663
1773964800000,69930.01,70311.12,69837.1,70181.0,871.72419
1773968400000,70181.0,70588.5,70181.0,70403.79,526.82154
1773972000000,70403.8,70516.16,70086.86,70415.47,312.91426
1773975600000,70415.48,70809.43,70388.0,70729.92,711.57589
1773979200000,70729.93,70969.71,70557.91,70783.69,546.53749
1773982800000,70783.7,70867.44,70521.73,70606.24,367.69531
1773986400000,70606.23,70646.93,70346.49,70502.9,758.81391
1773990000000,70502.91,70939.58,70160.06,70854.66,936.89906
1773993600000,70854.66,71367.0,70800.0,71042.23,1011.96314
1773997200000,71042.23,71042.23,70419.65,70583.8,885.49116
1774000800000,70583.81,70670.43,70218.68,70611.68,609.11713
1774004400000,70611.68,70810.81,70303.36,70478.71,605.56445
1774008000000,70478.71,70685.63,70251.0,70342.63,613.27107
1774011600000,70342.63,70613.75,69795.7,69863.84,1225.89394
1774015200000,69863.85,70268.66,69589.38,69731.21,1679.84994
1774018800000,69731.2,70002.68,69480.0,69860.09,1196.90076
1774022400000,69860.09,70100.0,69608.54,69829.26,922.25773
1774026000000,69829.27,70039.78,69388.0,70000.0,998.84797
1774029600000,69999.99,70071.81,69525.33,69770.0,630.4796
1774033200000,69770.01,70190.18,69673.76,70177.86,528.39593
1774036800000,70177.85,70259.28,69754.71,70057.66,435.39665
1774040400000,70057.66,70726.13,69946.65,70540.73,780.46042
1774044000000,70540.72,70923.75,70532.0,70767.85,591.69583
1774047600000,70767.85,70771.13,70430.0,70510.73,372.60008
1774051200000,70510.73,70826.0,70467.36,70682.19,274.67077
1774054800000,70682.2,70758.5,70445.36,70464.59,375.95226
1774058400000,70464.6,70785.9,70431.67,70737.6,316.88084
1774062000000,70737.6,70784.07,70632.39,70657.35,226.82019
1774065600000,70657.35,70819.0,70617.05,70642.13,487.10407
1774069200000,70642.14,70834.46,70635.1,70697.94,941.44912
1774072800000,70697.94,70831.14,70693.06,70774.65,857.26608
1774076400000,70773.55,70879.76,70677.44,70727.33,431.42703
1774080000000,70727.33,70753.79,70492.02,70594.43,956.10118
1774083600000,70594.42,70735.36,70570.4,70661.59,204.69969
1774087200000,70661.59,70695.32,70559.69,70605.64,524.32782
1774090800000,70605.64,70652.73,70567.79,70652.72,360.21459
1774094400000,70652.73,70800.0,70652.73,70722.61,199.41863
1774098000000,70722.61,70812.74,70707.12,70740.18,171.5437
1774101600000,70740.18,71100.94,70592.53,70629.1,873.72717
1774105200000,70629.09,70760.0,70453.09,70630.02,399.45062
1774108800000,70630.02,70652.64,70251.0,70301.66,435.70425
1774112400000,70301.66,70426.18,70210.0,70304.08,444.648
1774116000000,70303.45,70534.38,70290.48,70389.19,200.5858
1774119600000,70389.18,70448.79,70324.7,70396.0,140.45698
1774123200000,70396.01,70508.11,70358.9,70462.28,697.39549
1774126800000,70462.27,70516.82,70268.06,70345.57,629.83259
1774130400000,70345.57,70384.95,70265.55,70277.22,737.88495
1774134000000,70277.21,70293.82,68571.42,68918.12,2509.60568
1774137600000,68918.12,69155.86,68228.5,68954.71,2161.16442
1774141200000,68954.7,69100.0,68762.31,68962.4,809.55651
1774144800000,68962.4,69411.1,68951.21,69278.12,506.62838
1774148400000,69278.12,69588.79,69123.13,69339.99,671.1404
1774152000000,69340.0,69526.85,69215.89,69358.0,626.75701
1774155600000,69358.0,69358.0,69150.0,69153.41,322.14134
1774159200000,69153.41,69245.79,69059.87,69164.06,378.08519
1774162800000,69164.06,69250.08,68892.93,68919.38,432.94301
1774166400000,68919.37,68990.67,68523.96,68804.77,1053.77702
1774170000000,68804.77,68901.65,68587.78,68826.2,383.82763
1774173600000,68826.21,68847.83,68584.27,68648.17,360.03346
1774177200000,68648.16,68691.03,68110.55,68217.95,784.4316
1774180800000,68217.94,68763.18,68199.04,68654.83,484.243
1774184400000,68654.83,68957.24,68548.32,68700.02,548.07349
1774188000000,68700.02,68915.27,68542.1,68711.66,385.54476
1774191600000,68711.66,69005.71,68700.0,68847.96,391.17296
1774195200000,68847.97,68885.53,68665.62,68805.58,258.25035
1774198800000,68805.58,68848.32,68665.34,68673.02,252.16281
1774202400000,68672.85,68743.18,68344.57,68618.58,340.01718
1774206000000,68618.57,68626.07,68145.01,68199.93,472.99305
1774209600000,68199.93,68498.4,68080.0,68176.46,319.53245
1774213200000,68176.47,68228.71,67360.66,67899.97,1535.47353
1774216800000,67899.97,68396.94,67571.67,68339.37,856.561
1774220400000,68339.38,68474.0,67839.99,67859.0,509.27627
1774224000000,67859.0,68161.41,67445.18,67669.99,823.69218
1774227600000,67670.0,68157.31,67536.01,67905.0,628.21786
1774231200000,67905.0,68400.0,67801.67,68320.72,627.90507
1774234800000,68320.72,68585.12,68059.88,68074.6,415.80047
1774238400000,68074.6,68550.0,68057.56,68541.0,486.61149
1774242000000,68541.0,68915.4,68541.0,68899.92,1162.54953
1774245600000,68899.92,68904.42,67698.86,67874.19,1218.88217
1774249200000,67874.2,68464.42,67502.48,68333.16,1946.35809
1774252800000,68333.16,68696.91,68328.55,68434.26,1238.43118
1774256400000,68434.27,68471.11,67916.14,68334.01,382.31585
1774260000000,68334.01,68714.28,68299.82,68551.02,494.85509
1774263600000,68551.02,71499.0,68544.15,70122.15,7050.35572
1774267200000,70122.15,70877.35,69671.95,70752.15,1915.66623
1774270800000,70752.14,71587.98,70600.0,71481.13,1712.52184
1774274400000,71481.13,71817.09,71127.14,71446.46,1663.17727
1774278000000,71446.46,71660.01,70103.21,70131.48,2051.70929
1774281600000,70131.48,70753.43,70131.47,70561.54,1367.86918
1774285200000,70561.54,71119.09,70363.63,71085.16,673.70407
1774288800000,71085.16,71195.21,70879.85,71076.22,593.89042
1774292400000,71076.22,71246.01,70649.4,70679.05,615.8582
1774296000000,70679.04,70983.33,70559.03,70915.59,394.04509
1774299600000,70915.59,70998.0,70827.66,70851.35,222.54858
1774303200000,70851.36,70896.76,70520.22,70780.22,279.983
1774306800000,70780.22,70998.0,70404.39,70906.45,368.14332
1774310400000,70906.45,71099.96,70423.36,70679.2,735.8297
1774314000000,70679.2,70891.53,70278.46,70516.57,730.30371
1774317600000,70516.57,70698.0,70369.46,70453.37,431.98798
1774321200000,70453.38,70583.36,70404.54,70542.9,380.97532
1774324800000,70542.9,70741.64,70247.91,70372.44,474.91642
1774328400000,70372.45,70374.38,70119.06,70283.85,641.69358
1774332000000,70283.84,70572.83,70253.23,70541.38,850.05748
1774335600000,70541.39,71400.0,70488.0,71291.7,1722.67702
1774339200000,71291.7,71349.1,70850.11,70964.15,725.27631
1774342800000,70964.16,71368.61,70851.77,71316.97,511.50447
1774346400000,71316.98,71328.59,71078.09,71272.87,680.81546
1774350000000,71272.87,71327.26,70964.94,71157.77,560.33228
1774353600000,71157.77,71177.66,70860.18,70956.48,460.8181
1774357200000,70956.48,71059.59,69968.02,70100.46,1729.62355
1774360800000,70100.46,70462.91,69507.34,69869.93,1973.02189
1774364400000,69869.93,70255.37,69770.85,69873.04,1419.67177
1774368000000,69873.04,70001.92,69340.08,69476.87,889.76128
1774371600000,69476.88,69512.73,68923.07,69238.43,1294.24297
1774375200000,69238.44,69746.4,69168.64,69430.24,808.06583
1774378800000,69430.25,69700.0,69277.04,69377.33,547.42601
1774382400000,69377.33,70295.54,69296.15,70093.19,1018.45154
1774386000000,70093.19,70400.0,69901.39,70332.93,686.65263
1774389600000,70332.93,70586.86,70140.5,70316.96,686.91503
1774393200000,70316.96,70832.54,70270.0,70556.74,741.40211
1774396800000,70556.74,71100.28,70476.9,70840.75,784.33083
1774400400000,70840.75,70977.35,70629.72,70677.18,624.19197
1774404000000,70677.19,70781.39,70490.77,70531.09,582.86416
1774407600000,70531.1,70808.37,70408.0,70716.7,513.15296
1774411200000,70716.7,70977.49,70703.83,70968.64,623.46021
1774414800000,70968.64,71345.0,70940.0,71117.66,850.19172
1774418400000,71117.65,71260.0,70984.67,70991.83,934.75878
1774422000000,70991.82,71270.11,70891.31,70926.88,470.72474
1774425600000,70926.88,71503.94,70800.0,71248.39,1150.83138
1774429200000,71248.4,71415.12,71101.99,71345.91,598.42707
1774432800000,71345.91,71641.91,71291.69,71501.39,485.22161
1774436400000,71501.4,72026.09,71470.49,71678.97,1053.03231
1774440000000,71678.97,71955.17,71105.43,71715.24,1032.92186
1774443600000,71715.24,71963.71,71515.84,71581.42,982.27587
1774447200000,71581.42,71699.87,71230.51,71234.28,810.44092
1774450800000,71234.28,71301.37,70530.47,70832.99,1384.84596
1774454400000,70832.99,71752.88,70719.26,71324.01,1283.82328
1774458000000,71324.01,71389.14,70720.38,70779.0,662.98589
1774461600000,70778.99,71149.07,70681.07,70810.34,535.29926
1774465200000,70810.34,71093.37,70777.51,70883.31,513.05944
1774468800000,70883.32,71058.82,70646.34,71009.5,573.58151
1774472400000,71009.5,71175.0,70949.3,71035.24,379.86408
1774476000000,71035.25,71594.11,70947.61,71369.08,505.87572
1774479600000,71369.07,71511.83,71189.55,71336.53,383.33913
1774483200000,71336.53,71436.82,71142.38,71299.27,548.42613
1774486800000,71299.27,71377.04,71159.06,71252.11,522.16838
1774490400000,71252.11,71289.49,70672.37,70893.01,575.89477
1774494000000,70893.01,70968.66,70685.69,70921.47,510.5495
1774497600000,70921.47,70921.47,70721.46,70772.01,433.11432
1774501200000,70772.01,70796.32,69942.96,70016.98,1271.74189
1774504800000,70016.97,70152.63,69855.73,70097.18,1016.19011
1774508400000,70097.19,70167.6,69805.0,70087.44,713.03812
1774512000000,70087.44,70127.69,69806.39,70024.77,510.82818
1774515600000,70024.78,70144.44,69409.67,69562.41,1313.07806
1774519200000,69562.41,69719.96,69464.58,69517.68,694.15594
1774522800000,69517.68,69667.56,69192.96,69276.01,803.66639
1774526400000,69276.01,69461.28,69226.34,69436.42,589.82378
1774530000000,69436.42,69877.45,69218.0,69646.59,1361.59869
1774533600000,69646.59,69837.12,69259.25,69479.92,943.35709
1774537200000,69479.91,69497.73,68632.4,69082.64,1805.07582
1774540800000,69082.64,69142.94,68823.21,68932.52,949.52674
1774544400000,68932.53,69162.0,68377.83,68486.86,1130.52816
1774548000000,68486.86,68603.75,68153.0,68497.25,1402.56662
1774551600000,68497.25,68681.54,68358.8,68534.36,543.97259
1774555200000,68534.37,69478.42,68436.74,69005.21,1707.65634
1774558800000,69005.21,69205.43,68879.05,68921.1,598.68777
1774562400000,68921.1,69028.89,68603.24,68892.67,484.39394
1774566000000,68892.66,68994.16,68640.0,68820.31,390.41835
1774569600000,68820.31,68965.15,68531.37,68785.01,634.46014
1774573200000,68785.0,69066.51,68700.0,69051.27,555.05692
1774576800000,69051.27,69179.05,68862.0,68903.59,948.45642
1774580400000,68903.58,68924.0,68668.72,68767.51,576.98772
1774584000000,68767.5,68791.4,68304.14,68578.0,846.47748
1774587600000,68577.99,68865.88,68511.79,68630.77,773.74806
1774591200000,68630.76,68846.0,68567.62,68656.15,672.0882
1774594800000,68656.16,68955.53,68399.18,68540.48,1641.76445
1774598400000,68540.49,68635.07,67609.29,67920.5,1817.58289
1774602000000,67920.51,67960.32,67548.67,67695.81,812.25094
1774605600000,67695.81,67778.99,66326.38,66502.41,3012.9263
1774609200000,66502.41,66848.05,66231.96,66702.78,1683.20205
1774612800000,66702.78,66773.25,66432.19,66619.76,964.55681
1774616400000,66619.75,66757.3,66025.0,66188.32,2427.72498
1774620000000,66188.31,66404.0,65730.17,66205.06,2475.49917
1774623600000,66205.07,66638.25,65958.75,66112.82,2405.26081
1774627200000,66112.82,66177.99,65812.43,65979.29,1226.73521
1774630800000,65979.29,66290.0,65600.0,65632.92,1002.16119
1774634400000,65632.93,65951.96,65548.25,65836.69,915.82085
1774638000000,65836.69,66145.0,65700.0,66040.66,818.3401
1774641600000,66040.65,66152.51,65817.44,66020.76,511.09525
1774645200000,66020.77,66186.01,66013.0,66098.0,636.71362
1774648800000,66098.0,66098.01,65920.0,66020.79,739.86415
1774652400000,66020.79,66420.75,65970.25,66407.28,504.92186
1774656000000,66407.28,66520.46,66293.35,66431.55,499.89072
1774659600000,66431.54,66431.55,66056.09,66178.85,613.17173
1774663200000,66178.86,66251.67,65932.09,66053.2,490.39923
1774666800000,66053.2,66259.66,66053.19,66240.0,705.96536
1774670400000,66240.0,66304.72,66110.0,66285.01,452.84284
1774674000000,66285.01,66407.96,66202.01,66341.9,675.62625
1774677600000,66341.9,66500.0,66308.93,66382.0,485.97016
1774681200000,66382.0,66573.61,66379.8,66561.48,737.38217
1774684800000,66561.49,66570.09,66387.06,66409.33,708.34892
1774688400000,66409.34,66416.77,66243.01,66311.32,634.09125
1774692000000,66311.32,66411.79,66124.4,66221.38,306.12343
1774695600000,66221.37,66358.0,66201.91,66319.47,223.42305
1774699200000,66319.46,66527.01,66240.87,66455.09,344.10648
1774702800000,66455.1,67163.99,66407.65,66835.1,1040.57902
1774706400000,66835.1,66967.01,66666.66,66742.1,570.49869
1774710000000,66742.09,67288.94,66717.15,67014.91,771.68723
1774713600000,67014.92,67096.77,66855.24,66926.95,342.70522
1774717200000,66926.94,66996.61,66704.0,66846.21,310.89662
1774720800000,66846.2,66963.51,66834.87,66908.03,234.04169
1774724400000,66908.03,66954.0,66804.71,66916.52,202.96743
1774728000000,66916.52,67010.0,66906.0,66906.0,262.72665
1774731600000,66906.0,66926.31,66600.01,66685.53,291.07026
1774735200000,66685.53,66788.88,66588.22,66755.88,224.47432
1774738800000,66755.88,66755.88,66283.38,66377.03,333.40975
1774742400000,66377.04,66500.0,66281.4,66487.93,285.17232
1774746000000,66487.93,66620.0,66385.88,66569.22,295.19169
1774749600000,66569.22,66843.66,66540.96,66818.0,293.83335
1774753200000,66818.01,67130.5,66760.48,66912.0,660.9466
1774756800000,66912.0,66936.6,66717.51,66735.14,168.5724
1774760400000,66735.14,66828.05,66597.1,66771.94,418.44564
1774764000000,66771.94,66872.0,66636.0,66738.5,418.74617
1774767600000,66738.5,66752.61,66556.78,66671.0,346.10727
1774771200000,66671.0,66772.83,66600.0,66724.0,177.06023
1774774800000,66724.0,66773.02,66549.54,66634.01,225.04256
1774778400000,66634.01,66634.02,66418.0,66502.79,345.865
1774782000000,66502.8,66988.01,66502.79,66816.28,336.66276
1774785600000,66816.29,66870.34,66703.07,66849.88,185.85649
1774789200000,66849.88,66875.24,66524.28,66580.36,359.5639
1774792800000,66580.36,66797.01,66461.0,66589.64,372.89659
1774796400000,66589.64,66730.6,66334.37,66523.0,518.27098
1774800000000,66523.01,66665.05,66435.75,66499.35,232.56305
1774803600000,66499.36,66546.0,66158.26,66385.84,329.15631
1774807200000,66385.84,66540.43,66321.66,66427.26,147.43013
1774810800000,66427.27,66477.81,66323.3,66348.62,285.67371
1774814400000,66348.61,66793.83,66348.61,66614.05,280.05501
1774818000000,66614.04,66756.51,66509.41,66710.12,220.10647
1774821600000,66710.12,66710.12,65000.0,65860.31,2219.11979
1774825200000,65860.31,66382.98,65859.91,66010.93,930.51742
1774828800000,66010.93,67059.66,65800.59,66280.25,1328.87485
1774832400000,66280.24,66834.79,66280.24,66653.74,685.87133
1774836000000,66653.74,67450.0,66580.01,67121.01,1220.60217
1774839600000,67121.01,67319.33,66977.62,67173.8,466.26604
1774843200000,67173.8,67650.01,67167.92,67616.29,809.57231
1774846800000,67616.28,67800.0,67442.0,67492.46,627.15632
1774850400000,67492.46,67585.97,67278.53,67305.14,721.7835
1774854000000,67305.14,67624.39,67227.88,67624.39,584.47106
1774857600000,67624.39,67946.02,67604.56,67666.44,1729.15176
1774861200000,67666.44,67698.62,67460.0,67495.46,607.44273
1774864800000,67495.46,67518.37,67360.41,67488.53,255.63666
1774868400000,67488.88,68042.3,67488.88,67680.45,790.86208
1774872000000,67680.44,67979.93,67666.17,67899.59,627.65449
1774875600000,67899.59,68169.65,67428.57,67529.52,1379.99177
1774879200000,67529.52,67864.49,67088.73,67799.54,1205.57197
1774882800000,67799.54,67896.89,67407.63,67629.4,964.70473
1774886400000,67629.4,67641.65,67222.0,67368.1,660.26793
1774890000000,67368.1,67465.2,66650.0,66828.02,917.71373
1774893600000,66828.02,66929.18,66508.25,66653.46,498.11738
1774897200000,66653.45,66664.57,66233.13,66550.05,597.89786
1774900800000,66550.06,66691.48,66523.75,66651.4,324.61202
1774904400000,66651.41,66994.17,66587.32,66809.3,481.422
1774908000000,66809.3,66989.1,66683.72,66784.98,169.50316
1774911600000,66784.97,66797.38,66419.79,66797.37,698.2419
1774915200000,66797.38,67303.33,66544.51,67208.75,658.94529
1774918800000,67208.74,68408.37,67050.0,67938.54,1458.05548
1774922400000,67938.05,68096.87,67775.18,67943.43,435.18783
1774926000000,67943.43,68009.99,67648.2,67704.74,387.87365
1774929600000,67704.74,67979.38,67405.89,67544.01,1149.88888
1774933200000,67544.01,67780.34,67400.0,67681.68,653.43122
1774936800000,67681.69,67711.02,67333.33,67492.85,511.27605
1774940400000,67492.86,67524.65,67103.32,67367.69,1579.98188
1774944000000,67367.7,67496.0,66688.68,66778.33,897.84489
1774947600000,66778.34,66924.33,65998.05,66124.99,1512.48446
1774951200000,66125.0,66471.08,66100.01,66363.38,788.27557
1774954800000,66363.38,66922.58,66240.14,66685.69,989.3859
1774958400000,66685.69,66939.9,66520.71,66653.26,539.00678
1774962000000,66653.27,67412.11,66653.27,67302.29,1087.22021
1774965600000,67302.28,67767.87,66427.53,66587.45,1485.37387
1774969200000,66587.46,67283.25,66587.46,66736.8,1025.58837
1774972800000,66736.79,68030.19,66729.28,67665.83,1334.03651
1774976400000,67665.83,68589.49,67403.81,67526.75,2195.81331
1774980000000,67526.76,67947.98,67526.3,67854.05,426.40012
1774983600000,67854.04,68029.41,67716.35,67838.8,435.2447
1774987200000,67838.79,68267.27,67831.7,68265.53,693.06575
1774990800000,68265.53,68410.3,67884.0,68277.99,494.48096
1774994400000,68278.0,68341.16,67962.27,68172.87,755.55219
1774998000000,68173.59,68371.1,68090.2,68284.48,610.99275
1775001600000,68284.49,68343.77,67853.3,68330.75,542.79511
1775005200000,68330.76,68378.64,67760.33,67782.73,966.68117
1775008800000,67782.74,67913.98,67578.75,67668.89,1114.17912
1775012400000,67668.9,68250.0,67668.9,68170.67,551.94514
1775016000000,68170.67,68476.26,68005.33,68303.83,711.87735
1775019600000,68303.83,68755.51,68150.0,68456.02,817.4812
1775023200000,68456.01,69236.78,68456.01,69102.85,1241.29278
1775026800000,69102.8,69310.0,68667.02,68692.0,1537.595
1775030400000,68692.0,68851.35,68389.21,68670.16,1279.02403
1775034000000,68670.15,68733.78,68390.25,68644.0,480.44871
1775037600000,68644.01,68662.26,68407.08,68585.55,974.80784
1775041200000,68585.55,68736.15,68505.91,68712.52,752.56981
1775044800000,68712.52,68723.22,68318.36,68334.05,689.84725
