timestamp,open,high,low,close,volume
1764309600000,3024.46,3024.47,3003.35,3010.01,8572.1205
1764313200000,3010.01,3023.13,3000.7,3001.91,19244.3442
1764316800000,3001.9,3077.77,3001.59,3065.24,39712.4741
1764320400000,3065.24,3072.99,3048.51,3055.27,12204.5392
1764324000000,3055.27,3063.69,3047.24,3060.96,8166.3245
1764327600000,3060.97,3062.27,3018.14,3034.02,14385.6131
1764331200000,3034.02,3046.4,3032.55,3036.08,7131.1567
1764334800000,3036.08,3087.67,3026.32,3073.91,20097.9379
1764338400000,3073.91,3099.0,3052.02,3067.38,30522.1874
1764342000000,3067.38,3092.0,3055.63,3073.77,25214.319
1764345600000,3073.78,3074.4,3021.6,3025.59,28629.3545
1764349200000,3025.6,3044.25,3011.22,3034.78,27756.2849
1764352800000,3034.76,3049.01,3024.41,3042.61,13294.5353
1764356400000,3042.6,3060.0,3037.5,3050.0,10066.8522
1764360000000,3049.99,3057.82,3036.05,3056.38,8306.4778
1764363600000,3056.38,3059.48,3036.13,3036.55,6562.0327
1764367200000,3036.56,3042.84,3020.57,3039.53,8546.3739
1764370800000,3039.54,3045.53,3030.3,3031.15,4148.7516
1764374400000,3031.14,3039.07,3029.94,3035.95,5088.5312
1764378000000,3035.94,3052.64,3032.35,3038.51,6292.7999
1764381600000,3038.51,3040.27,3023.58,3030.51,6368.1891
1764385200000,3030.51,3036.0,3017.73,3022.6,6805.8259
1764388800000,3022.61,3045.6,3020.0,3041.04,6376.7451
1764392400000,3041.01,3043.26,3031.4,3033.21,5840.4203
1764396000000,3033.21,3038.45,2992.5,3007.64,21897.2576
1764399600000,3007.64,3014.51,2995.8,3004.9,8437.5736
1764403200000,3004.9,3011.41,3001.03,3008.29,5129.7948
1764406800000,3008.28,3010.4,2998.35,3002.05,8389.8706
1764410400000,3002.05,3007.95,2986.09,2997.32,14219.3495
1764414000000,2997.31,3002.86,2992.08,2999.82,9857.1595
1764417600000,2999.82,3002.3,2992.68,2997.22,6908.8901
1764421200000,2997.21,3001.97,2992.39,2998.4,4964.9233
1764424800000,2998.4,2998.72,2986.4,2988.28,15545.4928
1764428400000,2988.29,3014.09,2988.29,3007.41,17318.0464
1764432000000,3007.41,3011.31,2998.37,3003.07,12386.3867
1764435600000,3003.07,3004.5,2966.88,2969.98,19747.667
1764439200000,2969.98,2998.45,2961.91,2994.72,17579.192
1764442800000,2994.73,2999.81,2984.0,2988.47,4628.9189
1764446400000,2988.47,2999.16,2983.1,2997.42,3653.4837
1764450000000,2997.42,2999.17,2982.49,2994.18,3667.386
1764453600000,2994.19,2995.88,2984.09,2988.83,4074.4943
1764457200000,2988.83,2994.05,2985.74,2989.16,2725.732
1764460800000,2989.17,2999.67,2987.95,2997.31,3169.2708
1764464400000,2997.31,3012.29,2996.33,3004.97,6218.0609
1764468000000,3004.96,3011.94,2990.38,2990.96,4973.8916
1764471600000,2990.96,3005.43,2975.3,3001.69,8342.7414
1764475200000,3001.68,3003.45,2995.74,2998.49,2354.0327
1764478800000,2998.49,2998.51,2985.69,2992.3,5631.133
1764482400000,2992.3,3000.85,2987.04,2997.86,3047.0143
1764486000000,2997.86,3008.9,2996.25,3005.22,3438.6445
1764489600000,3005.22,3018.48,3002.57,3006.88,7926.0099
1764493200000,3006.88,3015.0,3004.45,3010.16,5095.4649
1764496800000,3010.16,3011.56,3005.98,3009.59,4713.219
1764500400000,3009.59,3017.61,2999.94,3003.36,5556.6529
1764504000000,3003.37,3033.53,3000.34,3025.99,11634.0596
1764507600000,3025.99,3053.02,3022.51,3048.99,21862.5951
1764511200000,3049.0,3051.01,3027.41,3037.84,13453.9962
1764514800000,3037.83,3037.83,3024.69,3028.69,13847.1171
1764518400000,3028.69,3049.34,3028.24,3043.57,9136.8847
1764522000000,3043.57,3044.33,3031.49,3041.01,9475.6127
1764525600000,3041.02,3041.5,3029.06,3036.9,3891.5617
1764529200000,3036.9,3040.97,3029.39,3034.71,4418.0306
1764532800000,3034.71,3041.14,3023.32,3028.94,3633.5299
1764536400000,3028.94,3029.46,3014.93,3022.34,6733.4648
1764540000000,3022.35,3036.74,3021.13,3033.62,5606.3105
1764543600000,3033.62,3035.47,2989.06,2991.26,18563.1265
1764547200000,2991.25,2999.47,2830.63,2836.4,100170.4911
1764550800000,2836.4,2860.0,2833.65,2850.86,26167.4515
1764554400000,2850.87,2873.82,2827.47,2837.92,38591.3783
1764558000000,2837.92,2842.0,2813.2,2825.77,34474.4182
1764561600000,2825.77,2827.97,2806.71,2821.83,27234.3801
1764565200000,2821.83,2830.92,2810.12,2827.8,13480.4566
1764568800000,2827.8,2835.84,2822.5,2824.56,9577.2834
1764572400000,2824.57,2844.11,2820.02,2840.21,16399.137
1764576000000,2840.21,2846.31,2832.3,2840.55,14459.6513
1764579600000,2840.55,2854.35,2828.62,2839.59,71328.5537
1764583200000,2839.59,2846.5,2837.57,2844.02,26318.7573
1764586800000,2844.02,2850.66,2836.0,2838.35,42305.0311
1764590400000,2838.36,2840.31,2794.59,2821.08,37040.9502
1764594000000,2821.08,2839.83,2805.0,2813.29,30227.999
1764597600000,2813.28,2832.0,2805.88,2818.03,30987.8159
1764601200000,2818.03,2820.44,2716.04,2745.72,129921.2631
1764604800000,2745.73,2755.79,2719.73,2731.47,43671.3232
1764608400000,2731.51,2752.92,2728.42,2739.62,16817.0001
1764612000000,2739.62,2758.02,2724.75,2749.54,18002.8709
1764615600000,2749.54,2753.5,2730.59,2740.8,13672.2667
1764619200000,2740.8,2770.3,2739.89,2757.82,35229.5088
1764622800000,2757.84,2797.84,2756.01,2791.71,34890.5279
1764626400000,2791.72,2814.14,2790.73,2797.35,28162.087
1764630000000,2797.35,2819.35,2796.67,2799.07,9872.3885
1764633600000,2799.07,2804.31,2782.81,2795.68,10803.2312
1764637200000,2795.67,2825.11,2793.12,2795.09,14683.6168
1764640800000,2795.09,2814.5,2785.07,2801.14,8800.4747
1764644400000,2801.14,2810.43,2785.49,2804.55,6642.6519
1764648000000,2804.55,2814.2,2803.07,2805.0,7014.7794
1764651600000,2805.0,2807.32,2796.88,2803.21,9151.1806
1764655200000,2803.21,2815.88,2797.62,2812.92,7359.0956
1764658800000,2812.92,2814.43,2802.85,2805.65,6660.281
1764662400000,2805.66,2806.78,2782.19,2798.18,11698.0659
1764666000000,2798.2,2811.63,2795.55,2798.05,7952.1157
1764669600000,2798.04,2834.5,2797.61,2823.13,12892.8161
1764673200000,2823.13,2831.36,2816.46,2826.18,9173.9588
1764676800000,2826.18,2831.94,2816.82,2827.86,12289.1955
1764680400000,2827.86,2848.07,2822.2,2844.73,29156.9059
1764684000000,2844.73,2910.05,2841.0,2894.98,89820.4002
1764687600000,2894.98,3024.98,2893.82,3006.61,112646.1637
1764691200000,3006.61,3025.0,2987.19,2995.58,50652.6862
1764694800000,2995.57,3033.7,2993.99,3015.83,25008.7524
1764698400000,3015.83,3033.76,3007.99,3013.56,19679.9312
1764702000000,3013.56,3029.47,3013.02,3015.83,9228.1932
1764705600000,3015.84,3016.95,2972.35,2979.72,28776.8127
1764709200000,2979.71,2998.0,2977.66,2995.45,10618.9606
1764712800000,2995.44,3021.27,2995.06,3017.55,10739.0981
1764716400000,3017.55,3018.49,2991.87,2996.07,12257.9912
1764720000000,2996.07,3008.62,2985.58,3003.2,11724.6488
1764723600000,3003.19,3027.84,2999.3,3015.84,11178.0916
1764727200000,3015.84,3048.0,3013.97,3031.0,19622.9467
1764730800000,3031.01,3038.0,3021.2,3030.75,8750.3202
1764734400000,3030.74,3059.45,3029.59,3056.77,20555.1175
1764738000000,3056.78,3070.66,3048.23,3058.57,18848.1017
1764741600000,3058.56,3085.56,3055.25,3067.21,26963.4398
1764745200000,3067.21,3068.58,3051.83,3057.44,17245.2563
1764748800000,3057.44,3060.99,3043.75,3050.77,13267.095
1764752400000,3050.76,3063.29,3045.25,3060.64,7420.7262
1764756000000,3060.64,3080.0,3050.22,3055.61,12248.0288
1764759600000,3055.61,3077.0,3049.51,3073.23,12528.7388
1764763200000,3073.23,3084.39,3067.17,3081.14,19224.8769
1764766800000,3081.15,3094.96,3077.7,3090.27,16630.8664
1764770400000,3090.27,3145.68,3030.42,3076.53,103536.0387
1764774000000,3076.53,3110.35,3056.62,3086.12,33224.6498
1764777600000,3086.13,3107.28,3064.36,3088.35,18437.3778
1764781200000,3088.35,3134.07,3087.47,3127.9,24091.617
1764784800000,3127.91,3142.15,3104.34,3115.3,20262.897
1764788400000,3115.3,3133.28,3111.67,3128.2,14027.0904
1764792000000,3128.2,3159.0,3117.0,3138.26,32515.6815
1764795600000,3138.23,3169.91,3128.5,3164.42,23091.2942
1764799200000,3164.43,3197.11,3144.26,3189.22,38030.5689
1764802800000,3189.23,3214.99,3178.48,3188.36,30244.3446
1764806400000,3188.39,3207.0,3174.19,3198.29,24628.0917
1764810000000,3198.3,3240.35,3194.82,3202.99,38689.5286
1764813600000,3203.0,3225.99,3198.87,3221.56,12170.4067
1764817200000,3221.56,3228.68,3205.11,3210.13,9571.4474
1764820800000,3210.12,3219.48,3187.14,3191.63,12943.1849
1764824400000,3191.63,3195.0,3170.47,3185.31,20725.147
1764828000000,3185.32,3219.62,3180.6,3205.13,21196.2917
1764831600000,3205.12,3205.28,3180.9,3190.1,21456.4265
1764835200000,3190.1,3197.05,3175.51,3184.05,12935.83
1764838800000,3184.05,3208.63,3182.39,3200.04,10724.1419
1764842400000,3200.04,3203.96,3184.81,3188.41,7794.0963
1764846000000,3188.4,3194.88,3177.67,3186.55,9878.365
1764849600000,3186.55,3193.45,3172.88,3176.8,8575.9308
1764853200000,3176.79,3190.59,3158.56,3170.57,23021.3798
1764856800000,3170.57,3188.67,3139.72,3144.5,35043.9636
1764860400000,3144.49,3224.38,3143.86,3208.15,42754.2623
1764864000000,3208.15,3225.0,3160.07,3169.0,30700.3682
1764867600000,3169.0,3175.64,3135.5,3160.57,22079.8423
1764871200000,3160.56,3165.53,3133.71,3141.27,14934.751
1764874800000,3141.26,3142.25,3066.37,3119.27,56125.9451
1764878400000,3119.26,3145.42,3105.9,3141.36,23638.1184
1764882000000,3141.36,3152.07,3118.74,3123.34,13501.8787
1764885600000,3123.34,3149.0,3123.34,3143.66,8277.5638
1764889200000,3143.66,3144.31,3128.88,3133.26,5331.437
1764892800000,3133.26,3157.74,3132.45,3146.68,11725.4847
1764896400000,3146.68,3170.87,3143.53,3163.56,10712.2543
1764900000000,3163.55,3189.21,3156.5,3183.22,12525.5029
1764903600000,3183.21,3193.33,3166.02,3170.98,8866.7787
1764907200000,3170.98,3181.88,3152.0,3168.15,11195.3947
1764910800000,3168.15,3173.7,3152.71,3155.96,6886.6454
1764914400000,3155.97,3176.5,3155.96,3169.07,7192.0378
1764918000000,3169.08,3182.88,3166.68,3173.94,11142.9948
1764921600000,3173.95,3173.95,3143.36,3155.17,14202.9244
1764925200000,3155.18,3155.55,3107.82,3121.8,41406.6243
1764928800000,3121.79,3148.44,3120.59,3134.88,17638.3244
1764932400000,3134.89,3143.46,3110.36,3131.38,14723.0945
1764936000000,3131.38,3135.3,3117.84,3128.25,17363.7515
1764939600000,3128.25,3137.74,3087.53,3099.05,33644.7524
1764943200000,3099.06,3115.96,3082.75,3103.51,29190.0699
1764946800000,3103.52,3157.99,3094.65,3106.34,50806.5259
1764950400000,3106.35,3108.73,3000.27,3032.78,87395.2477
1764954000000,3032.77,3039.73,3006.54,3033.52,29444.754
1764957600000,3033.52,3063.31,3004.1,3007.53,31503.4147
1764961200000,3007.53,3047.37,2983.08,3038.49,31788.9137
1764964800000,3038.5,3049.34,3015.42,3022.52,22355.3795
1764968400000,3022.52,3038.64,3014.56,3020.22,16361.8439
1764972000000,3020.28,3032.46,3010.13,3027.13,6481.3665
1764975600000,3027.13,3027.57,3006.78,3021.78,5828.818
1764979200000,3021.77,3028.82,3012.58,3025.96,6102.8285
1764982800000,3025.97,3033.5,3019.33,3026.82,4826.6088
1764986400000,3026.83,3030.38,3018.48,3029.06,5011.0969
1764990000000,3029.06,3046.3,3028.0,3040.31,9566.4923
1764993600000,3040.31,3042.78,3030.16,3036.59,4347.3995
1764997200000,3036.59,3040.77,3032.21,3037.46,2998.7117
1765000800000,3037.46,3041.72,3033.85,3039.43,4539.4472
1765004400000,3039.43,3041.3,3024.35,3026.25,6466.6979
1765008000000,3026.25,3035.78,3013.25,3014.45,6989.6418
1765011600000,3014.44,3033.0,3013.47,3030.0,5076.3138
1765015200000,3029.99,3038.19,3025.12,3030.65,3979.8476
1765018800000,3030.66,3042.0,3028.5,3038.99,4337.9745
1765022400000,3038.98,3040.99,3029.92,3031.65,4954.0017
1765026000000,3031.65,3042.48,3029.95,3036.01,4589.5913
1765029600000,3036.0,3069.0,3034.69,3055.11,19051.7316
1765033200000,3055.1,3055.74,3026.5,3041.69,15074.6558
1765036800000,3041.69,3066.62,3040.84,3052.4,10825.8147
1765040400000,3052.4,3060.0,3047.0,3055.36,6639.3158
1765044000000,3055.36,3056.05,3038.37,3042.41,6569.2369
1765047600000,3042.41,3048.07,3025.0,3030.44,9214.46
1765051200000,3030.45,3041.31,3030.07,3040.0,2965.7852
1765054800000,3040.0,3044.84,3036.61,3042.98,5224.2854
1765058400000,3042.99,3054.31,3037.42,3042.04,4411.6045
1765062000000,3042.05,3043.88,3026.16,3038.06,5957.7054
1765065600000,3038.06,3049.03,3032.47,3044.8,4611.1051
1765069200000,3044.8,3052.0,3041.67,3042.95,4228.2412
1765072800000,3042.94,3056.97,3042.52,3053.79,3262.3867
1765076400000,3053.8,3056.79,3049.05,3053.92,3445.2013
1765080000000,3053.93,3058.01,3043.62,3046.57,3961.6777
1765083600000,3046.58,3049.79,3044.21,3045.02,2561.8874
1765087200000,3045.01,3048.96,3043.74,3048.34,2538.4535
1765090800000,3048.34,3051.01,3031.21,3037.29,4598.338
1765094400000,3037.28,3043.08,3027.71,3034.68,6561.8483
1765098000000,3034.68,3038.96,3024.07,3030.37,9192.8929
1765101600000,3030.38,3043.69,3029.93,3038.02,4157.197
1765105200000,3038.02,3042.01,3035.24,3035.77,2904.9257
1765108800000,3035.77,3050.96,3034.82,3049.12,5827.0585
1765112400000,3049.12,3053.49,3026.98,3031.55,8583.2673
1765116000000,3031.55,3035.22,2907.52,2942.65,73593.971
1765119600000,2942.65,3038.92,2940.0,3027.01,58478.1713
1765123200000,3027.0,3040.5,2999.63,3039.97,36363.8258
1765126800000,3039.98,3134.57,3025.01,3112.96,59500.5293
1765130400000,3112.95,3150.0,3112.85,3128.78,20067.1233
1765134000000,3128.78,3142.53,3121.59,3137.92,7771.8203
1765137600000,3137.91,3147.36,3132.0,3141.19,5752.5221
1765141200000,3141.2,3141.2,3069.4,3085.35,19382.5395
1765144800000,3085.34,3086.37,3013.73,3033.59,29764.1684
1765148400000,3033.59,3064.88,3025.5,3059.85,14020.5234
1765152000000,3059.86,3076.42,3040.87,3063.23,11104.2928
1765155600000,3063.23,3134.73,3062.74,3098.25,32047.61
1765159200000,3098.26,3114.99,3092.4,3109.77,10311.0787
1765162800000,3109.78,3120.5,3101.55,3111.01,8976.9189
1765166400000,3111.01,3138.05,3108.53,3128.44,12175.8399
1765170000000,3128.45,3140.5,3121.59,3130.63,11949.8311
1765173600000,3130.63,3140.2,3122.01,3130.53,23059.0189
1765177200000,3130.53,3138.15,3123.02,3134.31,17997.2153
1765180800000,3134.31,3146.64,3125.1,3143.77,12187.2132
1765184400000,3143.77,3180.51,3141.08,3158.69,26900.9008
1765188000000,3158.69,3165.14,3153.42,3160.46,9420.3274
1765191600000,3160.47,3164.02,3134.5,3142.25,18604.6008
1765195200000,3142.25,3143.68,3123.3,3131.57,20200.1363
1765198800000,3131.57,3160.65,3129.52,3145.84,19289.4737
1765202400000,3145.83,3178.42,3125.54,3128.49,45441.6162
1765206000000,3128.49,3139.15,3088.83,3101.54,40358.5699
1765209600000,3101.54,3133.0,3092.67,3107.9,32180.3551
1765213200000,3107.9,3129.32,3099.0,3120.61,19256.7436
1765216800000,3120.61,3133.0,3075.38,3092.58,23897.4499
1765220400000,3092.57,3128.47,3090.41,3118.64,13874.5761
1765224000000,3118.65,3145.47,3118.64,3135.91,14713.0821
1765227600000,3135.9,3153.0,3126.69,3146.25,12125.7777
1765231200000,3146.25,3147.32,3120.07,3129.93,9142.2002
1765234800000,3129.93,3136.87,3112.88,3124.16,7605.3921
1765238400000,3124.16,3143.5,3114.16,3119.57,10162.1181
1765242000000,3119.56,3125.05,3098.45,3106.87,10271.3044
1765245600000,3106.86,3115.94,3097.85,3098.62,8529.9128
1765249200000,3098.61,3129.27,3090.8,3129.26,13623.0862
1765252800000,3129.27,3131.42,3103.68,3107.01,9549.574
1765256400000,3107.01,3118.71,3095.12,3108.21,13429.235
1765260000000,3108.22,3115.99,3097.09,3113.06,11451.0355
1765263600000,3113.07,3127.12,3109.86,3123.0,11239.4776
1765267200000,3123.0,3130.0,3115.25,3120.97,6124.4202
1765270800000,3120.98,3123.34,3104.53,3106.0,7884.5411
1765274400000,3106.01,3114.4,3093.0,3107.66,8056.913
1765278000000,3107.69,3121.0,3100.79,3118.35,5990.5337
1765281600000,3118.35,3141.46,3114.79,3137.57,17767.8738
1765285200000,3137.57,3140.55,3109.58,3117.36,16888.4308
1765288800000,3117.37,3129.07,3098.58,3117.41,18484.9577
1765292400000,3117.41,3256.88,3115.0,3245.88,102012.8785
1765296000000,3245.88,3377.9,3245.63,3366.02,132523.8721
1765299600000,3366.02,3397.85,3356.9,3375.23,69002.4222
1765303200000,3375.24,3387.48,3360.22,3376.06,20622.7586
1765306800000,3376.07,3378.34,3345.48,3357.88,19522.677
1765310400000,3357.87,3361.41,3305.26,3327.18,32578.3539
1765314000000,3327.24,3335.19,3285.0,3301.9,22556.6622
1765317600000,3301.89,3343.12,3297.66,3328.46,23079.4065
1765321200000,3328.46,3336.01,3317.0,3318.04,12507.5009
1765324800000,3318.04,3328.2,3305.53,3305.98,18148.6
1765328400000,3305.97,3315.16,3288.1,3302.93,11783.9158
1765332000000,3302.92,3312.49,3292.35,3310.88,8793.1569
1765335600000,3310.88,3317.21,3305.32,3309.73,6352.7249
1765339200000,3309.73,3327.99,3306.92,3322.66,15302.8887
1765342800000,3322.66,3334.66,3315.0,3322.29,11291.1287
1765346400000,3322.29,3328.85,3315.0,3325.97,7508.6737
1765350000000,3325.97,3327.47,3311.6,3327.21,8041.4903
1765353600000,3327.21,3334.0,3322.27,3322.27,13505.7806
1765357200000,3322.27,3348.79,3315.0,3347.89,13745.623
1765360800000,3347.88,3376.0,3310.37,3312.36,31113.1076
1765364400000,3312.36,3320.05,3296.99,3318.39,15090.1082
1765368000000,3318.39,3327.31,3309.06,3324.56,11796.7036
1765371600000,3324.55,3338.92,3319.55,3334.58,15954.3485
1765375200000,3334.59,3339.14,3304.45,3319.41,20079.5767
1765378800000,3319.41,3338.0,3306.8,3328.25,16478.356
1765382400000,3328.25,3369.52,3320.72,3351.4,23053.912
1765386000000,3351.39,3386.0,3346.54,3370.47,23537.9134
1765389600000,3370.47,3429.51,3359.76,3381.56,51462.9682
1765393200000,3381.55,3435.0,3346.8,3390.71,88865.0975
1765396800000,3390.67,3447.44,3345.82,3355.44,70689.6365
1765400400000,3355.44,3369.05,3329.13,3339.83,24972.9988
1765404000000,3339.82,3355.8,3318.29,3346.5,16207.4187
1765407600000,3346.5,3352.86,3317.37,3324.14,15809.3252
1765411200000,3324.14,3327.37,3259.03,3279.58,36466.7336
1765414800000,3279.58,3280.06,3244.01,3254.89,26944.6729
1765418400000,3254.88,3255.96,3206.03,3211.0,28911.8196
1765422000000,3211.0,3211.01,3167.07,3191.42,46108.7863
1765425600000,3191.42,3216.16,3180.93,3215.45,20718.7734
1765429200000,3215.44,3215.64,3194.51,3214.35,11456.5725
1765432800000,3214.35,3214.77,3194.33,3202.77,9518.376
1765436400000,3202.78,3206.38,3195.52,3201.51,8043.5999
1765440000000,3201.52,3201.7,3178.0,3197.06,15045.3058
1765443600000,3197.05,3213.0,3193.24,3198.56,10989.9091
1765447200000,3198.56,3203.0,3188.23,3196.13,7253.4572
1765450800000,3196.12,3202.58,3192.74,3192.75,5415.5979
1765454400000,3192.75,3207.32,3187.23,3199.14,11191.1973
1765458000000,3199.15,3203.89,3188.65,3191.97,9374.6122
1765461600000,3191.96,3195.98,3145.28,3159.76,36172.3154
1765465200000,3159.76,3210.0,3155.17,3179.25,35753.2862
1765468800000,3179.24,3197.18,3155.0,3175.08,20756.2626
1765472400000,3175.08,3204.16,3168.23,3181.52,23445.6351
1765476000000,3181.51,3234.25,3179.56,3203.47,26455.0794
1765479600000,3203.47,3229.35,3190.11,3194.51,19345.8128
1765483200000,3194.52,3226.8,3186.36,3221.73,20170.0744
1765486800000,3221.74,3273.4,3215.0,3249.41,43587.0875
1765490400000,3249.41,3266.0,3229.36,3238.28,14677.6035
1765494000000,3238.28,3245.28,3223.48,3237.39,16311.6685
1765497600000,3237.38,3247.0,3185.2,3189.24,16716.6026
1765501200000,3189.24,3246.38,3189.24,3234.7,13430.2677
1765504800000,3234.7,3265.5,3227.41,3258.63,13086.8409
1765508400000,3258.64,3264.32,3238.25,3245.49,8679.5842
1765512000000,3245.49,3251.38,3240.29,3247.54,6089.4325
1765515600000,3247.54,3251.76,3232.79,3247.7,9218.8559
1765519200000,3247.71,3265.0,3245.69,3254.04,11576.7013
1765522800000,3254.03,3257.91,3242.99,3246.55,7151.6643
1765526400000,3246.55,3250.39,3234.6,3244.8,7473.7983
1765530000000,3244.79,3254.88,3232.78,3251.38,8862.6724
1765533600000,3251.37,3255.7,3240.18,3244.06,6172.6956
1765537200000,3244.06,3245.97,3225.92,3242.59,15762.8035
1765540800000,3242.59,3249.49,3233.64,3247.57,8647.8469
1765544400000,3247.58,3251.31,3237.8,3242.5,8181.3117
1765548000000,3242.49,3248.0,3216.14,3231.43,18862.9848
1765551600000,3231.42,3231.68,3058.12,3071.41,107493.6708
1765555200000,3071.4,3088.86,3045.31,3069.46,77476.628
1765558800000,3069.46,3099.88,3062.0,3066.3,32856.0618
1765562400000,3066.31,3097.83,3064.38,3079.74,18711.5589
1765566000000,3079.74,3081.98,3063.57,3073.74,13497.705
1765569600000,3073.74,3086.33,3067.61,3081.9,11068.1321
1765573200000,3081.76,3090.57,3076.57,3081.28,7080.7635
1765576800000,3081.28,3094.34,3080.5,3093.3,4463.7971
1765580400000,3093.3,3096.16,3083.0,3084.86,3124.0637
1765584000000,3084.86,3095.24,3082.18,3086.4,6715.6725
1765587600000,3086.39,3090.6,3078.6,3084.32,3978.8176
1765591200000,3084.31,3089.39,3083.63,3084.73,3063.8798
1765594800000,3084.73,3093.31,3084.47,3089.85,2924.7138
1765598400000,3089.86,3092.35,3085.99,3090.11,3439.1962
1765602000000,3090.11,3091.88,3084.11,3089.59,2490.2696
1765605600000,3089.59,3095.85,3084.6,3094.05,3488.3596
1765609200000,3094.06,3095.73,3090.19,3094.72,3607.3309
1765612800000,3094.72,3132.64,3092.59,3116.26,15936.3163
1765616400000,3116.27,3122.83,3112.39,3118.19,5884.7185
1765620000000,3118.19,3135.68,3117.63,3127.68,8608.8909
1765623600000,3127.68,3129.05,3115.39,3119.35,5047.2068
1765627200000,3119.36,3127.8,3109.79,3115.15,4508.59
1765630800000,3115.14,3119.57,3095.12,3109.77,7588.8221
1765634400000,3109.78,3116.1,3096.29,3110.75,7544.0791
1765638000000,3110.76,3124.01,3104.96,3109.63,5682.9836
1765641600000,3109.63,3116.37,3100.9,3105.36,9077.3357
1765645200000,3105.35,3105.36,3096.05,3100.79,6695.9082
1765648800000,3100.8,3111.02,3098.94,3101.8,4666.6948
1765652400000,3101.8,3111.22,3100.8,3108.41,3155.504
1765656000000,3108.41,3110.08,3102.66,3104.24,2087.0452
1765659600000,3104.23,3114.87,3079.0,3111.63,11308.4299
1765663200000,3111.62,3119.79,3102.51,3114.37,4748.6334
1765666800000,3114.36,3117.91,3109.8,3114.64,4216.3582
1765670400000,3114.64,3122.38,3103.49,3119.31,8060.8442
1765674000000,3119.3,3129.54,3115.12,3119.91,3978.4506
1765677600000,3119.91,3125.71,3116.14,3122.64,2944.1722
1765681200000,3122.63,3125.91,3117.12,3118.96,2335.4079
1765684800000,3118.97,3122.1,3106.34,3111.31,4537.6238
1765688400000,3111.31,3115.0,3104.59,3111.63,4137.322
1765692000000,3111.62,3115.12,3105.21,3110.72,2039.8465
1765695600000,3110.73,3117.71,3108.61,3115.3,2045.0745
1765699200000,3115.3,3119.9,3109.34,3111.02,4691.8527
1765702800000,3111.03,3113.67,3107.45,3109.16,7021.1647
1765706400000,3109.15,3112.77,3093.8,3107.57,8170.3076
1765710000000,3107.57,3109.59,3050.01,3084.84,35845.2638
1765713600000,3084.84,3108.18,3070.42,3098.54,15421.0747
1765717200000,3098.53,3102.89,3077.52,3101.54,10811.8607
1765720800000,3101.55,3107.63,3074.64,3085.84,10637.6878
1765724400000,3085.84,3087.86,3070.5,3084.51,9488.6069
1765728000000,3084.51,3107.89,3078.0,3097.75,12759.4593
1765731600000,3097.76,3103.94,3074.29,3084.95,21260.5988
1765735200000,3084.96,3105.19,3080.74,3101.73,35792.0783
1765738800000,3101.73,3101.91,3086.26,3093.71,18679.8231
1765742400000,3093.71,3097.1,3063.15,3082.89,16032.5725
1765746000000,3082.88,3091.19,3077.1,3081.86,3985.5076
1765749600000,3081.86,3089.47,3054.41,3074.24,12384.411
1765753200000,3074.24,3091.2,3024.44,3063.5,25997.3433
1765756800000,3063.49,3084.84,3056.7,3074.72,16308.539
1765760400000,3074.72,3120.22,3066.42,3108.54,16865.6862
1765764000000,3108.54,3150.92,3107.0,3120.27,26297.9234
1765767600000,3120.26,3126.16,3107.15,3108.68,8757.7559
1765771200000,3108.68,3127.13,3104.02,3123.79,6208.1048
1765774800000,3123.8,3124.97,3115.01,3120.28,4944.1022
1765778400000,3120.29,3145.0,3115.47,3137.28,12918.5564
1765782000000,3137.29,3142.01,3122.87,3128.9,10307.326
1765785600000,3128.91,3144.57,3125.86,3139.84,9672.2921
1765789200000,3139.84,3161.25,3139.06,3153.79,12759.9658
1765792800000,3153.79,3177.5,3151.21,3159.67,15779.2613
1765796400000,3159.67,3162.75,3146.0,3156.73,7654.9311
1765800000000,3156.73,3159.14,3148.29,3155.96,7691.8744
1765803600000,3155.97,3156.96,3126.55,3132.18,15044.0757
1765807200000,3132.19,3146.91,3032.26,3048.72,54144.5747
1765810800000,3048.72,3060.0,2986.05,3010.96,88432.8149
1765814400000,3010.97,3017.77,2967.28,2988.94,41650.2336
1765818000000,2988.94,2993.62,2932.74,2937.19,31850.6551
1765821600000,2937.18,2944.23,2894.57,2938.0,39517.0161
1765825200000,2938.0,2964.5,2927.12,2940.3,33704.8848
1765828800000,2940.29,2947.36,2916.67,2929.18,20884.8857
1765832400000,2929.08,2947.73,2919.25,2946.23,15259.1559
1765836000000,2946.23,2952.66,2936.07,2952.03,9322.146
1765839600000,2952.03,2969.29,2949.42,2964.85,14533.1944
1765843200000,2964.85,2978.26,2940.39,2942.3,12091.7904
1765846800000,2942.29,2961.94,2935.25,2946.73,14433.8663
1765850400000,2946.73,2966.34,2938.59,2945.85,10843.6435
1765854000000,2945.85,2950.5,2922.64,2937.0,12783.1493
1765857600000,2936.99,2939.99,2876.0,2918.17,29622.0453
1765861200000,2918.17,2927.92,2912.58,2922.85,14274.6107
1765864800000,2922.85,2951.45,2922.85,2945.7,9617.916
1765868400000,2945.7,2948.21,2918.21,2924.11,12179.6667
1765872000000,2924.1,2940.32,2920.02,2931.45,16878.1945
1765875600000,2931.45,2935.62,2923.59,2926.93,7998.238
1765879200000,2926.93,2964.14,2921.26,2947.98,14783.6144
1765882800000,2947.98,2962.7,2938.01,2957.93,11141.8232
1765886400000,2957.93,2964.17,2947.59,2951.95,9704.4341
1765890000000,2951.94,2981.87,2908.79,2910.67,40517.8998
1765893600000,2910.67,2960.16,2886.75,2941.35,41038.7185
1765897200000,2941.36,2975.99,2914.26,2963.31,26510.3098
1765900800000,2963.31,2964.19,2925.29,2938.59,20784.9065
1765904400000,2938.58,2954.68,2917.01,2919.62,13023.1875
1765908000000,2919.62,2968.0,2912.15,2952.13,16235.164
1765911600000,2952.13,2961.38,2920.64,2945.58,20513.2742
1765915200000,2945.57,2963.33,2943.21,2947.53,8975.2641
1765918800000,2947.53,2957.97,2938.08,2951.44,5973.681
1765922400000,2951.43,2961.0,2944.35,2954.23,3780.5902
1765926000000,2954.24,2965.73,2948.07,2962.3,4587.1279
1765929600000,2962.3,2962.3,2944.16,2949.68,4382.7677
1765933200000,2949.68,2974.27,2948.79,2954.11,6871.786
1765936800000,2954.12,2964.66,2938.38,2959.38,5415.3603
1765940400000,2959.38,2961.99,2942.75,2947.8,4393.4811
1765944000000,2947.8,2951.25,2926.99,2932.31,8358.8644
1765947600000,2932.3,2937.65,2913.95,2930.45,12956.1094
1765951200000,2930.44,2944.26,2930.22,2936.47,6953.0754
1765954800000,2936.48,2953.98,2932.09,2947.92,12038.3922
1765958400000,2947.92,2947.92,2922.61,2926.0,8342.0117
1765962000000,2926.0,2933.26,2918.63,2923.25,5255.5069
1765965600000,2923.25,2928.22,2908.56,2920.44,8242.0425
1765969200000,2920.43,2934.42,2917.56,2928.71,6559.3813
1765972800000,2928.71,2935.96,2919.64,2925.36,8398.4676
1765976400000,2925.36,2954.0,2918.21,2944.52,18689.7215
1765980000000,2944.51,2996.91,2886.8,2995.89,67173.6746
1765983600000,2995.89,3030.92,2894.54,2904.66,108216.5151
1765987200000,2904.65,2925.59,2833.94,2864.29,72707.7729
1765990800000,2864.29,2878.64,2842.14,2847.6,25039.9867
1765994400000,2847.61,2862.44,2806.0,2813.88,25991.7156
1765998000000,2813.88,2821.6,2791.02,2820.28,31813.2442
1766001600000,2820.28,2834.15,2798.0,2823.05,22492.1744
1766005200000,2823.05,2831.2,2811.66,2819.93,7355.0861
1766008800000,2819.92,2837.8,2813.62,2834.99,11654.4593
1766012400000,2835.0,2835.99,2818.19,2833.49,8328.8193
1766016000000,2833.5,2838.44,2826.35,2836.27,5773.9902
1766019600000,2836.28,2836.28,2821.34,2827.2,7793.2702
1766023200000,2827.21,2847.65,2822.0,2837.15,9395.8155
1766026800000,2837.15,2838.17,2822.5,2832.06,7152.7251
1766030400000,2832.06,2841.76,2831.64,2838.24,5700.637
1766034000000,2838.24,2838.29,2822.98,2825.44,6593.0016
1766037600000,2825.43,2833.32,2823.5,2831.35,5874.8697
1766041200000,2831.35,2839.19,2828.76,2836.45,7139.6842
1766044800000,2836.45,2852.16,2831.99,2841.64,9769.141
1766048400000,2841.63,2857.39,2834.72,2852.72,7563.2637
1766052000000,2852.71,2864.46,2849.61,2859.42,8271.5393
1766055600000,2859.42,2859.66,2850.25,2859.09,5080.2282
1766059200000,2859.1,2874.99,2854.47,2871.25,7514.5666
1766062800000,2871.24,2979.8,2871.23,2964.1,78267.4894
1766066400000,2964.12,2992.0,2923.31,2950.44,79753.5262
1766070000000,2950.45,2997.4,2933.03,2965.19,49945.6988
1766073600000,2965.19,2967.48,2929.11,2943.8,30044.6862
1766077200000,2943.81,2944.48,2797.58,2845.57,92244.555
1766080800000,2845.56,2867.98,2818.99,2827.58,37460.809
1766084400000,2827.57,2833.01,2775.19,2781.93,45312.5837
1766088000000,2781.92,2814.0,2779.76,2781.26,30397.8043
1766091600000,2781.26,2832.29,2780.9,2829.79,40249.6834
1766095200000,2829.8,2838.25,2816.41,2829.42,11496.3181
1766098800000,2829.43,2833.71,2823.8,2828.57,6457.9133
1766102400000,2828.56,2841.11,2814.49,2831.05,10432.327
1766106000000,2831.04,2833.5,2808.63,2821.03,8320.0327
1766109600000,2821.02,2840.99,2812.44,2835.61,13104.1751
1766113200000,2835.61,2935.0,2834.85,2909.01,92041.8924
1766116800000,2909.0,2936.86,2907.09,2921.13,25989.2215
1766120400000,2921.14,2928.96,2909.82,2922.68,18499.9694
1766124000000,2922.68,2949.99,2915.98,2948.01,12614.1221
1766127600000,2948.01,2984.33,2942.8,2951.73,39857.2729
1766131200000,2951.72,2964.65,2938.01,2950.9,15272.9039
1766134800000,2950.89,2960.44,2946.24,2955.23,9283.4503
1766138400000,2955.23,2964.65,2949.0,2954.33,8186.2419
1766142000000,2954.33,2971.57,2950.31,2964.96,10339.9937
1766145600000,2964.97,2968.0,2946.14,2956.19,15135.3276
1766149200000,2956.2,2968.38,2953.71,2961.54,12904.8855
1766152800000,2961.55,2994.32,2943.13,2976.83,55275.5065
1766156400000,2976.82,3020.0,2953.9,2964.99,65738.9534
1766160000000,2964.99,3007.06,2960.26,2966.99,30952.6837
1766163600000,2966.99,2993.33,2936.3,2940.0,30761.9858
1766167200000,2940.0,2977.77,2937.67,2966.32,16641.8197
1766170800000,2966.32,2997.07,2966.32,2985.02,15399.2399
1766174400000,2985.02,3003.02,2977.26,2995.52,12141.89
1766178000000,2995.53,2995.58,2974.72,2977.86,4491.9802
1766181600000,2977.87,2992.69,2977.26,2987.84,4788.2481
1766185200000,2987.83,2988.56,2977.96,2979.5,3528.4206
1766188800000,2979.49,2980.66,2970.98,2974.55,4159.7381
1766192400000,2974.55,2982.82,2973.23,2976.2,2227.1935
1766196000000,2976.2,2990.0,2973.76,2982.66,2777.422
1766199600000,2982.65,2994.41,2982.19,2989.41,3682.1015
1766203200000,2989.42,2990.8,2964.17,2984.31,6270.8171
1766206800000,2984.31,2989.5,2979.81,2980.99,4091.9444
1766210400000,2980.99,2985.39,2979.74,2980.55,2135.7266
1766214000000,2980.55,2987.18,2975.0,2981.24,5304.4263
1766217600000,2981.24,2990.0,2981.24,2983.05,3918.0406
1766221200000,2983.04,2986.99,2982.44,2983.16,2731.0254
1766224800000,2983.16,2983.55,2975.14,2979.04,3470.0804
1766228400000,2979.05,2990.2,2976.52,2987.13,4313.5481
1766232000000,2987.14,2993.8,2986.64,2989.3,4558.7716
1766235600000,2989.3,2992.03,2967.44,2980.0,10011.5771
1766239200000,2980.0,2981.34,2969.28,2980.31,4544.8469
1766242800000,2980.31,2980.32,2968.66,2977.27,6584.124
1766246400000,2977.26,2980.13,2974.34,2978.9,5009.8881
1766250000000,2978.91,2981.4,2974.56,2978.02,4028.0616
1766253600000,2978.03,2980.5,2974.66,2978.05,1879.8708
1766257200000,2978.04,2981.4,2974.79,2978.05,2139.0483
1766260800000,2978.06,2985.8,2977.57,2984.59,2344.5599
1766264400000,2984.59,2985.94,2978.55,2978.9,1705.7834
1766268000000,2978.9,2980.46,2974.5,2977.37,2408.017
1766271600000,2977.37,2979.11,2972.85,2977.93,1487.1607
1766275200000,2977.93,2981.43,2975.83,2979.76,1924.4212
1766278800000,2979.76,2979.76,2962.34,2967.53,11211.6364
1766282400000,2967.53,2975.33,2961.42,2965.72,5795.6584
1766286000000,2965.73,2975.83,2965.16,2972.81,2692.7713
1766289600000,2972.8,2978.49,2971.75,2975.18,2137.6885
1766293200000,2975.19,2978.72,2973.1,2973.44,1769.3809
1766296800000,2973.43,2977.93,2973.0,2976.27,909.8529
1766300400000,2976.28,2982.54,2975.6,2981.09,1241.1181
1766304000000,2981.09,2999.47,2977.61,2992.12,8095.5195
1766307600000,2992.12,3013.4,2984.94,3004.0,16163.6169
1766311200000,3004.0,3009.01,2992.61,2996.78,9965.4162
1766314800000,2996.78,3001.36,2993.24,2996.52,3287.4303
1766318400000,2996.52,3005.46,2982.42,2990.62,5645.4023
1766322000000,2990.63,2992.5,2944.0,2950.49,23313.9906
1766325600000,2950.49,2977.26,2947.21,2970.9,11468.3259
1766329200000,2970.91,2980.0,2962.53,2974.68,7375.9311
1766332800000,2974.69,2987.93,2969.26,2986.07,9337.3548
1766336400000,2986.07,2988.73,2976.99,2983.92,5181.7825
1766340000000,2983.92,2988.56,2967.74,2988.55,4162.267
1766343600000,2988.56,2997.96,2978.0,2991.18,5575.2708
1766347200000,2991.19,2994.36,2985.28,2986.82,5599.0647
1766350800000,2986.83,2991.0,2970.75,2973.73,3277.6312
1766354400000,2973.74,2996.32,2971.72,2996.32,5958.1874
1766358000000,2996.31,3012.27,2991.99,3002.02,10155.0878
1766361600000,3002.03,3060.55,3002.02,3022.39,27162.2885
1766365200000,3022.39,3048.0,3018.23,3018.78,12617.945
1766368800000,3018.79,3019.61,2972.48,3010.12,19478.5391
1766372400000,3010.13,3032.87,3002.01,3021.52,8259.2573
1766376000000,3021.53,3042.87,3020.0,3040.17,7857.5737
1766379600000,3040.17,3041.26,3025.14,3028.18,6638.2155
1766383200000,3028.18,3033.72,3022.6,3024.71,4065.6564
1766386800000,3024.71,3035.53,3023.24,3029.67,5191.7381
1766390400000,3029.66,3055.73,3025.11,3027.84,14590.8102
1766394000000,3027.84,3043.2,3026.01,3041.67,5382.5326
1766397600000,3041.67,3045.54,3032.18,3040.62,6977.9317
1766401200000,3040.62,3058.38,3036.81,3049.04,8512.6637
1766404800000,3049.05,3077.39,3043.7,3058.27,14993.1094
1766408400000,3058.28,3064.8,3048.11,3056.9,9429.3446
1766412000000,3056.9,3074.46,3029.81,3061.97,23770.522
1766415600000,3061.97,3072.88,3022.35,3052.59,22439.5892
1766419200000,3052.59,3059.42,3038.14,3043.0,11950.6462
1766422800000,3043.0,3044.4,3023.77,3032.73,10994.0406
1766426400000,3032.74,3040.89,3007.77,3015.74,8789.0516
1766430000000,3015.73,3016.0,2974.23,2980.44,24038.6472
1766433600000,2980.44,2986.77,2963.43,2976.31,19702.8273
1766437200000,2976.3,2998.01,2976.1,2988.68,7986.1425
1766440800000,2988.63,3015.37,2982.08,3012.02,9200.1669
1766444400000,3012.03,3012.83,3001.5,3009.49,8414.324
1766448000000,3009.48,3035.79,3005.41,3028.2,10871.5909
1766451600000,3028.21,3033.65,3016.38,3018.3,7833.9659
1766455200000,3018.31,3026.1,2988.0,2991.09,20871.4561
1766458800000,2991.1,2998.67,2971.56,2991.8,12944.8084
1766462400000,2991.81,2999.97,2983.33,2983.83,8993.5345
1766466000000,2983.84,2985.83,2965.78,2975.31,18212.3681
1766469600000,2975.31,2978.5,2944.79,2959.91,30930.9589
1766473200000,2959.92,2969.98,2955.07,2964.89,12637.2731
1766476800000,2964.88,2972.94,2959.93,2962.14,7038.1335
1766480400000,2962.13,2966.85,2952.26,2964.0,6334.6804
1766484000000,2964.0,2971.69,2964.0,2967.15,3933.7516
1766487600000,2967.14,2975.35,2963.45,2973.63,4745.913
1766491200000,2973.63,2974.47,2954.62,2955.54,8302.1674
1766494800000,2955.54,2963.26,2930.42,2941.82,23821.8021
1766498400000,2941.82,2953.05,2900.93,2917.21,42078.1376
1766502000000,2917.2,2933.73,2906.62,2928.59,22409.6474
1766505600000,2928.59,2965.92,2922.4,2956.94,26501.3027
1766509200000,2956.94,2966.56,2909.64,2910.96,15464.8556
1766512800000,2910.96,2952.71,2908.95,2947.25,14591.3362
1766516400000,2947.25,2954.51,2931.06,2943.92,10009.1779
1766520000000,2943.95,2988.44,2940.89,2969.75,23540.76
1766523600000,2969.76,2976.61,2960.44,2974.59,11426.431
1766527200000,2974.6,2980.8,2950.55,2961.38,19291.9402
1766530800000,2961.38,2973.26,2952.27,2965.02,23679.7545
1766534400000,2965.03,2974.31,2956.41,2973.28,9146.2176
1766538000000,2973.29,2978.15,2960.89,2963.94,5081.417
1766541600000,2963.95,2965.33,2923.99,2935.46,13974.0121
1766545200000,2935.46,2947.94,2921.03,2945.75,9225.522
1766548800000,2945.75,2958.73,2934.7,2935.74,7128.7199
1766552400000,2935.75,2941.13,2917.12,2929.24,13093.8445
1766556000000,2929.24,2938.54,2923.4,2933.47,6756.3614
1766559600000,2933.47,2943.7,2931.96,2932.68,8415.7162
1766563200000,2932.69,2939.84,2921.2,2922.65,12446.2145
1766566800000,2922.66,2931.53,2914.35,2919.0,6226.3078
1766570400000,2919.0,2934.71,2918.0,2927.68,5707.9069
1766574000000,2927.67,2937.7,2925.01,2925.02,4983.2521
1766577600000,2925.02,2938.73,2923.49,2936.39,4262.0543
1766581200000,2936.4,2937.26,2924.6,2930.95,4201.9564
1766584800000,2930.95,2936.42,2888.7,2914.71,24447.1692
1766588400000,2914.71,2930.5,2903.08,2925.55,12046.4282
1766592000000,2925.54,2948.88,2921.37,2940.45,16387.5109
1766595600000,2940.45,2954.39,2935.13,2937.23,9313.268
1766599200000,2937.23,2944.89,2930.48,2941.58,3862.3493
1766602800000,2941.58,2947.17,2936.94,2945.72,2776.924
1766606400000,2945.73,2951.93,2941.73,2943.03,3984.7481
1766610000000,2943.02,2954.39,2943.02,2950.91,4958.9392
1766613600000,2950.9,2962.96,2949.14,2959.84,5960.3305
1766617200000,2959.84,2960.86,2945.97,2947.47,2648.3897
1766620800000,2947.48,2948.89,2936.89,2939.39,4270.4011
1766624400000,2939.4,2951.05,2939.39,2948.84,2788.7389
1766628000000,2948.83,2956.89,2943.0,2952.7,3094.9256
1766631600000,2952.71,2953.03,2942.17,2947.15,3491.0945
1766635200000,2947.16,2948.15,2942.25,2944.92,2568.5952
1766638800000,2944.92,2944.92,2938.21,2942.16,4545.3185
1766642400000,2942.16,2943.23,2938.12,2942.88,5934.4608
1766646000000,2942.88,2943.5,2938.93,2941.56,4915.3694
1766649600000,2941.57,2946.82,2917.51,2930.35,12888.5123
1766653200000,2930.35,2931.33,2925.66,2928.29,3481.4733
1766656800000,2928.3,2928.77,2912.0,2920.43,7009.165
1766660400000,2920.44,2928.57,2920.19,2924.88,3614.1311
1766664000000,2924.88,2929.79,2923.87,2927.93,2168.705
1766667600000,2927.93,2934.72,2920.0,2930.96,9377.6086
1766671200000,2930.96,2938.66,2922.93,2932.84,5862.5793
1766674800000,2932.85,2971.46,2931.62,2961.14,32952.0484
1766678400000,2961.14,2967.65,2943.75,2948.34,16262.1611
1766682000000,2948.34,2954.22,2943.79,2952.59,13036.1105
1766685600000,2952.6,2965.36,2950.17,2959.2,7639.7059
1766689200000,2959.19,2959.96,2949.75,2956.41,3261.726
1766692800000,2956.41,2956.58,2944.34,2950.16,2930.042
1766696400000,2950.17,2953.3,2944.35,2946.96,2572.2622
1766700000000,2946.96,2948.29,2906.4,2921.56,12707.3544
1766703600000,2921.56,2926.87,2891.2,2903.95,21348.809
1766707200000,2903.9,2911.7,2894.26,2904.0,12802.0877
1766710800000,2903.99,2923.37,2902.7,2918.3,5808.1985
1766714400000,2918.29,2994.38,2917.99,2973.5,55343.3688
1766718000000,2973.51,2976.65,2957.7,2964.92,11518.4105
1766721600000,2964.92,2975.03,2952.59,2971.64,7632.0853
1766725200000,2971.64,2974.74,2967.39,2973.19,6413.3594
1766728800000,2973.18,2982.47,2972.02,2976.66,9926.5711
1766732400000,2976.65,2993.27,2952.79,2956.83,32564.737
1766736000000,2956.83,2971.92,2954.76,2964.54,11764.0418
1766739600000,2964.53,2976.53,2963.1,2972.75,6013.2334
1766743200000,2972.75,2974.35,2966.97,2971.61,4317.8822
1766746800000,2971.61,2972.03,2962.74,2964.75,5608.8553
1766750400000,2964.76,2973.9,2964.69,2972.93,4443.7235
1766754000000,2972.93,2985.89,2971.62,2984.57,12278.4432
1766757600000,2984.57,2985.16,2910.0,2917.37,39179.9067
1766761200000,2917.34,2929.36,2894.49,2923.19,46470.8007
1766764800000,2923.2,2929.99,2906.98,2910.03,12731.4517
1766768400000,2910.04,2935.12,2907.75,2922.49,9371.5303
1766772000000,2922.49,2928.69,2920.0,2923.48,4151.6204
1766775600000,2923.49,2930.16,2918.58,2925.99,3068.9547
1766779200000,2925.99,2938.83,2922.56,2931.53,4281.5785
1766782800000,2931.54,2935.44,2924.59,2924.96,3982.1142
1766786400000,2924.96,2931.62,2921.49,2931.5,2147.6527
1766790000000,2931.5,2934.06,2926.06,2927.99,3010.3913
1766793600000,2928.0,2931.32,2923.37,2927.45,4047.7887
1766797200000,2927.45,2928.89,2921.33,2927.76,3247.0622
1766800800000,2927.76,2930.0,2924.0,2928.04,1948.9268
1766804400000,2928.04,2933.7,2925.41,2933.4,3260.6285
1766808000000,2933.39,2934.0,2928.23,2930.6,2191.8644
1766811600000,2930.6,2931.88,2928.71,2931.31,1886.7576
1766815200000,2931.31,2931.32,2928.11,2929.99,1427.9543
1766818800000,2930.0,2938.0,2929.99,2933.27,4073.0459
1766822400000,2933.27,2937.13,2933.27,2934.46,2780.0083
1766826000000,2934.46,2940.79,2931.96,2934.9,6323.4524
1766829600000,2934.9,2935.08,2917.25,2926.85,9424.8422
1766833200000,2926.85,2933.5,2923.24,2930.88,4463.7836
1766836800000,2930.88,2933.85,2929.02,2931.96,3313.4376
1766840400000,2931.96,2932.67,2925.25,2929.79,2162.9262
1766844000000,2929.79,2931.09,2925.91,2929.79,2500.0472
1766847600000,2929.79,2930.62,2926.28,2926.5,3683.1617
1766851200000,2926.5,2928.88,2917.13,2920.56,5650.2996
1766854800000,2920.55,2928.89,2919.88,2928.33,2657.4275
1766858400000,2928.32,2928.33,2925.0,2926.23,1354.2637
1766862000000,2926.23,2930.82,2925.99,2930.82,2730.4653
1766865600000,2930.81,2934.91,2929.36,2929.48,3928.1103
1766869200000,2929.48,2935.12,2928.89,2935.11,2544.2052
1766872800000,2935.11,2953.86,2930.05,2933.27,10501.1721
1766876400000,2933.26,2960.89,2933.0,2949.05,8938.7643
1766880000000,2949.05,2951.86,2943.23,2945.5,7261.4463
1766883600000,2945.51,2950.15,2941.14,2944.32,2572.7033
1766887200000,2944.32,2950.0,2943.06,2947.3,1777.424
1766890800000,2947.29,2948.4,2941.79,2943.58,2262.6501
1766894400000,2943.57,2947.07,2938.43,2938.98,2474.6649
1766898000000,2938.98,2941.01,2929.5,2935.05,5414.5624
1766901600000,2935.04,2944.02,2934.87,2942.68,2538.3541
1766905200000,2942.69,2942.99,2936.89,2939.0,1872.5759
1766908800000,2938.99,2947.34,2938.26,2939.7,2467.7676
1766912400000,2939.7,2944.02,2931.56,2937.82,3724.421
1766916000000,2937.82,2944.89,2936.87,2943.34,4826.6051
1766919600000,2943.35,2947.19,2939.99,2944.09,7683.7859
1766923200000,2944.09,2945.2,2937.78,2939.44,6029.203
1766926800000,2939.45,2945.12,2938.99,2940.42,7406.9172
1766930400000,2940.42,2955.64,2939.75,2945.69,11666.4344
1766934000000,2945.7,2961.23,2945.67,2949.46,8567.1165
1766937600000,2949.47,2954.72,2940.2,2942.72,5705.1243
1766941200000,2942.72,2951.0,2942.65,2945.89,4282.2861
1766944800000,2945.88,2946.32,2924.54,2931.31,13747.0116
1766948400000,2931.31,2940.0,2926.49,2933.61,5795.8466
1766952000000,2933.6,2937.76,2930.34,2932.37,4036.4103
1766955600000,2932.36,2939.34,2928.89,2938.28,4229.7442
1766959200000,2938.29,2955.5,2935.21,2950.2,5193.5936
1766962800000,2950.19,2954.42,2940.36,2950.91,7297.4906
1766966400000,2950.91,2977.51,2944.54,2966.77,18122.1578
1766970000000,2966.77,2986.67,2952.9,2980.95,19759.3808
1766973600000,2980.96,3018.3,2980.96,3003.9,32409.2906
1766977200000,3003.9,3048.45,3002.87,3043.75,31704.535
1766980800000,3043.75,3057.78,3039.4,3040.06,37182.0178
1766984400000,3040.06,3045.43,3032.47,3037.54,24923.9249
1766988000000,3037.55,3045.01,3032.15,3036.36,19268.5354
1766991600000,3036.36,3039.01,3010.74,3019.51,21656.4681
1766995200000,3019.51,3026.51,3011.68,3014.38,8292.8625
1766998800000,3014.39,3016.08,2956.89,2976.65,43836.2996
1767002400000,2976.66,2983.82,2960.99,2966.33,16734.8001
1767006000000,2966.32,2967.52,2958.14,2959.91,15965.2043
1767009600000,2959.9,2959.9,2910.25,2930.95,54546.9074
1767013200000,2930.95,2938.17,2920.0,2927.41,14345.6964
1767016800000,2927.4,2965.85,2917.08,2928.5,32189.6025
1767020400000,2928.5,2950.84,2920.0,2935.75,18780.3834
1767024000000,2935.75,2943.07,2925.17,2936.5,11132.4401
1767027600000,2936.5,2943.68,2926.65,2943.68,8765.493
1767031200000,2943.68,2946.0,2914.03,2919.81,18897.6285
1767034800000,2919.81,2942.0,2918.13,2932.48,13112.8602
1767038400000,2932.47,2942.66,2926.04,2929.77,10968.729
1767042000000,2929.76,2939.32,2929.12,2937.33,3820.8694
1767045600000,2937.32,2944.23,2930.91,2938.16,5223.7456
1767049200000,2938.16,2944.24,2932.71,2937.9,4319.35
1767052800000,2937.91,2942.0,2931.84,2937.99,4647.8678
1767056400000,2937.99,2939.34,2925.02,2936.65,4356.2399
1767060000000,2936.65,2939.72,2923.48,2928.08,6139.8033
1767063600000,2928.08,2956.0,2919.44,2951.91,14932.6453
1767067200000,2951.92,2959.0,2945.75,2946.19,11759.2978
1767070800000,2946.19,2948.44,2937.39,2941.74,5485.9364
1767074400000,2941.74,2951.61,2940.5,2945.84,4456.8462
1767078000000,2945.84,2955.78,2945.47,2950.79,4812.233
1767081600000,2950.79,3003.66,2950.2,2977.6,31575.8493
1767085200000,2977.61,2988.53,2971.15,2985.45,10060.0404
1767088800000,2985.45,2988.57,2973.35,2977.19,9773.5289
1767092400000,2977.2,2984.36,2973.58,2978.88,7643.9378
1767096000000,2978.88,2986.0,2976.57,2980.88,7248.6461
1767099600000,2980.89,2991.84,2978.85,2986.69,12712.8013
1767103200000,2986.69,3009.8,2958.88,2996.22,46773.5786
1767106800000,2996.21,3002.48,2970.01,2989.77,27007.7472
1767110400000,2989.78,2995.28,2974.5,2982.76,14503.6063
1767114000000,2982.76,2987.0,2965.92,2976.82,11896.0894
1767117600000,2976.82,2979.0,2960.28,2971.63,10561.5337
1767121200000,2971.63,2974.6,2944.76,2971.56,17784.429
1767124800000,2971.56,2973.89,2956.49,2958.84,6004.6181
1767128400000,2958.84,2969.44,2954.28,2968.63,5039.141
1767132000000,2968.69,2972.11,2965.55,2969.54,6111.9285
1767135600000,2969.53,2975.96,2967.59,2973.69,5294.9426
1767139200000,2973.69,2973.69,2962.49,2966.4,4597.2409
1767142800000,2966.4,2984.86,2961.89,2980.13,6775.6955
1767146400000,2980.13,2983.6,2974.41,2981.5,4156.1248
1767150000000,2981.5,2984.0,2966.15,2970.69,4792.7895
1767153600000,2970.68,2975.29,2968.92,2969.45,4353.9282
1767157200000,2969.45,2980.0,2969.45,2975.21,4799.2423
1767160800000,2975.21,2978.76,2974.68,2975.63,3810.2813
1767164400000,2975.64,2977.36,2970.15,2976.98,4705.7492
1767168000000,2976.97,2980.01,2963.91,2969.4,10400.8221
1767171600000,2969.39,2977.95,2969.17,2976.89,6013.8396
1767175200000,2976.88,2983.01,2975.55,2981.34,6350.3508
1767178800000,2981.34,3003.64,2980.2,3002.2,31395.4793
1767182400000,3002.2,3003.1,2984.34,2987.25,15688.9092
1767186000000,2987.25,3000.06,2986.44,2997.16,7657.2697
1767189600000,2997.17,3028.08,2981.44,2993.75,32704.6551
1767193200000,2993.74,2994.23,2968.0,2985.76,21315.0984
1767196800000,2985.76,2997.4,2958.91,2976.03,19994.2587
1767200400000,2976.03,2980.42,2968.0,2975.77,7371.8618
1767204000000,2975.77,2985.69,2971.42,2974.33,6565.3999
1767207600000,2974.32,2981.44,2970.27,2971.15,4903.9952
1767211200000,2971.16,2979.89,2963.43,2975.67,12799.9571
1767214800000,2975.67,2984.86,2973.84,2982.25,4307.8441
1767218400000,2982.25,2984.24,2974.42,2977.14,4052.9451
1767222000000,2977.14,2977.14,2970.19,2971.64,4215.8509
1767225600000,2971.65,2982.83,2971.15,2979.81,4485.249
1767229200000,2979.81,2988.96,2979.18,2984.32,5567.1123
1767232800000,2984.33,2987.82,2980.9,2982.49,2432.7484
1767236400000,2982.5,2986.18,2979.53,2980.0,1792.594
1767240000000,2979.99,2980.97,2972.99,2975.35,9657.7273
1767243600000,2975.36,2983.79,2975.36,2981.49,3930.8339
1767247200000,2981.49,2981.49,2975.89,2975.89,5734.3199
1767250800000,2975.9,2980.89,2975.89,2978.53,4796.4934
1767254400000,2978.52,2983.0,2977.8,2982.59,4031.4569
1767258000000,2982.59,2987.41,2982.15,2984.0,4401.4657
1767261600000,2984.0,2985.77,2982.14,2985.0,3019.3844
1767265200000,2984.99,2993.2,2984.99,2989.69,7206.3942
1767268800000,2989.7,2990.45,2983.36,2987.69,5019.2102
1767272400000,2987.7,2990.09,2982.02,2982.96,5342.5982
1767276000000,2982.96,2986.45,2977.74,2985.15,7710.2233
1767279600000,2985.16,2994.87,2980.75,2989.87,6148.7542
1767283200000,2989.87,2990.84,2980.75,2982.29,6839.019
1767286800000,2982.28,3005.98,2980.89,2990.44,12755.5547
1767290400000,2990.44,2992.74,2985.15,2990.41,5776.0082
1767294000000,2990.4,2998.04,2987.23,2995.42,3186.6777
1767297600000,2995.42,2997.15,2987.54,2989.08,3766.7199
1767301200000,2989.09,2993.06,2987.66,2989.66,1999.5442
1767304800000,2989.66,3000.26,2987.57,2999.3,5488.851
1767308400000,2999.29,3010.0,2990.98,3004.19,14999.5807
1767312000000,3004.19,3008.48,2995.38,3006.14,6882.9784
1767315600000,3006.15,3008.08,2998.46,3002.98,3264.9972
1767319200000,3002.99,3003.65,2992.49,3002.29,5269.2052
1767322800000,3002.29,3035.0,3000.0,3022.53,24828.426
1767326400000,3022.53,3024.61,3010.5,3011.84,5497.591
1767330000000,3011.83,3018.63,3009.02,3016.56,4120.9885
1767333600000,3016.55,3039.54,3014.49,3026.9,9842.6599
1767337200000,3026.91,3032.41,3016.89,3018.33,6120.3486
1767340800000,3018.32,3033.88,3015.95,3032.28,7279.3968
1767344400000,3032.27,3055.0,3030.15,3048.15,19823.6005
1767348000000,3048.16,3069.71,3045.71,3057.25,28308.3236
1767351600000,3057.25,3057.91,3040.89,3047.82,11735.5628
1767355200000,3047.81,3057.97,3043.2,3048.67,7848.8446
1767358800000,3048.66,3058.42,3046.35,3050.27,7997.0742
1767362400000,3050.28,3109.0,3020.79,3082.85,57032.8876
1767366000000,3082.84,3097.65,3055.13,3086.64,30900.8484
1767369600000,3086.64,3146.97,3079.23,3132.22,50753.0693
1767373200000,3132.21,3150.01,3110.83,3123.0,24779.0727
1767376800000,3122.99,3132.2,3097.13,3110.56,18137.1942
1767380400000,3110.56,3127.87,3107.62,3123.62,9841.9038
1767384000000,3123.63,3129.75,3111.52,3117.99,9535.6153
1767387600000,3117.99,3134.0,3116.31,3130.96,6009.9315
1767391200000,3130.96,3146.0,3128.09,3133.81,9193.264
1767394800000,3133.82,3135.66,3120.3,3125.45,4887.4608
1767398400000,3125.46,3136.71,3122.26,3131.0,5738.4981
1767402000000,3130.99,3131.85,3123.43,3130.81,3732.5659
1767405600000,3130.81,3130.81,3120.17,3126.27,7958.8383
1767409200000,3126.26,3127.35,3119.26,3125.56,4210.0328
1767412800000,3125.56,3127.79,3115.01,3116.61,4789.1019
1767416400000,3116.61,3119.09,3104.89,3112.12,6080.2688
1767420000000,3112.12,3117.76,3098.34,3098.34,7739.6551
1767423600000,3098.33,3105.31,3076.0,3090.5,19239.551
1767427200000,3090.49,3105.72,3083.86,3095.48,8553.1231
1767430800000,3095.48,3110.56,3091.96,3100.9,6393.7838
1767434400000,3100.9,3105.53,3097.05,3097.31,4433.0978
1767438000000,3097.31,3100.22,3091.99,3098.49,4806.4362
1767441600000,3098.5,3105.58,3093.47,3105.04,5980.5075
1767445200000,3105.04,3107.99,3100.89,3103.03,4362.3509
1767448800000,3103.03,3114.61,3101.5,3106.0,7292.9936
1767452400000,3106.0,3107.5,3100.28,3101.31,3961.679
1767456000000,3101.32,3112.17,3098.33,3107.03,4462.8959
1767459600000,3107.04,3110.42,3105.62,3108.46,2523.7452
1767463200000,3108.47,3118.55,3105.08,3116.46,4373.4844
1767466800000,3116.46,3116.46,3110.5,3113.13,2598.1643
1767470400000,3113.13,3116.89,3107.49,3115.65,2462.8997
1767474000000,3115.65,3129.22,3113.04,3120.87,5840.3585
1767477600000,3120.87,3126.2,3113.92,3122.78,3011.8275
1767481200000,3122.78,3131.0,3120.89,3127.11,3859.3665
1767484800000,3127.11,3167.22,3126.35,3157.75,28748.8277
1767488400000,3157.75,3162.33,3141.5,3150.17,8005.1414
1767492000000,3150.17,3151.02,3137.6,3141.12,5606.2176
1767495600000,3141.12,3150.86,3140.01,3147.36,5954.5189
1767499200000,3147.36,3156.0,3144.89,3148.25,5268.2882
1767502800000,3148.26,3152.3,3144.48,3151.36,3956.3575
1767506400000,3151.36,3163.19,3139.37,3140.0,13249.419
1767510000000,3140.0,3145.92,3133.57,3141.29,16690.5703
1767513600000,3141.29,3141.98,3126.0,3138.61,8448.0071
1767517200000,3138.62,3148.0,3134.9,3143.78,8277.8782
1767520800000,3143.79,3148.3,3142.66,3146.34,3424.696
1767524400000,3146.34,3146.34,3135.32,3139.54,5174.8602
1767528000000,3139.55,3147.26,3133.59,3136.8,6044.623
1767531600000,3136.81,3141.51,3131.8,3140.76,4598.3954
1767535200000,3140.75,3143.3,3132.0,3137.26,6524.909
1767538800000,3137.25,3139.6,3118.75,3135.55,8403.1262
1767542400000,3135.55,3139.97,3131.03,3139.11,4753.0312
1767546000000,3139.12,3143.6,3135.68,3137.5,3540.0791
1767549600000,3137.49,3137.88,3123.01,3135.03,5161.1758
1767553200000,3135.04,3135.14,3118.98,3132.72,8602.0733
1767556800000,3132.72,3143.0,3130.85,3142.09,2949.6664
1767560400000,3142.09,3155.85,3137.75,3145.44,7761.9405
1767564000000,3145.44,3150.36,3136.44,3139.37,4235.2201
1767567600000,3139.37,3153.7,3134.67,3144.7,6197.0465
1767571200000,3144.71,3175.32,3143.54,3168.19,22161.7656
1767574800000,3168.2,3220.82,3163.12,3197.91,38618.7853
1767578400000,3197.92,3204.34,3182.95,3193.07,11742.2877
1767582000000,3193.07,3197.51,3184.61,3185.86,6225.2237
1767585600000,3185.86,3188.35,3157.46,3167.11,15516.768
1767589200000,3167.12,3169.63,3148.0,3149.93,10573.3383
1767592800000,3149.93,3159.11,3135.31,3157.68,13428.5685
1767596400000,3157.68,3163.24,3155.31,3157.33,6874.7564
1767600000000,3157.24,3172.01,3155.73,3163.62,7338.4914
1767603600000,3163.62,3175.17,3153.12,3168.18,12375.3924
1767607200000,3168.17,3179.04,3162.52,3173.19,8789.6241
1767610800000,3173.19,3183.64,3168.21,3180.27,6514.3168
1767614400000,3180.28,3183.91,3166.33,3170.5,6171.7807
1767618000000,3170.51,3175.32,3143.67,3154.39,14946.3894
1767621600000,3154.39,3178.34,3135.02,3167.0,26353.8999
1767625200000,3167.0,3205.0,3152.4,3195.57,27985.1482
1767628800000,3195.58,3202.68,3172.81,3183.9,19642.9735
1767632400000,3183.9,3229.99,3159.48,3213.38,24099.8843
1767636000000,3213.39,3228.95,3186.39,3228.3,27628.9552
1767639600000,3228.31,3228.52,3214.82,3223.07,13328.1708
1767643200000,3223.07,3265.66,3220.0,3241.93,35966.4191
1767646800000,3241.94,3248.27,3231.76,3238.32,9184.0999
1767650400000,3238.32,3249.75,3229.59,3240.19,8377.3187
1767654000000,3240.2,3241.39,3224.86,3224.99,8602.3039
1767657600000,3224.99,3231.21,3203.34,3216.1,10838.6991
1767661200000,3216.1,3247.3,3215.83,3218.32,16456.9012
1767664800000,3218.33,3224.36,3208.72,3217.1,7158.9435
1767668400000,3217.1,3233.5,3214.12,3225.1,7205.6607
1767672000000,3225.1,3233.52,3222.95,3222.96,5249.2795
1767675600000,3222.95,3229.51,3217.12,3218.72,6391.3841
1767679200000,3218.71,3253.76,3218.07,3241.15,19147.6673
1767682800000,3241.15,3242.75,3211.37,3219.24,12636.2349
1767686400000,3219.24,3228.48,3214.52,3220.14,7711.9227
1767690000000,3220.13,3229.6,3217.5,3223.0,6495.8516
1767693600000,3223.0,3231.72,3221.42,3228.94,6392.747
1767697200000,3228.94,3242.98,3227.03,3238.08,11191.0535
1767700800000,3238.09,3245.87,3236.28,3238.67,7425.8366
1767704400000,3238.66,3239.61,3230.0,3238.3,7783.321
1767708000000,3238.3,3308.86,3238.3,3278.09,82526.6408
1767711600000,3278.1,3301.99,3261.43,3272.32,30563.934
1767715200000,3272.31,3279.36,3234.32,3251.97,44678.4045
1767718800000,3251.96,3259.62,3190.01,3196.43,36459.0337
1767722400000,3196.43,3232.63,3183.27,3218.91,26855.1046
1767726000000,3218.92,3229.8,3213.5,3223.57,6084.4112
1767729600000,3223.57,3250.89,3223.11,3241.71,11055.0906
1767733200000,3241.72,3300.35,3238.47,3276.18,22719.2336
1767736800000,3276.18,3290.55,3265.52,3277.63,8960.1274
1767740400000,3277.62,3301.6,3275.8,3296.84,10516.0235
1767744000000,3296.83,3296.84,3255.36,3257.99,10198.2675
1767747600000,3258.0,3272.34,3239.44,3245.04,16150.6343
1767751200000,3245.05,3274.03,3239.73,3270.08,9241.0352
1767754800000,3270.08,3282.14,3265.13,3266.83,6704.0573
1767758400000,3266.84,3271.81,3252.94,3256.21,6473.4739
1767762000000,3256.21,3262.57,3246.75,3248.63,6449.7983
1767765600000,3248.62,3259.91,3247.81,3250.97,3808.3086
1767769200000,3250.97,3262.61,3250.78,3255.31,5417.8108
1767772800000,3255.31,3263.37,3253.01,3254.45,5466.1436
1767776400000,3254.45,3254.58,3198.54,3200.18,31451.685
1767780000000,3200.17,3222.24,3196.23,3218.44,16060.3116
1767783600000,3218.44,3227.84,3216.84,3220.24,11949.2985
1767787200000,3220.25,3222.56,3211.36,3213.14,5692.8969
1767790800000,3213.14,3229.05,3202.24,3212.04,8939.2899
1767794400000,3212.05,3212.05,3166.14,3191.54,41025.9229
1767798000000,3191.54,3193.26,3144.37,3164.7,36027.473
1767801600000,3164.71,3179.69,3149.95,3157.31,14607.8169
1767805200000,3157.31,3171.27,3146.43,3152.06,10579.5535
1767808800000,3152.06,3165.36,3133.68,3146.37,16861.0597
1767812400000,3146.38,3155.59,3125.42,3146.02,16155.764
1767816000000,3146.02,3151.37,3128.13,3139.18,11298.0934
1767819600000,3139.14,3152.72,3138.4,3150.11,4219.4582
1767823200000,3150.11,3165.86,3143.96,3153.0,6823.1151
1767826800000,3153.01,3181.78,3143.71,3168.72,19748.8544
1767830400000,3168.72,3175.37,3155.21,3170.53,10391.7644
1767834000000,3170.54,3181.36,3168.39,3175.76,6452.3316
1767837600000,3175.77,3184.39,3148.5,3159.43,9935.5982
1767841200000,3159.43,3166.7,3133.56,3142.88,13141.1311
1767844800000,3142.88,3158.96,3138.8,3154.01,6811.4772
1767848400000,3154.02,3161.24,3142.22,3143.63,5561.9706
1767852000000,3143.63,3146.16,3104.37,3105.38,23571.3183
1767855600000,3105.39,3132.86,3090.04,3128.28,23611.5573
1767859200000,3128.29,3136.56,3113.88,3116.83,9163.1034
1767862800000,3116.83,3124.06,3105.55,3111.89,9219.4309
1767866400000,3111.9,3133.03,3096.68,3128.18,16524.8724
1767870000000,3128.19,3131.54,3112.57,3121.24,11538.5998
1767873600000,3121.25,3121.49,3085.16,3095.76,25343.1832
1767877200000,3095.76,3102.73,3090.73,3097.12,7719.3901
1767880800000,3097.11,3097.11,3054.65,3077.4,52718.1619
1767884400000,3077.39,3112.35,3067.37,3104.2,29559.0974
1767888000000,3104.19,3123.63,3090.2,3122.31,16727.7526
1767891600000,3122.31,3140.0,3110.34,3134.95,18597.0749
1767895200000,3134.95,3135.5,3114.9,3120.22,10513.576
1767898800000,3120.22,3129.07,3104.01,3111.53,7810.0314
1767902400000,3111.53,3111.53,3089.39,3107.29,9945.3871
1767906000000,3107.3,3123.24,3107.3,3118.75,5593.2314
1767909600000,3118.76,3130.38,3107.75,3119.12,5590.39
1767913200000,3119.13,3122.24,3105.87,3106.65,7575.6693
1767916800000,3106.66,3117.65,3104.45,3115.83,3683.6782
1767920400000,3115.84,3148.41,3081.34,3105.82,30533.0286
1767924000000,3105.83,3126.11,3103.61,3109.49,8392.8287
1767927600000,3109.5,3121.24,3103.01,3119.6,7348.8925
1767931200000,3119.6,3124.11,3112.14,3116.53,4039.6218
1767934800000,3116.54,3121.0,3113.75,3118.5,3207.1902
1767938400000,3118.51,3125.71,3117.53,3123.2,4508.5009
1767942000000,3123.21,3123.79,3110.39,3111.2,5538.8149
1767945600000,3111.21,3115.37,3067.44,3082.49,22607.9204
1767949200000,3082.49,3100.87,3081.93,3092.39,8770.5638
1767952800000,3092.39,3099.43,3088.36,3096.65,3721.2681
1767956400000,3096.64,3104.59,3088.49,3090.36,5327.6168
1767960000000,3090.36,3096.16,3082.05,3084.55,6069.5672
1767963600000,3084.56,3111.17,3083.44,3098.56,13591.4225
1767967200000,3098.56,3099.0,3062.0,3078.93,20562.1562
1767970800000,3078.94,3143.0,3058.69,3112.08,46451.0555
1767974400000,3112.08,3145.45,3111.0,3133.13,20323.3591
1767978000000,3133.13,3135.0,3104.66,3114.41,9986.3508
1767981600000,3114.4,3118.56,3073.65,3094.97,14495.0177
1767985200000,3094.96,3094.96,3068.94,3080.6,11358.8495
1767988800000,3080.6,3091.37,3071.26,3073.65,8536.0538
1767992400000,3073.66,3093.35,3065.23,3086.1,8500.3591
1767996000000,3086.1,3088.59,3074.4,3086.27,4038.8484
1767999600000,3086.27,3093.3,3083.8,3088.4,2994.4886
1768003200000,3088.4,3090.04,3081.7,3083.25,2909.2244
1768006800000,3083.25,3091.37,3083.24,3090.11,2570.1803
1768010400000,3090.12,3094.61,3083.37,3088.07,2261.4801
1768014000000,3088.07,3089.0,3080.1,3086.51,3062.7012
1768017600000,3086.51,3087.68,3077.99,3079.74,10703.5108
1768021200000,3079.73,3087.89,3079.73,3086.54,3337.0932
1768024800000,3086.54,3088.65,3083.37,3087.49,2522.8417
1768028400000,3087.5,3093.38,3087.49,3092.77,3716.6494
1768032000000,3092.77,3093.05,3087.37,3090.29,2414.7713
1768035600000,3090.29,3099.02,3089.39,3096.09,5162.5664
1768039200000,3096.1,3104.12,3094.06,3102.96,8254.382
1768042800000,3102.96,3104.01,3095.0,3096.99,3287.8756
1768046400000,3096.99,3104.01,3093.76,3099.46,4768.4808
1768050000000,3099.47,3099.47,3093.67,3094.94,1780.0675
1768053600000,3094.94,3096.55,3088.81,3091.64,3195.2986
1768057200000,3091.65,3096.38,3091.64,3095.64,2757.2465
1768060800000,3095.63,3097.53,3092.0,3095.35,1470.5409
1768064400000,3095.35,3099.37,3092.1,3092.95,2807.7095
1768068000000,3092.95,3094.03,3090.65,3092.85,1961.4325
1768071600000,3092.85,3093.9,3090.08,3092.12,2180.4123
1768075200000,3092.13,3093.3,3089.05,3089.71,2143.3278
1768078800000,3089.71,3090.15,3084.46,3086.09,1925.8204
1768082400000,3086.09,3089.51,3078.71,3080.74,4184.0796
1768086000000,3080.73,3089.56,3079.93,3086.72,2963.3618
1768089600000,3086.72,3092.71,3084.46,3091.98,1863.0968
1768093200000,3091.98,3095.32,3089.64,3095.31,1907.6898
1768096800000,3095.32,3097.29,3092.02,3092.49,1603.8399
1768100400000,3092.5,3097.53,3091.87,3096.78,1315.5338
1768104000000,3096.78,3099.01,3094.72,3098.22,3255.8361
1768107600000,3098.23,3102.42,3096.43,3099.32,2822.6462
1768111200000,3099.33,3101.15,3090.0,3097.19,3220.1679
1768114800000,3097.19,3098.41,3092.4,3095.32,1164.2753
1768118400000,3095.32,3108.23,3092.7,3103.38,4020.1734
1768122000000,3103.38,3109.78,3100.81,3104.42,5070.5847
1768125600000,3104.43,3108.33,3102.59,3107.76,4742.2879
1768129200000,3107.77,3107.77,3103.37,3105.22,2736.4124
1768132800000,3105.22,3116.74,3105.0,3114.16,5996.6592
1768136400000,3114.16,3116.32,3106.99,3109.46,11799.0407
1768140000000,3109.46,3129.19,3108.97,3125.46,7374.2237
1768143600000,3125.46,3131.0,3110.12,3118.22,10380.1074
1768147200000,3118.22,3147.27,3115.63,3129.44,22504.0604
1768150800000,3129.45,3133.89,3118.26,3126.89,5734.1841
1768154400000,3126.89,3133.89,3120.64,3129.44,4107.1571
1768158000000,3129.43,3133.01,3119.0,3124.36,3671.4421
1768161600000,3124.36,3124.37,3101.95,3115.1,11009.2663
1768165200000,3115.09,3126.15,3107.6,3121.11,4453.8404
1768168800000,3121.11,3121.11,3106.49,3109.61,8475.8575
1768172400000,3109.6,3125.91,3092.59,3123.45,20152.9134
1768176000000,3123.46,3127.46,3097.24,3119.9,12921.0183
1768179600000,3119.9,3137.28,3114.01,3124.9,17055.9459
1768183200000,3124.9,3167.95,3122.61,3157.65,24362.2028
1768186800000,3157.65,3171.49,3151.52,3152.55,17967.2741
1768190400000,3152.56,3163.9,3148.7,3159.42,5764.5995
1768194000000,3159.42,3166.9,3155.38,3158.89,7169.7912
1768197600000,3158.89,3166.05,3152.61,3154.79,4009.7508
1768201200000,3154.8,3161.45,3133.52,3135.34,8520.1192
1768204800000,3135.33,3147.62,3101.48,3115.47,20077.8931
1768208400000,3115.47,3124.86,3111.0,3116.31,9411.6195
1768212000000,3116.32,3119.88,3104.17,3106.88,5833.691
1768215600000,3106.87,3121.44,3106.32,3115.43,4921.8835
1768219200000,3115.43,3122.75,3112.62,3117.17,3697.8775
1768222800000,3117.17,3120.32,3105.57,3109.14,5202.9618
1768226400000,3109.14,3117.51,3065.55,3105.41,46677.9762
1768230000000,3105.37,3133.52,3092.88,3130.17,18104.92
1768233600000,3130.17,3146.66,3120.65,3130.88,20041.6852
1768237200000,3130.88,3137.02,3083.5,3104.88,20338.9454
1768240800000,3104.89,3119.26,3095.54,3108.28,9941.9102
1768244400000,3108.28,3121.96,3097.09,3121.83,6755.1383
1768248000000,3121.82,3127.75,3100.0,3102.57,5709.5292
1768251600000,3102.57,3106.8,3083.54,3092.4,10393.3777
1768255200000,3092.4,3107.43,3092.4,3095.42,7326.3952
1768258800000,3095.43,3098.96,3088.47,3095.75,5166.9625
1768262400000,3095.75,3109.96,3093.28,3108.59,7147.9522
1768266000000,3108.59,3114.39,3091.96,3097.66,5764.4479
1768269600000,3097.67,3108.42,3097.66,3101.44,3652.1654
1768273200000,3101.44,3119.01,3101.43,3116.14,5966.568
1768276800000,3116.14,3123.44,3112.46,3122.57,4807.9257
1768280400000,3122.57,3146.55,3121.6,3131.82,15633.273
1768284000000,3131.82,3137.76,3123.8,3134.41,9154.7729
1768287600000,3134.41,3135.82,3122.0,3122.01,8678.2897
1768291200000,3122.0,3137.95,3122.0,3135.99,12863.6171
1768294800000,3135.99,3148.33,3129.06,3138.57,12057.0842
1768298400000,3138.57,3141.84,3129.99,3134.73,5757.2827
1768302000000,3134.73,3139.07,3131.24,3133.95,3232.4114
1768305600000,3133.95,3137.99,3130.0,3135.12,4209.055
1768309200000,3135.13,3161.76,3130.01,3142.44,32822.4999
1768312800000,3142.43,3165.94,3130.05,3145.01,27900.0898
1768316400000,3145.01,3188.47,3133.22,3184.41,31613.5959
1768320000000,3184.41,3196.35,3172.0,3180.79,29418.0164
1768323600000,3180.8,3187.69,3172.99,3180.15,13332.5164
1768327200000,3180.16,3214.94,3178.25,3201.14,17881.7397
1768330800000,3201.15,3218.61,3191.51,3215.9,13323.6613
1768334400000,3215.91,3220.0,3190.56,3204.59,20538.0816
1768338000000,3204.6,3217.43,3201.36,3209.81,11406.1016
1768341600000,3209.81,3367.79,3209.81,3331.18,119773.0548
1768345200000,3331.19,3347.56,3314.67,3325.82,40848.079
1768348800000,3325.83,3336.56,3315.15,3324.57,22979.7064
1768352400000,3324.58,3345.0,3321.28,3336.7,27537.6018
1768356000000,3336.7,3357.56,3321.01,3327.11,22151.854
1768359600000,3327.11,3352.18,3321.0,3351.95,12874.2528
1768363200000,3351.94,3364.64,3335.64,3338.9,17282.4513
1768366800000,3338.9,3339.23,3325.6,3330.52,14908.851
1768370400000,3330.52,3335.49,3322.01,3334.33,15067.6317
1768374000000,3334.33,3342.83,3327.67,3335.78,15877.3119
1768377600000,3335.78,3342.64,3327.34,3327.35,8356.3069
1768381200000,3327.34,3335.19,3324.7,3328.32,10606.0259
1768384800000,3328.32,3333.19,3304.06,3312.99,19550.9854
1768388400000,3312.99,3313.75,3282.59,3286.22,20260.803
1768392000000,3286.22,3299.24,3280.48,3296.44,9507.7652
1768395600000,3296.43,3307.93,3289.1,3302.79,15864.151
1768399200000,3302.79,3358.0,3302.02,3349.21,41903.8479
1768402800000,3349.22,3362.17,3327.62,3345.81,40280.5619
1768406400000,3345.81,3402.89,3345.22,3370.26,54023.6594
1768410000000,3370.26,3381.32,3338.51,3342.41,28607.5029
1768413600000,3342.4,3354.16,3315.51,3339.41,20822.3928
1768417200000,3339.4,3400.01,3332.02,3367.42,32979.0721
1768420800000,3367.42,3392.94,3361.97,3383.68,20890.3401
1768424400000,3383.67,3383.67,3357.46,3372.99,11184.8055
1768428000000,3372.99,3374.42,3347.83,3349.09,11899.5582
1768431600000,3349.1,3369.5,3349.09,3354.92,8022.6368
1768435200000,3354.92,3355.8,3318.73,3331.35,12917.8436
1768438800000,3331.35,3342.85,3317.18,3325.04,9893.1101
1768442400000,3325.05,3332.42,3305.7,3314.27,11706.4511
1768446000000,3314.28,3321.66,3278.0,3286.55,23046.658
1768449600000,3286.56,3308.46,3284.84,3305.16,9144.4963
1768453200000,3305.16,3315.49,3302.58,3310.59,9819.6681
1768456800000,3310.6,3323.65,3309.64,3315.99,8891.6743
1768460400000,3316.0,3335.15,3314.4,3330.0,9082.2601
1768464000000,3329.99,3338.97,3320.17,3336.45,8650.1989
1768467600000,3336.44,3375.0,3330.05,3365.99,22634.9211
1768471200000,3365.99,3378.75,3357.18,3364.11,14070.9742
1768474800000,3364.1,3365.88,3347.38,3349.96,11073.4174
1768478400000,3349.96,3370.96,3344.07,3369.42,12251.9338
1768482000000,3369.41,3384.19,3356.93,3371.3,18455.1503
1768485600000,3371.29,3382.83,3322.57,3342.31,34277.1554
1768489200000,3342.3,3358.21,3285.79,3330.65,44402.7651
1768492800000,3330.66,3335.53,3310.0,3330.71,20592.5643
1768496400000,3330.71,3337.56,3296.49,3301.46,30647.6398
1768500000000,3301.46,3307.51,3273.72,3288.39,31969.8087
1768503600000,3288.38,3301.95,3276.96,3295.48,12453.6686
1768507200000,3295.47,3306.91,3276.7,3288.23,15230.2979
1768510800000,3288.23,3305.82,3284.28,3299.14,5345.3704
1768514400000,3299.13,3319.24,3296.33,3309.11,8186.8149
1768518000000,3309.11,3323.32,3302.24,3318.69,5248.9936
1768521600000,3318.7,3326.79,3315.98,3317.2,4153.4616
1768525200000,3317.21,3321.51,3301.99,3313.84,5888.1764
1768528800000,3313.85,3313.85,3291.89,3303.63,10480.2459
1768532400000,3303.63,3307.96,3294.64,3295.21,5710.8056
1768536000000,3295.22,3305.0,3277.04,3287.97,11605.6175
1768539600000,3287.97,3316.0,3284.22,3309.23,13335.0081
1768543200000,3309.23,3316.99,3302.7,3313.99,8022.1895
1768546800000,3314.0,3316.0,3302.21,3309.41,6192.9783
1768550400000,3309.42,3319.97,3308.53,3313.35,6873.6512
1768554000000,3313.36,3316.52,3307.09,3307.44,5533.2119
1768557600000,3307.44,3308.72,3294.49,3297.75,7600.9951
1768561200000,3297.75,3306.62,3293.33,3301.94,4979.9205
1768564800000,3301.94,3314.26,3300.49,3308.87,4977.0681
1768568400000,3308.88,3310.54,3295.52,3307.65,5606.5473
1768572000000,3307.65,3318.61,3290.64,3294.12,15123.591
1768575600000,3294.12,3311.36,3253.01,3264.18,40098.9859
1768579200000,3264.17,3288.0,3259.83,3279.03,22852.5254
1768582800000,3279.03,3286.54,3266.52,3284.22,8300.7118
1768586400000,3284.21,3288.42,3278.08,3279.11,5016.3624
1768590000000,3279.11,3279.51,3269.17,3276.94,4549.2864
1768593600000,3276.94,3294.0,3264.42,3292.82,10154.9748
1768597200000,3292.82,3299.04,3288.62,3293.97,7202.0045
1768600800000,3293.97,3295.43,3283.0,3294.1,5641.7139
1768604400000,3294.1,3299.89,3292.45,3296.28,4021.7545
1768608000000,3296.28,3297.34,3289.96,3292.91,2649.9411
1768611600000,3292.91,3295.72,3287.87,3290.68,4326.3601
1768615200000,3290.68,3292.64,3283.96,3292.24,2679.0403
1768618800000,3292.25,3292.3,3287.6,3289.32,1647.2092
1768622400000,3289.33,3292.62,3285.99,3292.14,2251.8024
1768626000000,3292.14,3294.12,3289.75,3291.56,1894.8083
1768629600000,3291.55,3293.32,3286.99,3291.4,2203.0806
1768633200000,3291.41,3292.57,3287.38,3291.57,1675.7653
1768636800000,3291.56,3296.6,3289.01,3296.48,4000.7882
1768640400000,3296.48,3303.77,3293.47,3298.75,4571.83
1768644000000,3298.76,3301.05,3295.28,3296.64,2415.7521
1768647600000,3296.64,3305.32,3292.45,3302.72,8477.7113
1768651200000,3302.72,3306.39,3300.4,3302.89,2898.3147
1768654800000,3302.89,3304.78,3299.77,3303.88,2575.8594
1768658400000,3303.88,3312.0,3301.62,3310.45,6027.8908
1768662000000,3310.45,3330.07,3308.2,3329.95,31019.5454
1768665600000,3329.95,3330.26,3312.22,3319.29,18273.8571
1768669200000,3319.28,3327.82,3317.38,3319.43,3642.4915
1768672800000,3319.43,3320.88,3315.0,3317.82,3504.6869
1768676400000,3317.83,3321.08,3314.88,3316.36,1865.9094
1768680000000,3316.36,3320.33,3315.11,3317.34,2849.9069
1768683600000,3317.34,3317.34,3307.36,3312.84,3869.3519
1768687200000,3312.84,3312.84,3297.44,3302.0,6118.5338
1768690800000,3302.01,3310.56,3301.3,3310.56,2884.5936
1768694400000,3310.56,3314.43,3303.09,3304.53,3095.0505
1768698000000,3304.52,3306.9,3296.34,3301.15,4751.1327
1768701600000,3301.15,3305.8,3296.69,3303.45,2738.6713
1768705200000,3303.45,3319.5,3303.45,3316.16,4370.1528
1768708800000,3316.15,3317.9,3309.65,3312.0,3157.412
1768712400000,3311.99,3318.36,3310.97,3316.33,4672.4656
1768716000000,3316.32,3318.18,3312.16,3315.85,4828.9957
1768719600000,3315.84,3316.11,3306.4,3307.3,6782.8935
1768723200000,3307.3,3316.79,3303.52,3315.47,6547.0089
1768726800000,3315.46,3325.14,3314.46,3323.2,9577.9692
1768730400000,3323.21,3326.2,3318.47,3325.83,7048.8883
1768734000000,3325.82,3325.83,3319.08,3322.0,3251.9227
1768737600000,3322.0,3327.13,3318.74,3322.69,2361.0297
1768741200000,3322.68,3330.57,3314.64,3325.92,8141.7375
1768744800000,3325.93,3347.75,3322.69,3324.99,17154.142
1768748400000,3324.98,3335.5,3319.02,3333.99,4837.9816
1768752000000,3334.0,3337.95,3330.05,3333.74,4301.3605
1768755600000,3333.74,3346.0,3332.11,3345.07,3382.7592
1768759200000,3345.07,3368.82,3337.15,3361.85,14195.6452
1768762800000,3361.86,3365.96,3344.57,3346.56,7097.9903
1768766400000,3346.56,3352.64,3338.13,3341.1,3888.8403
1768770000000,3341.11,3345.56,3336.92,3341.82,2802.4732
1768773600000,3341.82,3356.26,3340.04,3350.77,4621.3565
1768777200000,3350.77,3350.78,3278.86,3284.03,39746.4234
1768780800000,3284.04,3284.58,3177.68,3212.13,124613.0182
1768784400000,3212.13,3221.48,3194.47,3206.86,31822.1553
1768788000000,3206.87,3216.48,3193.96,3204.46,17141.4507
1768791600000,3204.46,3213.05,3195.19,3212.29,16094.5119
1768795200000,3212.28,3218.02,3205.45,3212.97,24789.5133
1768798800000,3212.96,3215.67,3196.39,3203.05,33144.2543
1768802400000,3203.06,3204.57,3187.88,3195.58,18341.0265
1768806000000,3195.58,3209.42,3195.58,3207.47,9992.5605
1768809600000,3207.47,3221.99,3197.3,3213.87,16942.2718
1768813200000,3213.87,3214.87,3205.54,3209.46,5601.1018
1768816800000,3209.46,3216.58,3205.52,3215.47,11163.0134
1768820400000,3215.48,3231.27,3213.36,3223.91,28599.4564
1768824000000,3223.91,3236.26,3219.48,3225.1,17269.5153
1768827600000,3225.11,3225.12,3213.09,3218.27,5767.7086
1768831200000,3218.27,3219.72,3202.85,3213.0,10163.4651
1768834800000,3213.0,3220.97,3210.33,3216.21,6477.4171
1768838400000,3216.2,3227.17,3212.72,3223.16,7947.476
1768842000000,3223.16,3226.0,3217.12,3220.0,4280.4405
1768845600000,3220.0,3221.08,3208.5,3214.9,4601.5665
1768849200000,3214.9,3224.58,3214.9,3219.95,3617.4817
1768852800000,3219.95,3225.43,3212.08,3214.31,6035.3193
1768856400000,3214.32,3221.49,3210.23,3212.78,3662.3617
1768860000000,3212.77,3214.49,3186.82,3189.0,12147.2767
1768863600000,3189.01,3197.91,3165.38,3189.55,22326.197
1768867200000,3189.56,3200.5,3176.83,3184.12,9601.2838
1768870800000,3184.12,3199.6,3175.53,3193.28,7419.1627
1768874400000,3193.28,3200.1,3179.24,3192.96,8796.6457
1768878000000,3192.97,3194.91,3184.05,3188.67,5432.0602
1768881600000,3188.68,3189.23,3168.77,3172.76,7734.3455
1768885200000,3172.76,3174.89,3152.44,3171.35,24441.4708
1768888800000,3171.36,3172.27,3109.37,3116.91,42669.4242
1768892400000,3116.91,3131.34,3112.0,3123.37,18041.7187
1768896000000,3123.37,3123.84,3085.17,3106.84,42275.7364
1768899600000,3106.84,3108.8,3088.41,3094.1,11484.0512
1768903200000,3094.1,3108.52,3091.18,3103.01,15142.1648
1768906800000,3103.01,3113.1,3103.0,3109.88,11514.5753
1768910400000,3109.88,3115.0,3102.27,3111.3,13552.4661
1768914000000,3111.31,3113.27,3074.5,3078.99,18796.1387
1768917600000,3078.99,3089.01,3034.22,3047.49,55486.5486
1768921200000,3047.49,3049.91,2995.33,3032.99,63693.7372
1768924800000,3033.0,3042.92,2998.71,3009.32,24027.0356
1768928400000,3009.31,3023.64,2984.26,2999.62,25515.9493
1768932000000,2999.62,3009.0,2987.91,2991.81,15018.3357
1768935600000,2991.81,3003.31,2980.11,2996.49,15884.6582
1768939200000,2996.49,3007.15,2986.31,3006.66,12226.3577
1768942800000,3006.66,3007.22,2990.0,2993.53,12764.7295
1768946400000,2993.53,2999.08,2920.0,2951.54,37596.9297
1768950000000,2951.53,2952.42,2930.64,2939.88,19050.9531
1768953600000,2939.88,2969.51,2921.89,2960.0,24100.4816
1768957200000,2960.01,2974.2,2955.24,2965.15,10659.339
1768960800000,2965.14,2975.41,2958.0,2961.52,9378.8659
1768964400000,2961.52,2984.64,2960.87,2981.76,8605.1952
1768968000000,2981.75,2985.61,2974.85,2979.51,5848.5744
1768971600000,2979.5,3002.0,2977.53,2993.03,13125.9514
1768975200000,2993.03,2993.58,2975.33,2980.3,6624.2495
1768978800000,2980.31,2985.67,2966.0,2970.6,18355.0756
1768982400000,2970.6,2974.59,2956.0,2965.49,15077.8309
1768986000000,2965.49,2974.87,2950.34,2954.09,9638.3813
1768989600000,2954.08,2970.12,2952.42,2963.92,6687.776
1768993200000,2963.92,2971.66,2938.0,2943.0,16453.5334
1768996800000,2943.0,2946.47,2902.0,2931.48,39943.8258
1769000400000,2931.48,2945.64,2920.51,2928.13,15478.8032
1769004000000,2928.13,2995.83,2924.56,2981.09,51363.2491
1769007600000,2981.09,3026.83,2975.17,3002.69,45958.4767
1769011200000,3002.69,3005.22,2886.0,2891.58,63238.7042
1769014800000,2891.59,2914.19,2866.11,2903.91,52720.4294
1769018400000,2903.91,2933.8,2887.88,2927.4,17887.3425
1769022000000,2927.39,3069.07,2916.6,3055.56,75387.9538
1769025600000,3055.55,3057.72,3003.45,3031.84,33543.4474
1769029200000,3031.84,3044.16,3021.3,3031.47,11046.1957
1769032800000,3031.47,3045.01,3009.1,3010.52,10684.0157
1769036400000,3010.51,3025.35,2972.69,2982.27,15992.5504
1769040000000,2982.28,3011.51,2980.73,3005.39,11865.4604
1769043600000,3005.4,3033.95,3002.73,3028.52,10091.251
1769047200000,3028.52,3038.33,3015.15,3017.72,9545.4884
1769050800000,3017.72,3030.82,2999.77,3013.41,9405.7311
1769054400000,3013.41,3025.43,3011.5,3023.04,5226.8296
1769058000000,3023.03,3027.9,3014.78,3019.8,5095.4171
1769061600000,3019.8,3027.61,3008.83,3019.13,10859.0486
1769065200000,3019.14,3022.39,3000.4,3000.94,9422.4078
1769068800000,3000.94,3008.15,2992.5,3005.75,9275.3961
1769072400000,3005.75,3016.4,3003.19,3013.63,6819.533
1769076000000,3013.63,3014.63,3000.0,3002.64,7328.6677
1769079600000,3002.63,3006.82,2977.22,2986.8,13087.3376
1769083200000,2986.8,2998.48,2978.45,2990.86,7449.8362
1769086800000,2990.86,3010.18,2962.33,2972.76,18870.8896
1769090400000,2972.76,2982.13,2935.22,2941.33,34628.086
1769094000000,2941.32,2968.39,2906.02,2942.01,45630.1979
1769097600000,2942.02,2958.53,2923.99,2946.24,17646.4965
1769101200000,2946.24,2963.83,2934.97,2961.77,10980.2225
1769104800000,2961.76,2972.76,2938.46,2939.53,11212.245
1769108400000,2939.54,2963.49,2928.33,2953.94,8618.6074
1769112000000,2953.94,2957.86,2930.15,2939.02,9826.5634
1769115600000,2939.02,2951.45,2933.75,2946.4,6588.3296
1769119200000,2946.31,2959.16,2943.33,2951.9,6729.5611
1769122800000,2951.9,2955.89,2940.82,2952.69,5457.1313
1769126400000,2952.7,2957.13,2946.22,2953.61,5040.1625
1769130000000,2953.62,2970.0,2953.08,2968.88,7415.3464
1769133600000,2968.89,2972.08,2952.83,2952.83,5463.6639
1769137200000,2952.83,2965.45,2951.92,2964.42,4150.2135
1769140800000,2964.42,2984.71,2963.0,2977.99,10015.3261
1769144400000,2977.99,2978.41,2963.83,2968.56,7833.1727
1769148000000,2968.57,2975.39,2937.85,2939.88,16426.048
1769151600000,2939.88,2951.42,2935.31,2948.49,12271.1076
1769155200000,2948.58,2951.34,2921.2,2927.64,16274.5508
1769158800000,2927.64,2935.02,2915.19,2921.17,15019.2137
1769162400000,2921.16,2935.0,2914.93,2930.95,13413.5463
1769166000000,2930.95,2946.66,2928.44,2940.68,12030.9394
1769169600000,2940.68,2940.69,2929.0,2934.86,8042.3332
1769173200000,2934.85,2943.92,2927.09,2930.79,7776.2841
1769176800000,2930.78,2942.39,2892.4,2916.07,31603.727
1769180400000,2916.07,2965.06,2899.77,2952.75,26850.2304
1769184000000,2952.66,2980.0,2938.46,2967.99,25013.5039
1769187600000,2968.0,3019.26,2959.8,2987.51,33119.1072
1769191200000,2987.51,3007.55,2978.45,2988.6,15956.1797
1769194800000,2988.6,2988.6,2946.73,2959.8,20079.1145
1769198400000,2959.79,2963.69,2930.42,2940.16,13098.679
1769202000000,2940.15,2953.07,2938.26,2943.98,3646.0107
1769205600000,2943.98,2961.92,2943.47,2960.02,5647.058
1769209200000,2960.02,2960.02,2951.0,2956.41,2229.8131
1769212800000,2956.41,2958.99,2949.27,2950.99,4133.8814
1769216400000,2951.0,2959.45,2950.0,2956.12,2183.2688
1769220000000,2956.12,2962.32,2954.69,2959.59,3290.6754
1769223600000,2959.59,2970.41,2957.25,2962.72,9572.3536
1769227200000,2962.72,2966.86,2959.49,2963.41,3230.1982
1769230800000,2963.41,2965.63,2957.39,2961.32,3560.5846
1769234400000,2961.32,2964.16,2959.13,2961.79,2039.1799
1769238000000,2961.79,2962.4,2953.99,2957.34,7722.5107
1769241600000,2957.34,2963.18,2954.77,2963.12,2867.9166
1769245200000,2963.13,2964.98,2960.1,2960.55,1548.1336
1769248800000,2960.55,2962.2,2958.75,2961.66,1666.157
1769252400000,2961.66,2964.48,2960.47,2961.18,1562.9538
1769256000000,2961.17,2965.01,2959.49,2962.64,3850.6809
1769259600000,2962.65,2963.5,2948.4,2948.92,3715.0482
1769263200000,2948.92,2959.55,2943.84,2959.48,6294.0764
1769266800000,2959.49,2968.08,2955.57,2957.25,7226.6559
1769270400000,2957.25,2961.62,2952.23,2958.9,3048.4388
1769274000000,2958.91,2966.1,2957.96,2964.3,3149.78
1769277600000,2964.31,2968.49,2961.99,2963.82,4188.8084
1769281200000,2963.82,2964.21,2952.44,2953.93,3763.0544
1769284800000,2953.94,2958.8,2953.76,2956.25,2357.1118
1769288400000,2956.26,2957.95,2949.23,2957.95,3613.1329
1769292000000,2957.95,2964.55,2957.94,2963.0,2303.2091
1769295600000,2963.0,2964.4,2952.54,2953.22,5195.0935
1769299200000,2953.23,2958.87,2952.54,2958.87,1835.3665
1769302800000,2958.86,2960.29,2950.0,2955.15,3953.2757
1769306400000,2955.16,2957.8,2953.1,2953.37,1632.8242
1769310000000,2953.38,2954.1,2937.5,2942.6,7212.5023
1769313600000,2942.59,2949.36,2940.45,2945.29,5221.9103
1769317200000,2945.29,2948.64,2942.17,2947.38,1735.8472
1769320800000,2947.39,2947.77,2935.01,2944.24,5987.1847
1769324400000,2944.24,2944.24,2938.05,2939.57,2182.5704
1769328000000,2939.58,2944.8,2921.0,2929.08,10209.794
1769331600000,2929.08,2939.16,2926.66,2935.75,6039.7226
1769335200000,2935.75,2948.11,2935.74,2945.08,5745.8939
1769338800000,2945.09,2946.49,2932.36,2937.54,4619.4614
1769342400000,2937.54,2944.95,2932.63,2942.38,6754.5443
1769346000000,2942.39,2945.37,2935.47,2941.68,4572.2923
1769349600000,2941.69,2942.69,2924.76,2932.54,9012.2128
1769353200000,2932.53,2936.12,2922.08,2926.81,4623.5708
1769356800000,2926.82,2927.78,2876.36,2896.98,58280.185
1769360400000,2896.99,2898.61,2879.05,2884.41,10051.0689
1769364000000,2884.41,2888.71,2828.05,2848.19,70206.1269
1769367600000,2848.2,2857.77,2797.2,2812.96,55358.0255
1769371200000,2812.96,2824.0,2787.0,2809.72,38916.2688
1769374800000,2809.72,2825.72,2802.57,2818.72,22999.7762
1769378400000,2818.73,2819.32,2790.0,2807.14,21128.4243
1769382000000,2807.14,2821.14,2787.0,2816.89,21907.6836
1769385600000,2816.9,2847.26,2812.37,2841.65,31383.74
1769389200000,2841.66,2898.76,2838.62,2882.69,35818.2489
1769392800000,2882.7,2885.39,2863.33,2865.98,18026.5386
1769396400000,2865.98,2872.49,2840.89,2850.68,18228.1752
1769400000000,2850.69,2875.77,2849.91,2865.98,16354.4759
1769403600000,2865.97,2873.32,2859.92,2869.65,14879.2022
1769407200000,2869.66,2891.83,2866.06,2891.64,19629.3441
1769410800000,2891.64,2911.61,2886.08,2904.32,19586.5075
1769414400000,2904.32,2934.4,2897.14,2912.29,26086.0016
1769418000000,2912.29,2913.56,2880.5,2885.87,13808.9506
1769421600000,2885.87,2901.74,2884.84,2896.28,9764.3821
1769425200000,2896.27,2900.66,2888.08,2892.15,9041.6185
1769428800000,2892.15,2915.1,2892.15,2902.69,8344.7501
1769432400000,2902.69,2911.3,2897.04,2909.67,7171.4715
1769436000000,2909.66,2934.7,2875.77,2922.74,59545.1399
1769439600000,2922.75,2951.21,2887.69,2899.32,40140.1945
1769443200000,2899.32,2918.0,2891.64,2901.5,20494.4224
1769446800000,2901.51,2915.89,2885.97,2909.42,15668.7681
1769450400000,2909.43,2932.68,2908.01,2932.01,17587.109
1769454000000,2932.0,2936.06,2918.42,2923.12,12566.3805
1769457600000,2923.11,2929.47,2898.88,2901.82,21876.3407
1769461200000,2901.82,2944.18,2895.82,2928.97,24260.468
1769464800000,2928.98,2936.88,2919.79,2927.22,10070.1796
1769468400000,2927.21,2945.32,2918.3,2930.35,14836.9277
1769472000000,2930.35,2931.27,2918.0,2921.06,10769.4464
1769475600000,2921.05,2939.95,2912.44,2932.65,11889.3556
1769479200000,2932.65,2947.42,2932.65,2945.25,19317.0803
1769482800000,2945.25,2948.88,2936.5,2941.18,16777.9882
1769486400000,2941.17,2957.04,2936.59,2940.7,20559.8451
1769490000000,2940.7,2942.08,2933.58,2939.28,12073.6646
1769493600000,2939.29,2942.53,2924.35,2929.0,13485.2139
1769497200000,2929.0,2937.52,2927.5,2929.11,6762.7827
1769500800000,2929.11,2932.65,2920.0,2923.41,9925.1233
1769504400000,2923.41,2923.41,2906.93,2907.69,17491.1512
1769508000000,2907.69,2915.7,2901.68,2903.23,16328.0809
1769511600000,2903.24,2922.1,2899.77,2917.02,11564.7888
1769515200000,2917.03,2927.94,2915.68,2918.28,8710.6261
1769518800000,2918.28,2919.38,2905.93,2912.61,6205.0358
1769522400000,2912.61,2943.63,2907.22,2918.65,29037.7268
1769526000000,2918.65,2941.71,2913.03,2937.45,23478.2224
1769529600000,2937.46,2998.52,2934.85,2990.81,55579.6578
1769533200000,2990.81,2994.5,2918.09,2930.3,38519.0303
1769536800000,2930.29,2989.77,2925.92,2978.21,23281.691
1769540400000,2978.22,2992.27,2965.61,2980.48,13249.5643
1769544000000,2980.48,3027.99,2978.92,3020.77,35359.6954
1769547600000,3020.78,3030.3,3005.43,3015.82,24179.6599
1769551200000,3015.82,3023.87,3004.69,3020.0,24001.5264
1769554800000,3020.0,3035.08,3011.22,3026.77,30245.4416
1769558400000,3026.77,3029.79,3015.74,3024.26,7944.3433
1769562000000,3024.26,3026.83,3007.5,3018.22,5944.6043
1769565600000,3018.21,3018.25,3005.49,3010.82,4589.7907
1769569200000,3010.82,3012.27,2996.55,3005.18,8513.9202
1769572800000,3005.18,3006.89,2992.89,2999.64,7746.2299
1769576400000,2999.65,3008.83,2996.5,3004.47,8328.537
1769580000000,3004.48,3018.33,3003.01,3014.47,11630.243
1769583600000,3014.47,3015.45,3002.29,3005.07,7189.0754
1769587200000,3005.07,3006.55,2988.7,2990.69,8832.5764
1769590800000,2990.68,3017.45,2986.59,3017.44,13870.6946
1769594400000,3017.45,3039.78,3013.11,3025.86,18858.1508
1769598000000,3025.86,3045.36,3014.92,3039.72,16338.2894
1769601600000,3039.71,3040.31,3023.78,3031.13,13341.1615
1769605200000,3031.14,3045.78,3029.55,3034.67,15084.4603
1769608800000,3034.68,3034.68,3007.64,3013.09,19228.2114
1769612400000,3013.09,3021.23,2983.67,3008.25,31672.6289
1769616000000,3008.25,3017.94,2996.08,2999.72,8458.6532
1769619600000,2999.72,3031.68,2989.41,3014.89,15003.7291
1769623200000,3014.89,3024.28,3000.11,3015.51,16085.9316
1769626800000,3015.51,3024.19,2996.85,3016.6,25074.3802
1769630400000,3016.6,3038.45,3008.25,3012.21,13430.9508
1769634000000,3012.21,3023.53,2996.66,3021.51,9777.4609
1769637600000,3021.51,3027.37,3008.83,3018.92,4968.0787
1769641200000,3018.92,3022.98,3008.3,3010.78,4695.5533
1769644800000,3010.78,3013.5,2995.94,3009.49,7396.7959
1769648400000,3009.48,3011.55,2987.18,2992.71,8718.9806
1769652000000,2992.71,2999.21,2944.48,2959.23,25130.6276
1769655600000,2959.24,2972.73,2947.83,2952.52,12996.3442
1769659200000,2952.52,2960.62,2937.55,2959.45,11696.74
1769662800000,2959.46,2965.69,2947.95,2951.61,6625.4673
1769666400000,2951.6,2959.5,2950.16,2955.97,5890.8201
1769670000000,2955.97,2964.93,2955.44,2961.54,6729.7559
1769673600000,2961.54,2969.79,2943.56,2952.6,15330.1663
1769677200000,2952.59,2955.2,2942.37,2942.38,9586.7934
1769680800000,2942.38,2948.95,2941.36,2944.29,6855.7262
1769684400000,2944.3,2945.42,2923.77,2929.29,14851.0774
1769688000000,2929.29,2938.67,2925.89,2936.34,5631.1151
1769691600000,2936.34,2939.0,2931.62,2936.14,3389.0588
1769695200000,2936.15,2937.02,2875.7,2876.28,28733.6143
1769698800000,2876.29,2877.49,2797.01,2824.32,102468.461
1769702400000,2824.31,2836.45,2801.58,2835.03,81033.8684
1769706000000,2835.03,2860.05,2818.76,2824.34,36994.3645
1769709600000,2824.34,2834.44,2754.53,2763.98,84813.1229
1769713200000,2763.98,2811.34,2758.18,2797.53,39427.9706
1769716800000,2797.53,2812.32,2789.39,2805.85,17205.7118
1769720400000,2805.85,2825.1,2805.36,2819.83,14512.8165
1769724000000,2819.83,2825.23,2810.55,2819.95,6498.4327
1769727600000,2819.96,2827.59,2812.77,2822.59,8770.7664
1769731200000,2822.6,2828.65,2802.58,2805.0,11904.1786
1769734800000,2805.0,2813.31,2689.0,2747.15,100722.8664
1769738400000,2747.16,2751.29,2699.16,2736.56,52452.4905
1769742000000,2736.56,2748.34,2734.3,2741.11,17234.9452
1769745600000,2741.12,2774.83,2738.11,2752.99,23751.0564
1769749200000,2753.0,2760.61,2747.01,2747.02,11869.7987
1769752800000,2747.02,2748.54,2696.82,2718.56,31051.1263
1769756400000,2718.57,2750.93,2718.14,2740.16,36461.563
1769760000000,2740.17,2748.41,2722.85,2737.43,17392.8059
1769763600000,2737.43,2743.91,2710.0,2721.93,20444.465
1769767200000,2721.93,2736.92,2711.37,2736.19,12466.4061
1769770800000,2736.19,2768.78,2734.57,2759.88,14974.5409
1769774400000,2759.87,2766.53,2738.07,2740.49,14051.82
1769778000000,2740.49,2751.24,2719.54,2730.0,22328.5989
1769781600000,2730.0,2764.82,2723.55,2737.42,35122.1108
1769785200000,2737.43,2752.84,2693.42,2729.47,51736.8733
1769788800000,2729.46,2744.55,2706.22,2726.96,30038.929
1769792400000,2726.96,2740.99,2706.66,2712.53,33260.1452
1769796000000,2712.52,2750.11,2636.01,2740.27,104151.6581
1769799600000,2740.27,2761.46,2734.66,2742.4,37551.6865
1769803200000,2742.39,2742.87,2664.82,2680.72,66480.1275
1769806800000,2680.72,2715.09,2677.6,2704.93,27224.9129
1769810400000,2704.94,2709.92,2693.21,2709.92,12130.3423
1769814000000,2709.91,2711.86,2694.59,2707.38,8476.1777
1769817600000,2707.37,2714.64,2703.27,2706.48,7010.5456
1769821200000,2706.47,2714.53,2699.13,2700.0,8314.5512
1769824800000,2700.0,2708.64,2684.67,2702.05,11096.2378
1769828400000,2702.04,2706.47,2694.72,2695.86,5186.1379
1769832000000,2695.86,2704.82,2693.0,2695.66,5813.7768
1769835600000,2695.66,2703.47,2690.8,2698.05,7984.3101
1769839200000,2698.05,2701.0,2684.14,2692.9,11530.8432
1769842800000,2692.91,2693.81,2668.2,2680.06,11148.3585
1769846400000,2680.06,2683.49,2609.85,2644.03,65964.1615
1769850000000,2644.02,2659.8,2633.71,2648.35,17355.9275
1769853600000,2648.35,2655.7,2636.54,2651.67,8989.4318
1769857200000,2651.66,2651.67,2634.69,2640.72,9642.074
1769860800000,2640.72,2644.43,2628.63,2633.55,15841.5884
1769864400000,2633.55,2636.97,2618.0,2629.14,19347.5696
1769868000000,2629.14,2636.16,2510.01,2538.69,151198.8755
1769871600000,2538.69,2554.89,2526.38,2534.2,39821.6242
1769875200000,2534.2,2551.26,2468.06,2482.71,88576.4258
1769878800000,2482.71,2495.43,2370.0,2403.39,180516.4972
1769882400000,2403.39,2417.42,2250.0,2381.08,204390.8215
1769886000000,2381.07,2433.66,2372.37,2382.82,89128.6363
1769889600000,2382.83,2407.24,2355.24,2382.61,42997.5482
1769893200000,2382.6,2423.92,2373.21,2419.6,42879.7871
1769896800000,2419.6,2424.98,2406.34,2419.59,15968.4957
1769900400000,2419.58,2473.77,2416.94,2451.95,52393.4878
1769904000000,2451.96,2475.98,2446.12,2452.18,31996.0758
1769907600000,2452.18,2455.61,2429.15,2444.7,25046.808
1769911200000,2444.7,2461.81,2440.24,2452.61,18593.7778
1769914800000,2452.61,2456.62,2438.13,2445.46,17349.576
1769918400000,2445.46,2454.66,2441.52,2448.23,14512.1428
1769922000000,2448.23,2449.44,2424.56,2430.51,27364.6736
1769925600000,2430.52,2440.0,2408.17,2418.65,39396.8089
1769929200000,2418.66,2438.79,2393.46,2411.22,41360.5907
1769932800000,2411.22,2428.37,2396.57,2412.95,26787.2595
1769936400000,2412.95,2438.22,2406.63,2432.23,13076.8797
1769940000000,2432.23,2438.98,2376.1,2381.03,35950.3688
1769943600000,2381.04,2423.9,2381.03,2411.86,24016.0062
1769947200000,2411.86,2412.47,2365.0,2396.02,35212.3148
1769950800000,2396.01,2410.53,2370.1,2381.13,16675.0461
1769954400000,2381.13,2389.57,2326.96,2373.07,58996.7022
1769958000000,2373.07,2373.07,2285.4,2315.39,104485.0708
1769961600000,2315.47,2333.15,2284.17,2304.06,65276.3945
1769965200000,2304.07,2321.94,2296.92,2313.96,66387.2351
1769968800000,2313.96,2377.99,2313.33,2350.97,62483.8957
1769972400000,2350.96,2356.0,2306.29,2320.35,42306.8961
1769976000000,2320.35,2349.24,2298.56,2316.36,49601.9957
1769979600000,2316.35,2319.57,2279.16,2290.58,42305.8418
1769983200000,2290.59,2334.9,2287.18,2319.33,30333.6734
1769986800000,2319.33,2321.69,2222.0,2270.15,137057.9126
1769990400000,2270.16,2324.17,2242.33,2293.2,60689.7837
1769994000000,2293.21,2318.66,2250.13,2291.29,43004.2794
1769997600000,2291.3,2300.51,2259.48,2262.27,39005.3798
1770001200000,2262.27,2267.67,2166.14,2239.02,155660.4702
1770004800000,2239.01,2268.0,2207.55,2240.54,41154.0244
1770008400000,2240.54,2243.11,2184.95,2198.02,61147.3626
1770012000000,2198.02,2240.5,2157.14,2227.44,141581.6742
1770015600000,2227.43,2253.16,2217.57,2228.93,57911.8795
1770019200000,2228.93,2258.62,2228.93,2249.33,37267.1747
1770022800000,2249.33,2319.0,2237.57,2291.57,56425.2896
1770026400000,2291.58,2299.67,2273.52,2277.8,41471.2155
1770030000000,2277.8,2298.01,2273.5,2282.32,67266.3649
1770033600000,2282.32,2318.13,2282.01,2311.66,36325.7143
1770037200000,2311.65,2335.9,2302.45,2327.93,29550.5716
1770040800000,2327.93,2367.68,2274.19,2328.94,115148.8907
1770044400000,2328.93,2396.62,2320.0,2372.71,79805.834
1770048000000,2372.71,2387.31,2349.9,2358.71,40086.108
1770051600000,2358.71,2381.59,2345.74,2356.54,34835.4371
1770055200000,2356.53,2359.78,2332.74,2345.22,29357.1037
1770058800000,2345.22,2351.17,2327.68,2331.54,19470.9225
1770062400000,2331.52,2340.78,2313.33,2322.07,25644.5405
1770066000000,2322.07,2345.2,2319.21,2342.04,14736.4581
1770069600000,2342.04,2354.99,2336.0,2351.29,10355.6396
1770073200000,2351.3,2355.55,2340.0,2347.02,10633.0928
1770076800000,2347.01,2355.77,2325.23,2353.98,20152.9167
1770080400000,2353.98,2359.88,2337.87,2354.68,18244.219
1770084000000,2354.69,2354.87,2297.13,2298.72,25890.3164
1770087600000,2298.72,2345.15,2284.48,2344.03,28192.8775
1770091200000,2343.99,2354.99,2333.31,2345.57,58243.0576
1770094800000,2345.57,2345.79,2315.0,2316.12,36438.2864
1770098400000,2316.13,2328.49,2298.44,2320.48,22606.6425
1770102000000,2320.48,2333.61,2312.8,2323.12,25649.6096
1770105600000,2323.13,2332.57,2309.2,2315.77,20330.0489
1770109200000,2315.77,2318.9,2262.15,2292.06,48287.7233
1770112800000,2292.06,2299.94,2276.7,2281.79,16482.4883
1770116400000,2281.79,2288.49,2270.39,2276.68,40694.3986
1770120000000,2276.68,2306.01,2272.21,2301.32,27004.257
1770123600000,2301.31,2317.65,2296.44,2312.21,22529.4225
1770127200000,2312.22,2316.96,2255.02,2257.2,50376.2654
1770130800000,2257.19,2313.43,2251.94,2303.2,65777.0774
1770134400000,2303.21,2303.4,2235.19,2240.6,107134.5482
1770138000000,2240.6,2244.58,2193.5,2195.11,111725.7898
1770141600000,2195.11,2206.98,2110.0,2120.65,171392.473
1770145200000,2120.65,2218.4,2112.08,2205.28,109307.3092
1770148800000,2205.27,2343.82,2188.25,2299.46,150442.909
1770152400000,2299.46,2337.58,2279.76,2283.92,58783.3246
1770156000000,2283.93,2286.17,2229.01,2236.38,41969.2271
1770159600000,2236.38,2248.62,2212.84,2233.72,43444.1987
1770163200000,2233.72,2256.62,2223.88,2241.02,25337.5357
1770166800000,2241.03,2281.82,2241.03,2268.64,24417.1184
1770170400000,2268.65,2276.61,2242.55,2251.82,19657.235
1770174000000,2251.82,2295.74,2249.14,2283.37,24748.6839
1770177600000,2283.37,2290.09,2270.21,2273.78,13646.1597
1770181200000,2273.78,2280.54,2256.0,2265.4,16200.6492
1770184800000,2265.39,2284.3,2258.17,2277.54,16454.6598
1770188400000,2277.54,2293.99,2263.74,2283.85,31850.2964
1770192000000,2283.84,2285.9,2266.49,2279.73,17098.8024
1770195600000,2279.73,2279.91,2251.46,2260.65,18247.5106
1770199200000,2260.65,2264.44,2250.58,2260.74,11981.4312
1770202800000,2260.74,2267.32,2221.47,2254.86,85075.0719
1770206400000,2254.86,2263.3,2226.43,2243.92,53056.3496
1770210000000,2243.91,2246.09,2197.47,2198.63,57203.3888
1770213600000,2198.63,2226.28,2168.82,2171.87,87588.5577
1770217200000,2171.87,2197.26,2136.6,2151.83,124679.7803
1770220800000,2151.84,2161.14,2106.0,2135.05,129090.864
1770224400000,2135.04,2154.59,2093.5,2126.07,137960.4338
1770228000000,2126.07,2185.63,2076.68,2147.97,139137.5754
1770231600000,2147.97,2194.71,2133.31,2188.27,69042.1496
1770235200000,2188.26,2192.7,2161.79,2172.02,32577.3889
1770238800000,2172.03,2180.9,2108.56,2129.8,41761.8834
1770242400000,2129.8,2168.46,2088.01,2120.16,55357.069
1770246000000,2120.16,2165.65,2115.47,2148.26,32572.8353
1770249600000,2148.25,2164.15,2136.81,2149.78,18420.2987
1770253200000,2149.78,2173.77,2123.04,2148.55,37524.4443
1770256800000,2148.54,2163.67,2113.32,2124.31,46882.7278
1770260400000,2124.3,2136.68,2097.94,2110.0,70425.8791
1770264000000,2110.0,2125.26,2078.32,2104.03,67759.9965
1770267600000,2104.03,2124.55,2077.7,2101.42,54676.8449
1770271200000,2101.42,2107.72,2068.2,2087.57,60204.5995
1770274800000,2087.57,2124.32,2085.72,2091.4,49914.712
1770278400000,2091.5,2121.27,2091.32,2111.76,34195.5265
1770282000000,2111.8,2149.75,2111.16,2133.45,34085.5656
1770285600000,2133.46,2140.5,2086.54,2097.72,42052.9122
1770289200000,2097.72,2105.3,2061.96,2079.98,61549.2051
1770292800000,2079.98,2092.71,2043.16,2063.99,91567.2333
1770296400000,2063.98,2080.76,2048.38,2058.64,43161.8274
1770300000000,2058.64,2106.51,2042.42,2046.6,97110.5209
1770303600000,2046.59,2054.16,1927.33,1961.12,255705.748
1770307200000,1961.12,2018.33,1944.94,1998.68,116393.9324
1770310800000,1998.68,2001.77,1943.57,1955.09,79113.8792
1770314400000,1955.09,1968.73,1913.76,1950.3,102822.6992
1770318000000,1950.35,1953.81,1918.14,1928.76,79191.6388
1770321600000,1928.78,1943.06,1825.06,1869.59,221025.504
1770325200000,1869.6,1912.35,1840.04,1850.48,133385.2568
1770328800000,1850.42,1890.17,1818.18,1870.79,80415.387
1770332400000,1870.78,1907.66,1820.46,1826.83,74700.3559
1770336000000,1826.83,1892.65,1747.8,1870.61,251543.0577
1770339600000,1870.63,1940.16,1870.37,1932.17,113407.9511
1770343200000,1932.17,1947.84,1891.46,1907.49,48456.3513
1770346800000,1907.5,1917.88,1879.24,1891.82,54548.0956
1770350400000,1891.81,1917.8,1885.95,1909.03,34232.0514
1770354000000,1909.02,1975.75,1906.6,1958.69,53356.4351
1770357600000,1958.69,1967.27,1906.89,1908.32,77948.1055
1770361200000,1908.32,1915.15,1887.29,1899.42,102231.864
1770364800000,1899.41,1907.01,1866.13,1874.46,115044.0677
1770368400000,1874.46,1929.18,1871.1,1919.0,99856.6883
1770372000000,1919.08,1934.98,1909.69,1926.94,102748.7425
1770375600000,1926.93,1939.35,1919.96,1932.68,54954.1328
1770379200000,1932.67,1932.67,1914.88,1920.91,41598.4067
1770382800000,1920.91,1962.39,1919.29,1950.31,75652.1242
1770386400000,1950.31,2002.18,1933.33,1978.88,143645.8925
1770390000000,1978.89,1997.68,1961.24,1980.81,86980.506
1770393600000,1980.8,2046.6,1970.17,2036.17,123293.1654
1770397200000,2036.17,2090.13,2027.73,2067.01,130842.5306
1770400800000,2067.01,2070.19,2030.59,2044.61,90216.463
1770404400000,2044.61,2072.0,2033.37,2065.63,63890.1338
1770408000000,2065.63,2093.94,2043.68,2054.23,62701.257
1770411600000,2054.23,2061.99,2039.93,2053.97,45338.5426
1770415200000,2053.98,2085.47,2046.08,2075.1,74012.4867
1770418800000,2075.09,2087.98,2049.28,2063.38,55812.5058
1770422400000,2063.37,2064.56,2036.75,2043.5,50106.171
1770426000000,2043.49,2066.64,2032.6,2061.94,26816.0129
1770429600000,2061.94,2065.35,2048.78,2059.39,17033.065
1770433200000,2059.39,2086.0,2057.58,2080.81,29817.873
1770436800000,2080.8,2119.46,2078.81,2087.4,56525.0803
1770440400000,2087.39,2103.99,2077.79,2083.79,21183.2482
1770444000000,2083.78,2093.52,2047.2,2047.73,24691.0955
1770447600000,2047.73,2055.7,1994.57,2027.1,78423.3222
1770451200000,2027.1,2032.6,2015.33,2019.02,30728.1943
1770454800000,2019.02,2029.84,2005.26,2014.45,21264.5431
1770458400000,2014.45,2019.56,1999.57,2010.68,21711.2423
1770462000000,2010.67,2021.79,2007.05,2018.77,16467.1097
1770465600000,2018.77,2075.21,2017.02,2041.33,65816.0049
1770469200000,2041.33,2050.43,2028.37,2041.49,50018.0773
1770472800000,2041.48,2049.53,2009.82,2020.41,24158.7138
1770476400000,2020.41,2063.46,2014.38,2052.54,31750.9613
1770480000000,2052.55,2121.7,2009.54,2050.3,389715.086
1770483600000,2050.3,2073.13,2032.96,2061.16,35198.2182
1770487200000,2061.16,2109.66,2059.0,2097.1,57697.364
1770490800000,2097.1,2101.35,2083.74,2091.29,17769.7642
1770494400000,2091.29,2115.0,2084.6,2105.32,22849.0201
1770498000000,2105.33,2110.35,2094.46,2100.42,23918.7621
1770501600000,2100.43,2107.56,2087.62,2088.58,12581.7365
1770505200000,2088.58,2095.63,2073.0,2087.08,16375.7828
1770508800000,2087.08,2094.6,2076.86,2084.58,14208.6
1770512400000,2084.58,2097.76,2082.23,2096.35,12761.0853
1770516000000,2096.36,2107.44,2082.48,2088.84,13998.5251
1770519600000,2088.9,2093.29,2077.0,2078.77,14878.0281
1770523200000,2078.78,2090.01,2064.91,2087.72,31811.9607
1770526800000,2087.72,2088.41,2078.76,2084.77,11329.9885
1770530400000,2084.76,2089.1,2077.19,2079.3,8700.9354
1770534000000,2079.3,2084.42,2064.1,2084.41,30059.004
1770537600000,2084.41,2124.55,2078.04,2116.03,31335.0345
1770541200000,2116.04,2123.0,2095.53,2100.55,17224.4959
1770544800000,2100.54,2114.17,2083.41,2096.08,17098.5035
1770548400000,2096.08,2137.57,2094.45,2132.35,27090.5667
1770552000000,2132.36,2145.26,2125.42,2131.43,25674.1248
1770555600000,2131.44,2141.0,2118.39,2126.59,28849.4265
1770559200000,2126.59,2129.49,2116.32,2128.62,13093.6203
1770562800000,2128.61,2130.78,2097.57,2108.64,24592.3278
1770566400000,2108.63,2116.08,2072.8,2080.97,21042.1406
1770570000000,2080.96,2099.31,2080.1,2092.13,12984.1554
1770573600000,2092.13,2122.13,2090.69,2109.47,16445.4041
1770577200000,2109.47,2129.73,2107.66,2126.77,10365.0023
1770580800000,2126.79,2127.25,2100.26,2104.59,10698.398
1770584400000,2104.58,2115.1,2090.0,2093.9,13436.2609
1770588000000,2093.91,2112.68,2093.83,2108.43,12301.0252
1770591600000,2108.45,2152.03,2071.6,2089.74,62858.6379
1770595200000,2089.73,2097.2,2076.33,2084.48,21165.0792
1770598800000,2084.47,2101.24,2055.01,2070.89,34537.9552
1770602400000,2070.89,2095.52,2065.71,2081.29,17975.8014
1770606000000,2081.29,2103.02,2081.29,2100.25,16548.2866
1770609600000,2100.25,2102.03,2086.66,2090.35,11919.6419
1770613200000,2090.35,2097.01,2083.75,2095.82,11072.9925
1770616800000,2095.81,2095.82,2072.43,2081.43,23279.3733
1770620400000,2081.43,2087.7,2064.67,2065.74,17690.1536
1770624000000,2065.74,2070.21,2034.56,2050.07,35682.2822
1770627600000,2050.02,2057.43,2034.61,2042.27,22439.9144
1770631200000,2042.27,2047.32,2013.25,2022.7,32691.4324
1770634800000,2022.7,2036.83,2020.89,2028.23,19415.2339
1770638400000,2028.26,2039.4,2027.53,2035.65,12709.905
1770642000000,2035.65,2050.17,2022.3,2022.52,21963.7855
1770645600000,2022.52,2049.99,2008.62,2043.7,49955.3766
1770649200000,2043.71,2073.47,2032.1,2061.61,38564.1572
1770652800000,2061.61,2109.57,2047.78,2091.21,35694.0146
1770656400000,2091.22,2136.9,2078.0,2127.33,46013.3434
1770660000000,2127.33,2143.0,2109.53,2130.67,39034.997
1770663600000,2130.67,2138.35,2119.25,2131.34,21945.8985
1770667200000,2131.34,2147.73,2118.34,2124.86,28564.2455
1770670800000,2124.87,2129.78,2089.0,2122.24,33056.3029
1770674400000,2122.24,2125.9,2111.4,2115.22,20709.8515
1770678000000,2115.22,2122.47,2101.67,2105.02,12748.5326
1770681600000,2105.02,2112.92,2096.49,2096.72,9634.8762
1770685200000,2096.72,2124.71,2096.4,2117.35,10400.3261
1770688800000,2117.35,2121.71,2102.73,2108.18,8793.3049
1770692400000,2108.18,2110.7,2052.14,2064.96,34934.118
1770696000000,2064.96,2074.35,2062.91,2070.44,11716.025
1770699600000,2070.44,2072.0,2045.57,2053.07,19759.3306
1770703200000,2053.07,2057.71,1997.59,2008.79,122549.3209
1770706800000,2008.79,2019.84,1999.99,2007.47,41588.8804
1770710400000,2007.47,2017.47,1995.83,2014.88,54492.8274
1770714000000,2014.87,2029.98,2009.87,2016.8,30100.6221
1770717600000,2016.8,2022.02,2009.54,2014.01,14015.9975
1770721200000,2014.0,2022.82,2001.05,2003.21,15977.348
1770724800000,2003.2,2017.52,2002.6,2008.16,12071.21
1770728400000,2008.15,2027.68,1999.0,2022.49,22866.5166
1770732000000,2022.49,2040.01,1989.38,2009.8,39644.3129
1770735600000,2009.79,2029.99,2004.02,2022.66,32239.0635
1770739200000,2022.67,2037.75,2012.22,2026.09,18282.0513
1770742800000,2026.08,2046.94,2020.0,2040.2,14256.8127
1770746400000,2040.2,2042.65,1996.18,2009.44,20737.0545
1770750000000,2009.44,2025.72,2003.74,2017.95,10033.8951
1770753600000,2017.95,2021.52,2004.75,2011.55,6872.1653
1770757200000,2011.56,2017.95,1997.0,2008.45,8420.299
1770760800000,2008.46,2020.35,2007.11,2017.95,7117.0681
1770764400000,2017.95,2022.85,2012.64,2022.67,7818.2647
1770768000000,2022.67,2029.66,2019.29,2025.41,6888.5148
1770771600000,2025.41,2031.02,2016.6,2024.45,7138.6739
1770775200000,2024.45,2032.31,2014.39,2017.85,6254.7626
1770778800000,2017.84,2021.38,1998.0,2009.59,12912.1584
1770782400000,2009.59,2011.23,1963.29,1971.39,34552.9842
1770786000000,1971.4,1981.4,1971.28,1974.45,9363.0101
1770789600000,1974.45,1977.49,1939.21,1949.19,40991.6462
1770793200000,1949.19,1958.57,1945.5,1950.89,15621.0381
1770796800000,1950.9,1953.72,1937.11,1950.12,14519.1648
1770800400000,1950.13,1954.32,1943.31,1947.0,9783.0834
1770804000000,1947.0,1947.0,1932.02,1939.3,13999.7793
1770807600000,1939.29,1956.52,1936.75,1953.66,11530.9247
1770811200000,1953.65,1967.1,1949.08,1952.34,15263.0539
1770814800000,1952.34,1968.93,1942.82,1960.6,33012.4368
1770818400000,1960.6,2015.81,1937.23,1943.3,75602.5202
1770822000000,1943.34,1950.49,1903.19,1929.46,66920.5784
1770825600000,1929.46,1956.34,1910.02,1915.33,34074.7241
1770829200000,1915.34,1942.48,1908.8,1929.88,24595.9198
1770832800000,1929.95,1948.57,1915.71,1944.03,22146.2139
1770836400000,1944.02,1959.8,1938.28,1952.28,22517.9407
1770840000000,1952.27,1958.84,1940.49,1954.23,11739.0169
1770843600000,1954.24,1988.07,1950.92,1970.45,17835.2932
1770847200000,1970.46,1973.25,1948.35,1951.47,10030.0385
1770850800000,1951.47,1956.95,1932.44,1941.18,12362.3408
1770854400000,1941.19,1963.53,1941.19,1958.8,9494.7021
1770858000000,1958.81,1977.75,1958.81,1965.94,11412.1095
1770861600000,1965.93,1971.91,1955.39,1958.69,12120.1321
1770865200000,1958.7,1969.11,1957.19,1968.69,9159.6666
1770868800000,1968.7,1975.35,1960.29,1965.78,12225.7973
1770872400000,1965.78,1971.95,1953.14,1970.69,11882.6553
1770876000000,1970.69,1983.0,1965.51,1975.06,13953.5182
1770879600000,1975.06,1977.92,1966.19,1968.07,14432.7233
1770883200000,1968.07,1973.92,1957.25,1965.52,15136.9835
1770886800000,1965.52,1989.67,1963.28,1982.43,14651.4079
1770890400000,1982.43,1995.73,1977.57,1994.15,12025.198
1770894000000,1994.16,2001.42,1983.71,1989.02,15103.4989
1770897600000,1989.02,1990.75,1974.85,1980.85,12244.5334
1770901200000,1980.85,1996.3,1975.5,1994.99,11624.9909
1770904800000,1994.99,1996.05,1973.41,1978.5,23170.373
1770908400000,1978.5,1984.81,1945.01,1948.47,33288.1881
1770912000000,1948.48,1950.16,1897.24,1909.18,74532.6092
1770915600000,1909.18,1927.52,1902.9,1910.42,30755.3961
1770919200000,1910.42,1925.51,1901.82,1918.65,22178.8219
1770922800000,1918.66,1941.09,1911.76,1925.44,22583.6239
1770926400000,1925.45,1932.16,1909.66,1915.85,14922.6545
1770930000000,1915.88,1927.88,1914.37,1923.51,6977.4619
1770933600000,1923.52,1945.8,1920.46,1942.97,10377.9361
1770937200000,1942.96,1952.61,1939.43,1947.85,13312.1652
1770940800000,1947.85,1954.54,1927.63,1933.26,11537.0198
1770944400000,1933.26,1950.02,1933.26,1943.63,7599.6539
1770948000000,1943.64,1952.0,1940.88,1948.3,7231.8917
1770951600000,1948.31,1958.21,1944.5,1953.55,10786.2303
1770955200000,1953.56,1955.8,1943.8,1944.78,11010.5524
1770958800000,1944.77,1946.85,1933.41,1934.19,8403.2097
1770962400000,1934.19,1939.26,1924.72,1936.57,10656.8388
1770966000000,1936.57,1948.6,1932.78,1935.75,13543.5401
1770969600000,1935.75,1964.04,1933.65,1958.95,17601.7804
1770973200000,1958.96,1966.73,1953.04,1962.0,20596.5888
1770976800000,1962.0,1969.26,1956.7,1959.4,11783.4092
1770980400000,1959.41,1962.05,1945.84,1960.04,12384.6416
1770984000000,1960.05,1964.59,1952.6,1960.95,9051.4062
1770987600000,1960.95,1981.11,1956.02,1970.59,26265.7027
1770991200000,1970.58,2002.21,1963.14,1990.86,51023.0524
1770994800000,1990.88,2050.58,1987.2,2034.93,68806.4179
1770998400000,2034.92,2073.68,2031.42,2061.43,42726.9652
1771002000000,2061.43,2068.35,2049.64,2059.39,24152.4133
1771005600000,2059.4,2064.65,2050.64,2057.4,11647.9476
1771009200000,2057.41,2061.67,2052.2,2057.75,11688.6471
1771012800000,2057.74,2059.65,2038.69,2045.61,14978.3346
1771016400000,2045.61,2058.46,2045.04,2054.02,9217.6034
1771020000000,2054.03,2059.39,2045.07,2054.2,7343.465
1771023600000,2054.2,2054.41,2046.57,2048.72,5612.4577
1771027200000,2048.72,2056.06,2042.37,2055.2,6195.3393
1771030800000,2055.2,2057.57,2050.29,2054.35,4889.2271
1771034400000,2054.35,2054.46,2048.1,2050.22,5703.7006
1771038000000,2050.22,2056.27,2048.48,2054.37,4210.9221
1771041600000,2054.39,2058.0,2052.77,2053.57,5108.1042
1771045200000,2053.56,2056.32,2050.86,2051.29,4685.4897
1771048800000,2051.28,2054.62,2048.5,2053.68,3821.8778
1771052400000,2053.68,2060.49,2050.69,2057.21,6753.7238
1771056000000,2057.2,2091.32,2057.04,2082.35,26811.4703
1771059600000,2082.35,2088.64,2075.91,2078.24,8333.0145
1771063200000,2078.24,2078.25,2072.57,2077.42,4025.0517
1771066800000,2077.43,2107.67,2077.1,2099.58,19687.4197
1771070400000,2099.58,2100.39,2068.09,2070.97,20672.5468
1771074000000,2070.97,2076.05,2064.58,2071.54,12885.3038
1771077600000,2071.54,2088.81,2069.34,2085.09,10445.1153
1771081200000,2085.1,2093.73,2080.55,2087.43,11176.67
1771084800000,2087.42,2087.89,2067.27,2082.83,21781.519
1771088400000,2082.84,2089.28,2077.49,2080.23,6872.6908
1771092000000,2080.23,2086.61,2078.77,2085.39,4417.1196
1771095600000,2085.39,2090.51,2078.56,2088.52,5699.5631
1771099200000,2088.52,2092.95,2081.24,2089.82,5072.2237
1771102800000,2089.83,2098.89,2078.63,2085.87,10624.3669
1771106400000,2085.86,2094.68,2083.66,2090.47,5214.7206
1771110000000,2090.46,2093.01,2083.7,2086.59,5590.0551
1771113600000,2086.59,2090.5,2072.74,2080.11,8335.0483
1771117200000,2080.11,2085.02,2053.81,2064.19,15258.9343
1771120800000,2064.18,2072.41,2045.0,2059.58,49424.3031
1771124400000,2059.59,2063.34,2030.9,2058.94,168472.1017
1771128000000,2058.94,2087.13,2058.94,2076.31,23173.06
1771131600000,2076.31,2096.11,2075.12,2088.68,13517.585
1771135200000,2088.67,2094.71,2082.61,2085.85,9082.319
1771138800000,2085.85,2103.32,2082.47,2091.41,34761.7286
1771142400000,2091.41,2096.82,2055.92,2069.2,27316.0929
1771146000000,2069.2,2078.86,2066.02,2068.7,9469.0133
1771149600000,2068.7,2070.26,2054.36,2061.57,10415.5493
1771153200000,2061.56,2067.01,2058.61,2061.96,4891.9191
1771156800000,2061.96,2068.63,2011.0,2011.0,27452.0817
1771160400000,2011.0,2028.34,1994.05,2002.46,48992.1893
1771164000000,2002.45,2012.43,1993.3,2010.32,23471.8499
1771167600000,2010.32,2015.07,2002.5,2011.29,15790.3985
1771171200000,2011.29,2011.3,1993.35,2006.27,52142.1239
1771174800000,2006.27,2009.05,1957.9,1971.3,39397.2103
1771178400000,1971.3,1981.36,1952.62,1959.24,86430.6925
1771182000000,1959.24,1961.96,1928.88,1942.23,111713.6846
1771185600000,1942.22,1958.54,1933.77,1950.11,16989.637
1771189200000,1950.11,1965.77,1950.0,1958.55,9995.153
1771192800000,1958.55,1974.51,1956.58,1970.27,9431.4963
1771196400000,1970.27,1970.89,1944.36,1966.58,18853.9236
1771200000000,1966.59,1979.3,1963.35,1969.11,17601.4525
1771203600000,1969.11,1981.2,1957.0,1963.06,11795.9275
1771207200000,1963.06,1966.79,1952.3,1957.0,8676.6599
1771210800000,1957.01,1959.81,1948.76,1958.78,9328.3216
1771214400000,1958.78,1973.19,1958.34,1973.06,9289.7666
1771218000000,1973.05,1974.17,1952.91,1958.0,10870.1372
1771221600000,1957.99,1967.58,1955.94,1966.69,6224.5302
1771225200000,1966.69,1978.64,1964.32,1971.13,12111.0474
1771228800000,1971.14,1978.51,1970.0,1977.31,7824.2263
1771232400000,1977.31,1993.35,1976.16,1987.67,19499.8904
1771236000000,1987.66,1988.91,1977.51,1978.88,7219.1525
1771239600000,1978.88,1983.87,1957.12,1976.15,17076.6315
1771243200000,1976.16,2009.52,1972.46,2006.24,17839.9282
1771246800000,2006.25,2023.51,1961.23,1967.7,39101.6427
1771250400000,1967.69,1983.45,1954.97,1973.13,18232.334
1771254000000,1973.13,1986.12,1937.24,1956.65,35682.8156
1771257600000,1956.65,1980.04,1956.31,1973.75,22180.4766
1771261200000,1973.75,1988.4,1964.48,1978.99,16573.7081
1771264800000,1978.99,1985.68,1967.1,1968.93,10273.7227
1771268400000,1968.94,1979.74,1966.22,1974.04,8089.6023
1771272000000,1974.04,1994.34,1971.1,1993.2,13720.2978
1771275600000,1993.2,2004.02,1986.2,1999.14,12003.6883
1771279200000,1999.13,2002.54,1984.39,1990.19,11617.8339
1771282800000,1990.19,2002.52,1988.72,1998.33,8514.1495
1771286400000,1998.34,2005.77,1993.41,1998.44,7247.1782
1771290000000,1998.45,2008.05,1991.0,1991.82,7619.5607
1771293600000,1991.8,2008.58,1979.7,1998.59,16392.9806
1771297200000,1998.6,1999.22,1984.73,1985.7,8720.5727
1771300800000,1985.69,1998.48,1982.23,1989.44,9943.1886
1771304400000,1989.44,1991.05,1964.72,1975.68,17831.9284
1771308000000,1975.68,1985.07,1975.67,1981.02,6772.8404
1771311600000,1981.02,1988.22,1973.32,1985.91,10442.2239
1771315200000,1985.91,1990.88,1973.95,1977.08,13060.6464
1771318800000,1977.07,1979.99,1969.79,1976.16,13678.9128
1771322400000,1976.15,1978.77,1961.71,1966.93,13184.1419
1771326000000,1966.92,1972.5,1964.28,1968.47,7332.665
1771329600000,1968.47,1977.02,1967.21,1969.76,11194.8099
1771333200000,1969.76,1999.72,1964.74,1990.53,19708.1928
1771336800000,1990.53,2002.7,1944.3,1948.49,50708.5711
1771340400000,1948.5,1969.66,1941.66,1968.58,35993.6945
1771344000000,1968.59,2010.47,1967.65,1980.36,43955.8094
1771347600000,1980.37,1984.05,1954.03,1966.27,24967.607
1771351200000,1966.28,2007.02,1961.73,1998.69,25370.9819
1771354800000,1998.7,2015.33,1995.07,1998.14,23332.8204
1771358400000,1998.15,2001.5,1987.57,1994.71,14385.5431
1771362000000,1994.71,2002.79,1992.34,1999.74,6350.1913
1771365600000,1999.74,2004.0,1992.39,1993.92,6910.2358
1771369200000,1993.91,1998.19,1989.67,1991.66,11141.6459
1771372800000,1991.67,1997.89,1981.18,1981.54,10638.9469
1771376400000,1981.54,1984.18,1968.68,1978.07,16454.555
1771380000000,1978.08,1992.83,1977.57,1987.61,12379.751
1771383600000,1987.61,2000.56,1986.86,1997.07,9221.4102
1771387200000,1997.08,2002.78,1993.35,1999.15,10445.9513
1771390800000,1999.18,2002.91,1996.0,1996.49,5731.646
1771394400000,1996.5,2008.62,1995.56,2002.06,5869.8955
1771398000000,2002.06,2023.52,1996.71,2018.07,15598.0276
1771401600000,2018.06,2039.05,2017.17,2020.7,19799.3854
1771405200000,2020.69,2022.75,2015.82,2016.69,8508.1525
1771408800000,2016.69,2018.28,1995.55,1997.27,13627.4399
1771412400000,1997.27,1998.3,1976.57,1981.43,18516.9861
1771416000000,1981.44,1989.38,1971.66,1982.47,17377.6175
1771419600000,1982.48,1991.91,1961.56,1970.68,18828.9728
1771423200000,1970.67,1976.85,1954.3,1974.66,38349.6129
1771426800000,1974.65,2010.3,1973.58,1985.48,33886.8033
1771430400000,1985.48,1985.67,1965.0,1971.78,24137.2433
1771434000000,1971.78,1987.89,1970.81,1974.57,10635.9022
1771437600000,1974.58,1977.59,1949.21,1952.62,25111.7124
1771441200000,1952.62,1961.57,1923.78,1941.03,35636.1392
1771444800000,1941.04,1952.79,1935.82,1939.67,16433.1338
1771448400000,1939.68,1948.37,1935.94,1942.0,9781.7132
1771452000000,1941.96,1950.14,1939.92,1948.24,5923.7736
1771455600000,1948.24,1956.79,1944.62,1955.91,10744.237
1771459200000,1955.9,1961.22,1950.5,1956.54,5924.9446
1771462800000,1956.54,1974.73,1956.42,1967.01,9009.3842
1771466400000,1967.01,1973.0,1962.77,1968.06,6281.322
1771470000000,1968.06,1973.44,1963.14,1972.33,4860.7223
1771473600000,1972.32,1979.84,1969.21,1969.5,10857.5236
1771477200000,1969.51,1972.72,1964.2,1970.33,7950.2114
1771480800000,1970.32,1985.0,1970.04,1982.92,7290.369
1771484400000,1982.93,1987.55,1979.05,1981.76,8023.7906
1771488000000,1981.76,1982.54,1966.35,1970.5,9542.8548
1771491600000,1970.5,1980.51,1961.64,1963.79,9144.5692
1771495200000,1963.8,1968.65,1957.45,1959.64,10708.9231
1771498800000,1959.65,1964.56,1948.16,1949.58,13812.2789
1771502400000,1949.59,1956.18,1945.09,1947.3,10698.5402
1771506000000,1947.3,1948.22,1911.49,1921.4,31694.4831
1771509600000,1921.4,1948.52,1912.07,1936.87,29110.3982
1771513200000,1936.87,1947.78,1913.24,1926.3,31392.0646
1771516800000,1926.29,1929.93,1907.0,1922.07,18684.1929
1771520400000,1922.08,1944.57,1910.77,1920.72,19336.2092
1771524000000,1920.71,1944.67,1916.59,1939.99,14820.3373
1771527600000,1940.0,1947.52,1927.84,1941.34,10603.4617
1771531200000,1941.33,1952.0,1934.79,1950.29,11823.375
1771534800000,1950.29,1952.57,1945.77,1948.5,6871.6141
1771538400000,1948.5,1948.82,1937.09,1943.96,6898.7347
1771542000000,1943.96,1951.33,1942.29,1949.08,4916.7686
1771545600000,1949.08,1964.54,1947.41,1957.56,9537.7165
1771549200000,1957.57,1961.56,1950.03,1953.76,5450.5448
1771552800000,1953.77,1956.7,1948.17,1949.69,6151.3061
1771556400000,1949.69,1960.64,1949.69,1954.85,7546.8054
1771560000000,1954.85,1956.15,1931.01,1939.17,17059.9424
1771563600000,1939.17,1965.5,1936.21,1955.23,13605.4302
1771567200000,1955.23,1960.36,1949.82,1958.47,11046.3006
1771570800000,1958.47,1968.55,1956.98,1960.97,14254.4493
1771574400000,1960.93,1966.32,1957.12,1960.0,8987.2822
1771578000000,1960.0,1972.27,1959.91,1968.15,17267.7588
1771581600000,1968.15,1973.86,1956.55,1957.54,13226.2033
1771585200000,1957.53,1957.58,1940.58,1943.98,19265.1571
1771588800000,1943.99,1951.65,1942.39,1949.82,14375.6202
1771592400000,1949.82,1949.83,1922.97,1934.11,25969.8241
1771596000000,1934.11,1954.28,1933.07,1943.7,18771.1565
1771599600000,1943.7,1980.49,1935.4,1963.95,62826.6743
1771603200000,1963.96,1973.5,1953.86,1968.62,31207.2409
1771606800000,1968.62,1970.94,1939.21,1966.57,28092.6734
1771610400000,1966.56,1981.18,1959.89,1975.56,26074.1518
1771614000000,1975.55,1978.15,1961.67,1963.69,9581.1465
1771617600000,1963.69,1971.36,1961.6,1971.05,5525.9052
1771621200000,1971.04,1975.27,1967.19,1974.38,5270.0343
1771624800000,1974.37,1974.37,1964.4,1971.4,7586.0404
1771628400000,1971.39,1973.27,1963.54,1968.88,7574.1914
1771632000000,1968.88,1969.47,1961.47,1963.22,3689.9173
1771635600000,1963.23,1969.09,1963.0,1966.24,4693.7026
1771639200000,1966.25,1970.7,1964.83,1965.69,2629.8557
1771642800000,1965.69,1966.0,1955.62,1959.03,5567.7217
1771646400000,1959.03,1963.29,1956.21,1962.4,4120.7006
1771650000000,1962.4,1964.43,1961.2,1962.86,3515.3606
1771653600000,1962.86,1966.09,1960.52,1961.5,4038.7432
1771657200000,1961.5,1964.84,1960.0,1962.71,2646.7788
1771660800000,1962.7,1971.18,1962.0,1969.0,7080.4819
1771664400000,1969.01,1977.66,1967.2,1970.28,12055.1318
1771668000000,1970.28,1974.88,1969.09,1974.17,6008.2394
1771671600000,1974.17,1988.6,1973.85,1977.02,15667.8925
1771675200000,1977.02,1978.17,1969.49,1975.99,6999.5633
1771678800000,1975.99,1981.4,1972.63,1981.18,6317.4235
1771682400000,1981.18,1995.56,1978.09,1987.52,24404.4209
1771686000000,1987.51,1993.0,1984.25,1988.13,11101.6253
1771689600000,1988.13,1989.64,1976.41,1986.33,13460.1335
1771693200000,1986.34,1992.1,1984.26,1988.95,6840.0562
1771696800000,1988.95,1995.31,1987.77,1991.97,7986.1033
1771700400000,1991.97,1994.77,1987.86,1988.35,5053.466
1771704000000,1988.34,1990.41,1973.53,1974.14,9505.7552
1771707600000,1974.14,1982.79,1970.0,1982.04,6233.462
1771711200000,1982.04,1982.47,1972.02,1974.4,6109.6367
1771714800000,1974.39,1977.78,1971.08,1973.35,3447.6736
1771718400000,1973.35,1975.6,1967.75,1972.87,6008.3015
1771722000000,1972.87,1979.87,1972.61,1977.37,5083.1373
1771725600000,1977.38,1982.99,1972.21,1972.23,4860.7958
1771729200000,1972.23,1976.26,1967.4,1974.71,4955.8985
1771732800000,1974.71,1976.16,1970.2,1973.62,4191.9092
1771736400000,1973.63,1975.11,1971.06,1974.97,3675.8565
1771740000000,1974.97,1979.54,1974.29,1976.05,4322.9772
1771743600000,1976.06,1978.78,1974.58,1975.88,4020.6584
1771747200000,1975.87,1977.05,1970.58,1973.39,3464.4699
1771750800000,1973.4,1976.26,1971.72,1975.83,3255.7516
1771754400000,1975.83,1980.01,1975.02,1977.5,4793.5056
1771758000000,1977.51,1983.13,1977.51,1980.78,6265.0842
1771761600000,1980.79,1981.6,1961.84,1966.37,12687.4759
1771765200000,1966.37,1968.69,1945.0,1950.95,17873.0243
1771768800000,1950.95,1954.6,1943.53,1950.64,10915.5928
1771772400000,1950.65,1958.72,1945.86,1953.98,8948.8048
1771776000000,1953.99,1955.56,1947.53,1952.53,10039.4499
1771779600000,1952.52,1953.6,1935.0,1940.27,12200.5295
1771783200000,1940.27,1944.11,1938.39,1942.95,4324.0072
1771786800000,1942.95,1945.92,1940.05,1943.74,2450.5043
1771790400000,1943.73,1945.98,1939.81,1940.99,2422.2064
1771794000000,1941.0,1952.27,1941.0,1950.39,5948.999
1771797600000,1950.4,1960.89,1946.61,1958.54,6012.482
1771801200000,1958.53,1960.95,1948.62,1957.82,6604.2264
1771804800000,1957.82,1958.33,1928.71,1929.42,18435.2398
1771808400000,1929.42,1929.42,1847.46,1856.88,107679.144
1771812000000,1856.88,1868.67,1851.39,1863.24,24157.7376
1771815600000,1863.25,1871.98,1856.17,1862.87,17198.7699
1771819200000,1862.88,1864.94,1853.34,1860.17,11872.4387
1771822800000,1860.17,1870.67,1860.0,1866.08,15346.9253
1771826400000,1866.08,1883.2,1864.29,1879.52,17881.7123
1771830000000,1879.52,1888.71,1876.93,1885.5,21104.9996
1771833600000,1885.5,1889.77,1877.23,1880.62,12507.7469
1771837200000,1880.63,1918.82,1880.63,1918.0,18360.4707
1771840800000,1917.99,1928.19,1912.29,1913.94,23296.5445
1771844400000,1913.95,1920.59,1911.1,1915.3,15298.7991
1771848000000,1915.29,1926.53,1905.71,1919.99,29364.5385
1771851600000,1920.0,1935.52,1918.78,1921.9,16082.054
1771855200000,1921.9,1925.48,1895.0,1906.92,25345.2872
1771858800000,1906.92,1913.23,1892.68,1895.65,17508.2211
1771862400000,1895.65,1900.18,1881.2,1884.72,27144.3534
1771866000000,1884.73,1888.17,1837.13,1863.92,49519.889
1771869600000,1863.92,1874.12,1854.6,1857.75,23279.0907
1771873200000,1857.75,1864.75,1847.2,1857.19,18636.5723
1771876800000,1857.19,1862.49,1846.8,1860.56,14636.3465
1771880400000,1860.55,1869.31,1858.56,1863.59,8570.3931
1771884000000,1863.59,1870.0,1859.72,1859.93,6871.8835
1771887600000,1859.94,1866.95,1850.95,1856.3,7260.3292
1771891200000,1856.3,1869.58,1855.34,1867.96,9157.3062
1771894800000,1867.95,1867.99,1811.81,1840.95,40396.0586
1771898400000,1840.95,1854.46,1837.15,1843.54,12161.91
1771902000000,1843.54,1843.54,1823.24,1832.03,18172.7946
1771905600000,1832.03,1833.82,1813.77,1830.81,19146.1198
1771909200000,1830.8,1840.79,1814.01,1826.26,22890.475
1771912800000,1826.25,1831.35,1817.99,1820.86,12662.403
1771916400000,1820.87,1831.89,1815.23,1825.7,18837.2692
1771920000000,1825.7,1836.18,1818.52,1831.57,15506.6159
1771923600000,1831.56,1834.69,1815.22,1827.14,15818.8683
1771927200000,1827.15,1829.68,1820.57,1825.88,13127.0018
1771930800000,1825.88,1827.36,1818.08,1826.75,19078.3384
1771934400000,1826.75,1830.29,1821.07,1823.92,11156.188
1771938000000,1823.92,1827.5,1800.0,1815.73,27668.2331
1771941600000,1815.72,1847.99,1803.48,1834.73,40891.5399
1771945200000,1834.73,1850.29,1828.46,1847.59,31496.7887
1771948800000,1847.59,1863.33,1838.36,1858.56,27165.2043
1771952400000,1858.57,1865.38,1849.55,1855.43,25214.2916
1771956000000,1855.43,1860.67,1845.46,1855.08,12199.6586
1771959600000,1855.08,1862.63,1847.05,1852.46,9800.1897
1771963200000,1852.47,1862.36,1849.5,1858.58,6842.4044
1771966800000,1858.57,1858.57,1845.41,1854.17,8846.6793
1771970400000,1854.17,1864.11,1852.92,1860.56,7923.1468
1771974000000,1860.56,1860.61,1851.63,1851.94,11904.5432
1771977600000,1851.95,1856.68,1846.74,1851.98,5821.5512
1771981200000,1851.98,1924.84,1850.49,1918.34,52073.9922
1771984800000,1918.34,1944.86,1918.12,1920.97,30910.282
1771988400000,1920.97,1922.81,1903.35,1906.14,16453.4618
1771992000000,1906.14,1914.35,1894.37,1906.3,16090.4173
1771995600000,1906.31,1908.3,1878.02,1887.98,18671.3654
1771999200000,1887.98,1896.71,1884.83,1885.05,9969.6751
1772002800000,1885.06,1895.58,1882.44,1893.31,10031.5014
1772006400000,1893.32,1913.9,1890.27,1910.29,13325.2926
1772010000000,1910.29,1917.83,1907.49,1915.19,12124.8111
1772013600000,1915.18,1923.43,1910.22,1912.61,10393.5316
1772017200000,1912.62,1928.45,1907.76,1926.48,13682.7133
1772020800000,1926.48,1956.79,1922.28,1953.43,28466.2433
1772024400000,1953.44,1976.89,1952.47,1964.57,29844.2399
1772028000000,1964.57,2001.65,1962.14,1997.38,46629.0012
1772031600000,1997.38,2028.7,1986.72,2013.73,54106.0004
1772035200000,2013.69,2049.18,2013.36,2046.33,41815.8619
1772038800000,2046.34,2086.17,2044.28,2073.9,52395.6223
1772042400000,2073.9,2081.2,2056.93,2074.12,30666.6317
1772046000000,2074.11,2074.9,2060.05,2071.1,20148.6445
1772049600000,2071.1,2083.99,2058.37,2075.0,28425.5492
1772053200000,2074.99,2148.39,2065.84,2100.33,72931.0504
1772056800000,2100.33,2115.41,2073.79,2083.15,34986.5886
1772060400000,2083.14,2087.0,2034.39,2057.48,33015.4094
1772064000000,2057.48,2076.6,2047.83,2062.36,22284.1984
1772067600000,2062.36,2066.95,2049.74,2058.34,15006.9545
1772071200000,2058.35,2059.06,2039.37,2053.28,12368.7859
1772074800000,2053.28,2059.35,2047.35,2054.55,9377.3741
1772078400000,2054.55,2082.81,2051.92,2075.01,23573.5254
1772082000000,2075.0,2075.55,2056.7,2066.13,11872.4705
1772085600000,2066.13,2076.5,2059.54,2062.54,12915.98
1772089200000,2062.54,2068.29,2051.55,2053.37,12926.6351
1772092800000,2053.36,2059.0,2044.36,2054.43,18628.8111
1772096400000,2054.43,2078.24,2052.79,2074.94,16397.1081
1772100000000,2074.93,2083.33,2062.19,2065.31,11777.5046
1772103600000,2065.31,2067.45,2053.46,2057.66,10700.8354
1772107200000,2057.65,2071.76,2055.53,2070.0,8818.2351
1772110800000,2069.99,2073.95,2061.09,2065.23,10459.4668
1772114400000,2065.22,2077.81,2034.63,2051.19,38526.4365
1772118000000,2051.19,2053.43,2011.56,2033.34,53604.6883
1772121600000,2033.34,2037.78,1978.77,1983.8,46583.7566
1772125200000,1983.8,1998.98,1982.3,1988.43,22310.0391
1772128800000,1988.42,2009.45,1975.35,2004.23,23771.1683
1772132400000,2004.23,2034.4,2003.58,2030.14,26957.7929
1772136000000,2030.13,2042.75,2021.64,2023.67,16050.133
1772139600000,2023.67,2034.99,2018.33,2030.36,5486.3481
1772143200000,2030.36,2037.51,2027.26,2033.29,4396.4027
1772146800000,2033.29,2033.64,2024.38,2027.68,4988.7061
1772150400000,2027.68,2030.86,2008.34,2014.79,7570.5945
1772154000000,2014.79,2022.6,2000.02,2021.9,28681.5096
1772157600000,2021.89,2034.52,2019.37,2026.0,8985.7077
1772161200000,2026.01,2049.48,2019.5,2045.39,9221.7961
1772164800000,2045.39,2063.52,2039.84,2042.64,21685.0635
1772168400000,2042.64,2049.43,2038.71,2041.61,7895.433
1772172000000,2041.6,2042.95,2027.53,2035.91,13142.5053
1772175600000,2035.92,2041.43,2022.16,2032.69,20364.8805
1772179200000,2032.69,2045.93,2028.08,2033.38,12966.0015
1772182800000,2033.39,2042.43,2008.41,2010.01,15280.4844
1772186400000,2010.0,2013.69,1978.39,1980.8,32169.5442
1772190000000,1980.8,1984.12,1953.37,1962.08,32125.2552
1772193600000,1962.08,1969.0,1949.32,1959.92,21054.2631
1772197200000,1959.91,1967.71,1938.82,1963.35,29787.9554
1772200800000,1963.35,1964.3,1940.03,1942.95,27171.0123
1772204400000,1942.94,1959.24,1940.62,1948.59,27110.3189
1772208000000,1948.59,1948.86,1924.61,1927.15,24245.9106
1772211600000,1927.14,1934.98,1907.48,1932.35,22942.9984
1772215200000,1932.35,1933.06,1915.81,1918.02,9761.7661
1772218800000,1918.02,1923.46,1912.32,1921.1,7072.2831
1772222400000,1921.11,1926.78,1920.43,1923.14,6910.1811
1772226000000,1923.16,1933.64,1917.11,1921.26,9233.3802
1772229600000,1921.26,1927.72,1887.0,1921.4,25905.3838
1772233200000,1921.39,1933.55,1919.96,1929.84,7403.0055
1772236800000,1929.84,1937.17,1924.45,1932.4,7134.0355
1772240400000,1932.41,1936.18,1919.8,1924.61,6271.2326
1772244000000,1924.61,1932.54,1922.64,1930.36,3152.5186
1772247600000,1930.36,1931.27,1920.61,1924.49,4541.7686
1772251200000,1924.49,1931.62,1914.73,1925.12,6577.6595
1772254800000,1925.12,1928.2,1914.56,1919.94,5792.2643
1772258400000,1919.95,1920.25,1835.36,1842.45,78375.9636
1772262000000,1842.46,1885.0,1835.55,1866.73,44514.7202
1772265600000,1866.73,1868.76,1848.48,1852.48,20274.7632
1772269200000,1852.47,1863.51,1845.05,1854.98,15840.9953
1772272800000,1854.99,1868.45,1849.15,1865.09,14486.7513
1772276400000,1865.09,1881.0,1861.68,1863.31,15745.2742
1772280000000,1863.32,1874.2,1862.47,1868.53,8483.7575
1772283600000,1868.53,1910.2,1865.25,1905.58,30939.71
1772287200000,1905.58,1915.95,1883.2,1887.75,32925.6259
1772290800000,1887.76,1903.91,1873.83,1898.88,19462.8901
1772294400000,1898.87,1910.2,1891.72,1903.98,9989.0348
1772298000000,1903.97,1911.62,1886.02,1906.91,15394.3456
1772301600000,1906.9,1947.0,1901.27,1936.08,23930.6935
1772305200000,1936.08,1955.04,1920.38,1947.02,23857.5031
1772308800000,1947.03,1972.44,1938.76,1965.96,23243.334
1772312400000,1965.96,1967.76,1945.39,1957.69,17733.4068
1772316000000,1957.7,1984.99,1955.75,1965.48,25696.4941
1772319600000,1965.48,1969.97,1956.84,1964.51,7316.2412
1772323200000,1964.51,1969.28,1954.64,1962.66,8007.1719
1772326800000,1962.67,2023.4,1943.58,2012.36,40313.9255
1772330400000,2012.37,2054.8,2008.61,2033.05,62449.7848
1772334000000,2033.04,2039.25,2017.0,2023.29,18009.6845
1772337600000,2023.29,2030.3,1998.68,2015.7,21842.9912
1772341200000,2015.71,2022.9,2009.7,2011.24,8628.2986
1772344800000,2011.24,2012.67,1989.0,1998.41,24589.1007
1772348400000,1998.41,2009.63,1993.0,2007.24,14865.8116
1772352000000,2007.23,2010.18,1981.03,1986.0,15134.2925
1772355600000,1986.01,1996.12,1974.83,1980.69,16432.5029
1772359200000,1980.69,1993.03,1972.24,1984.81,13791.3785
1772362800000,1984.81,1989.48,1981.96,1983.32,5850.3998
1772366400000,1983.32,1988.0,1976.39,1978.2,6988.714
1772370000000,1978.21,2024.4,1968.6,2006.58,30654.946
1772373600000,2006.58,2028.0,1993.37,2000.1,26685.2477
1772377200000,2000.11,2016.23,1992.35,1993.38,16085.6658
1772380800000,1993.38,2009.38,1960.23,1974.03,32651.4422
1772384400000,1974.02,1975.92,1953.3,1961.17,18424.6109
1772388000000,1961.17,1997.53,1961.03,1975.82,27496.181
1772391600000,1975.82,1976.37,1946.55,1953.9,21414.9113
1772395200000,1953.89,1955.01,1907.41,1914.26,34457.2373
1772398800000,1914.27,1932.34,1912.61,1928.98,15745.294
1772402400000,1928.98,1971.01,1914.69,1924.86,30768.4361
1772406000000,1924.86,1948.15,1918.7,1939.71,17908.8176
1772409600000,1939.71,1967.49,1937.42,1960.86,15733.7356
1772413200000,1960.87,1989.23,1959.64,1963.71,20874.0317
1772416800000,1963.71,1966.16,1939.79,1955.63,17187.5317
1772420400000,1955.63,1979.82,1948.35,1972.3,15261.3339
1772424000000,1972.3,1980.32,1968.31,1972.94,9531.0325
1772427600000,1972.94,1983.6,1961.61,1970.84,11376.1341
1772431200000,1970.9,1971.2,1937.55,1943.31,19103.7064
1772434800000,1943.31,1944.99,1925.53,1941.66,18656.5057
1772438400000,1941.65,1951.14,1920.0,1949.34,20244.5196
1772442000000,1949.33,1967.13,1946.85,1947.79,21443.5499
1772445600000,1947.78,1956.18,1944.0,1952.25,7114.2423
1772449200000,1952.24,1954.81,1935.54,1947.81,13102.9698
1772452800000,1947.8,1948.98,1930.4,1938.12,8789.8769
1772456400000,1938.11,1944.5,1922.55,1927.71,15816.2783
1772460000000,1927.71,1985.48,1921.7,1979.75,58183.5923
1772463600000,1979.75,2065.48,1974.36,2047.33,99017.374
1772467200000,2047.33,2090.0,2043.36,2064.33,60174.2489
1772470800000,2064.33,2066.0,2025.58,2041.01,27258.717
1772474400000,2041.01,2041.12,2024.24,2029.4,16184.3755
1772478000000,2029.4,2049.39,2017.15,2043.57,18799.5712
1772481600000,2043.56,2057.7,2024.98,2035.5,20820.4038
1772485200000,2035.5,2047.87,2029.35,2043.01,13737.182
1772488800000,2043.01,2058.59,2041.41,2053.82,11782.1316
1772492400000,2053.82,2055.75,2024.32,2027.35,37213.3302
1772496000000,2027.34,2038.94,2018.76,2035.46,28632.0074
1772499600000,2035.46,2041.48,2019.53,2020.01,12962.5833
1772503200000,2020.01,2022.89,1998.0,2013.67,21831.7657
1772506800000,2013.68,2015.88,2005.33,2008.88,8961.6112
1772510400000,2008.88,2013.66,1998.49,1999.82,10046.0129
1772514000000,1999.81,2019.4,1987.5,1993.36,23376.1215
1772517600000,1993.35,2001.86,1987.82,1999.27,9807.2108
1772521200000,1999.28,2003.49,1993.43,1996.33,11518.4682
1772524800000,1996.32,2000.53,1947.93,1953.1,36423.8703
1772528400000,1953.1,1968.89,1939.1,1951.58,29942.9589
1772532000000,1951.57,1964.08,1945.24,1958.05,14868.4866
1772535600000,1958.05,1966.97,1952.11,1961.28,13420.8223
1772539200000,1961.28,1990.07,1960.85,1967.57,23995.6503
1772542800000,1967.58,1968.77,1943.73,1952.14,20300.8927
1772546400000,1952.13,1977.31,1929.56,1942.78,56182.4604
1772550000000,1942.78,1972.71,1932.04,1969.22,38417.9879
1772553600000,1969.21,2014.12,1958.76,1983.98,54907.2008
1772557200000,1983.98,1985.6,1959.38,1980.6,20094.3938
1772560800000,1980.59,2000.32,1969.7,1988.2,17019.0589
1772564400000,1988.21,1994.37,1976.97,1986.02,20447.2398
1772568000000,1986.03,1989.8,1969.83,1978.34,9339.9793
1772571600000,1978.34,1978.4,1959.35,1968.46,8093.7901
1772575200000,1968.46,1988.2,1968.25,1983.31,7331.0526
1772578800000,1983.3,2001.63,1981.25,1982.8,11408.2277
1772582400000,1982.81,1986.79,1961.88,1976.68,13652.3461
1772586000000,1976.69,1998.66,1970.18,1981.73,15208.224
1772589600000,1981.72,1982.79,1969.1,1979.24,9101.0568
1772593200000,1979.23,1980.18,1945.08,1960.9,24378.1016
1772596800000,1960.89,1964.65,1950.65,1960.25,10698.7788
1772600400000,1960.26,1977.84,1955.79,1971.14,10275.531
1772604000000,1971.14,1986.49,1963.33,1980.33,12984.2822
1772607600000,1980.34,2010.0,1974.64,2006.55,18528.9939
1772611200000,2006.55,2066.66,2000.47,2063.71,60466.9033
1772614800000,2063.71,2089.55,2055.18,2075.23,59530.1723
1772618400000,2075.24,2092.9,2067.36,2072.34,35518.5851
1772622000000,2072.33,2078.22,2046.77,2054.97,31815.4116
1772625600000,2054.97,2059.29,2036.37,2054.33,34637.6336
1772629200000,2054.34,2068.53,2052.79,2064.49,14580.9958
1772632800000,2064.48,2110.0,2062.82,2080.0,64561.6428
1772636400000,2079.99,2157.67,2079.09,2150.23,89214.3086
1772640000000,2150.23,2165.75,2129.13,2142.39,58873.9925
1772643600000,2142.39,2156.83,2130.17,2146.07,43422.743
1772647200000,2146.07,2164.38,2138.13,2163.18,20006.596
1772650800000,2163.18,2199.0,2161.01,2177.51,49507.3799
1772654400000,2177.51,2179.66,2149.31,2150.13,18222.5848
1772658000000,2150.13,2155.77,2142.25,2149.86,11687.011
1772661600000,2149.85,2164.16,2127.42,2132.11,15161.2618
1772665200000,2132.11,2136.84,2116.67,2127.28,15610.2787
1772668800000,2127.28,2135.36,2121.5,2128.13,14409.8472
1772672400000,2128.14,2141.93,2107.57,2113.73,18721.1804
1772676000000,2113.72,2134.09,2112.82,2121.85,12365.0321
1772679600000,2121.85,2126.07,2107.5,2120.15,8560.3435
1772683200000,2120.15,2144.2,2118.59,2137.36,15809.5877
1772686800000,2137.35,2139.32,2114.03,2119.65,11146.2593
1772690400000,2119.66,2130.92,2110.15,2128.23,8734.2192
1772694000000,2128.22,2132.53,2095.71,2104.96,18349.1464
1772697600000,2104.96,2118.82,2093.63,2117.64,17772.7303
1772701200000,2117.64,2137.71,2116.54,2125.45,17983.0238
1772704800000,2125.45,2163.66,2119.99,2156.15,21391.5276
1772708400000,2156.14,2159.31,2133.5,2137.92,13375.4536
1772712000000,2137.92,2142.95,2123.58,2138.25,15735.6277
1772715600000,2138.25,2139.72,2109.18,2117.6,19573.7557
1772719200000,2117.6,2131.65,2096.73,2119.17,30762.7829
1772722800000,2119.18,2121.93,2067.54,2086.96,58446.5912
1772726400000,2086.95,2087.42,2056.7,2080.17,28768.1394
1772730000000,2080.17,2093.7,2054.75,2059.88,25380.2189
1772733600000,2059.88,2078.38,2056.99,2076.59,12902.8648
1772737200000,2076.6,2093.69,2072.38,2074.36,22325.8576
1772740800000,2074.37,2098.67,2070.09,2092.43,15608.8619
1772744400000,2092.42,2099.36,2075.77,2080.6,11396.4401
1772748000000,2080.61,2085.0,2077.6,2080.11,4816.1385
1772751600000,2080.11,2084.45,2069.72,2072.86,7822.1828
1772755200000,2072.86,2080.39,2067.7,2075.02,9180.2101
1772758800000,2075.03,2091.38,2061.79,2087.65,13630.6414
1772762400000,2087.66,2093.33,2080.66,2083.89,7620.4022
1772766000000,2083.89,2088.75,2075.28,2083.8,8645.163
1772769600000,2083.81,2085.88,2058.84,2070.86,14588.3921
1772773200000,2070.87,2074.19,2059.36,2068.94,10611.9387
1772776800000,2068.93,2080.53,2063.58,2074.03,7652.8744
1772780400000,2074.04,2087.66,2068.79,2082.83,12517.3472
1772784000000,2082.83,2082.83,2074.33,2075.96,7247.9481
1772787600000,2075.96,2077.5,2045.79,2060.0,21572.2567
1772791200000,2060.0,2069.43,2058.72,2063.4,8988.1836
1772794800000,2063.41,2067.34,2049.85,2051.03,12852.7139
1772798400000,2051.03,2055.0,2037.22,2048.52,19883.338
1772802000000,2048.52,2062.12,2019.35,2019.88,37363.7986
1772805600000,2019.89,2024.35,1972.0,1981.55,77975.8063
1772809200000,1981.55,1998.0,1966.24,1978.01,36805.7997
1772812800000,1978.0,1984.97,1966.27,1971.29,26399.6306
1772816400000,1971.28,1982.13,1955.95,1966.76,23860.4367
1772820000000,1966.76,1983.46,1966.61,1974.62,15172.6068
1772823600000,1974.62,1993.3,1974.62,1983.75,9611.9432
1772827200000,1983.75,1988.69,1969.26,1978.63,14596.4669
1772830800000,1978.64,1984.64,1971.51,1983.77,4970.5242
1772834400000,1983.76,1989.91,1981.58,1987.22,4312.4784
1772838000000,1987.23,1987.75,1977.03,1978.68,5536.8561
1772841600000,1978.68,1983.27,1976.97,1981.45,3668.8535
1772845200000,1981.45,1983.7,1976.25,1980.68,7091.5619
1772848800000,1980.67,1984.63,1971.79,1983.52,7690.4614
1772852400000,1983.53,1996.04,1979.83,1980.21,9533.4524
1772856000000,1980.22,1980.22,1964.34,1975.35,9092.372
1772859600000,1975.35,1979.87,1972.46,1979.01,6131.9838
1772863200000,1979.01,1979.01,1968.81,1971.76,9083.1526
1772866800000,1971.77,1984.19,1967.07,1982.94,16455.6679
1772870400000,1982.94,1987.62,1975.5,1978.03,9725.3345
1772874000000,1978.02,1989.42,1975.38,1986.35,9442.4762
1772877600000,1986.35,1988.68,1983.32,1984.36,4111.341
1772881200000,1984.36,1994.98,1982.19,1988.91,6240.1404
1772884800000,1988.92,1990.95,1979.84,1982.51,4069.8213
1772888400000,1982.51,1984.19,1977.64,1981.83,9076.3795
1772892000000,1981.83,1990.25,1970.47,1987.0,9828.667
1772895600000,1987.01,1987.41,1976.22,1981.04,6476.3298
1772899200000,1981.03,1981.03,1974.48,1977.26,5663.86
1772902800000,1977.26,1983.47,1976.19,1977.59,3883.3234
1772906400000,1977.59,1977.59,1965.78,1971.23,7635.9597
1772910000000,1971.22,1971.23,1948.09,1955.2,17780.5108
1772913600000,1955.2,1968.78,1954.89,1966.42,5668.1403
1772917200000,1966.42,1971.73,1963.97,1970.63,3666.4606
1772920800000,1970.62,1971.03,1958.36,1966.46,4432.0022
1772924400000,1966.47,1974.27,1965.49,1969.59,8011.5678
1772928000000,1969.6,1977.35,1966.66,1968.91,6916.061
1772931600000,1968.92,1971.9,1963.51,1968.95,4903.0232
1772935200000,1968.94,1969.98,1935.73,1942.34,30383.2688
1772938800000,1942.34,1951.74,1941.54,1947.67,10074.5213
1772942400000,1947.67,1953.37,1930.0,1938.4,34723.4901
1772946000000,1938.4,1952.54,1938.0,1949.0,5846.9549
1772949600000,1949.0,1952.33,1943.05,1948.05,5507.1103
1772953200000,1948.05,1960.41,1947.19,1955.23,7266.6162
1772956800000,1955.22,1960.59,1949.1,1959.73,5926.3635
1772960400000,1959.73,1970.1,1956.77,1963.54,10306.8601
1772964000000,1963.54,1979.8,1963.36,1974.18,41737.9695
1772967600000,1974.17,1974.32,1944.85,1951.38,12980.4562
1772971200000,1951.39,1954.67,1926.13,1946.29,43903.3569
1772974800000,1946.28,1948.18,1925.06,1944.29,24068.546
1772978400000,1944.29,1950.58,1937.66,1945.52,8687.2684
1772982000000,1945.52,1947.83,1937.5,1943.32,7003.0693
1772985600000,1943.32,1944.97,1934.34,1936.87,5289.182
1772989200000,1936.87,1946.65,1933.1,1935.77,5606.9174
1772992800000,1935.78,1937.04,1928.08,1930.27,12761.0118
1772996400000,1930.28,1970.58,1928.24,1964.91,24494.582
1773000000000,1964.91,1971.95,1953.81,1958.86,7830.7886
1773003600000,1958.87,1962.24,1944.53,1953.95,6632.1837
1773007200000,1953.94,1953.94,1916.14,1943.2,58211.1708
1773010800000,1943.2,1955.2,1935.58,1937.1,10128.9597
1773014400000,1937.11,1966.14,1929.65,1950.99,17896.3422
1773018000000,1950.99,1963.2,1942.72,1946.0,14979.5243
1773021600000,1946.0,1963.2,1938.33,1959.66,12927.8319
1773025200000,1959.66,2006.01,1959.08,1977.48,58780.551
1773028800000,1977.48,1989.56,1973.52,1977.31,10238.8798
1773032400000,1977.31,2014.26,1976.39,2010.6,43830.6334
1773036000000,2010.6,2012.7,1983.36,1985.0,15733.8756
1773039600000,1985.01,1985.91,1963.45,1983.9,13845.4139
1773043200000,1983.91,2000.0,1978.92,1996.81,15655.8201
1773046800000,1996.81,2022.0,1986.77,2004.48,22759.616
1773050400000,2004.49,2007.05,1992.56,1995.41,17147.8872
1773054000000,1995.41,1999.99,1980.93,1992.2,12567.4869
1773057600000,1992.2,2013.74,1992.2,2002.19,12668.2488
1773061200000,2002.19,2030.0,2001.13,2018.16,41754.9438
1773064800000,2018.15,2032.84,2007.82,2022.29,39674.1034
1773068400000,2022.27,2029.25,2013.97,2022.63,21397.2501
1773072000000,2022.64,2039.29,2018.93,2027.53,18205.4291
1773075600000,2027.54,2032.5,2005.76,2016.94,20457.1836
1773079200000,2016.94,2022.9,2006.15,2012.1,12319.782
1773082800000,2012.11,2053.52,2010.0,2033.91,30136.5564
1773086400000,2033.91,2037.3,2018.77,2025.89,9526.1172
1773090000000,2025.89,2035.39,2022.19,2028.35,6364.9871
1773093600000,2028.33,2031.32,1997.87,2002.53,56062.1881
1773097200000,2002.52,2007.67,1989.12,1992.98,25894.8364
1773100800000,1992.97,2022.5,1991.0,2015.37,30631.7801
1773104400000,2015.37,2024.99,2006.23,2019.21,11925.195
1773108000000,2019.2,2054.19,2014.01,2042.4,27247.3611
1773111600000,2042.4,2047.88,2022.63,2026.8,13229.4664
1773115200000,2026.8,2047.31,2026.36,2045.7,10644.7886
1773118800000,2045.69,2054.2,2039.75,2043.99,23562.7807
1773122400000,2044.0,2049.34,2036.25,2043.76,11948.6825
1773126000000,2043.77,2059.69,2040.09,2051.0,14222.0333
1773129600000,2051.0,2070.5,2051.0,2057.27,23588.6304
1773133200000,2057.27,2074.0,2055.72,2068.18,13752.4454
1773136800000,2068.17,2069.22,2055.56,2062.86,8922.8527
1773140400000,2062.86,2067.78,2051.16,2061.69,14186.1361
1773144000000,2061.7,2062.09,2047.36,2049.82,12900.4331
1773147600000,2049.82,2060.27,2024.04,2033.63,29276.7718
1773151200000,2033.63,2080.27,2008.65,2075.19,55294.6468
1773154800000,2075.19,2085.73,2059.23,2079.35,42497.3487
1773158400000,2079.34,2088.19,2069.45,2080.72,18680.3037
1773162000000,2080.71,2085.19,2058.33,2071.67,20761.3728
1773165600000,2071.67,2073.13,2035.74,2039.68,30444.7151
1773169200000,2039.68,2044.31,2027.16,2037.02,15745.2154
1773172800000,2037.02,2047.45,2035.45,2042.56,7714.4161
1773176400000,2042.56,2048.31,2018.0,2029.2,10882.7716
1773180000000,2029.2,2032.82,2021.14,2027.64,8497.767
1773183600000,2027.63,2037.3,2027.55,2036.51,6853.9595
1773187200000,2036.5,2041.71,2028.81,2037.68,10130.8412
1773190800000,2037.68,2041.0,2028.62,2036.1,7117.2212
1773194400000,2036.1,2039.05,2018.7,2026.71,11516.9943
1773198000000,2026.7,2029.35,2018.13,2021.17,7998.2934
1773201600000,2021.17,2041.39,2018.25,2039.08,8679.2646
1773205200000,2039.08,2041.49,2011.37,2014.63,10074.1241
1773208800000,2014.63,2026.0,2014.0,2024.3,8491.4641
1773212400000,2024.31,2025.7,2007.17,2012.54,8583.0701
1773216000000,2012.54,2025.72,2009.48,2023.76,14252.3433
1773219600000,2023.75,2027.4,2014.51,2017.87,6669.7704
1773223200000,2017.87,2031.3,2017.24,2028.68,6527.2329
1773226800000,2028.68,2033.96,2015.83,2017.8,8797.7518
1773230400000,2017.8,2035.5,2012.81,2023.09,16532.0046
1773234000000,2023.09,2082.66,2021.67,2050.72,48997.1427
1773237600000,2050.72,2077.59,2042.93,2062.68,42234.0784
1773241200000,2062.68,2065.45,2030.03,2049.73,24389.6368
1773244800000,2049.75,2072.43,2046.46,2067.01,18164.7212
1773248400000,2067.02,2085.58,2057.69,2068.15,26324.514
1773252000000,2068.15,2079.66,2064.18,2076.51,16458.5948
1773255600000,2076.5,2077.9,2068.58,2076.06,15265.9144
1773259200000,2076.05,2076.19,2065.09,2068.4,7066.8836
1773262800000,2068.41,2074.94,2063.46,2073.07,5855.3663
1773266400000,2073.08,2084.53,2058.98,2061.76,10814.3045
1773270000000,2061.76,2064.99,2045.2,2051.97,9119.7233
1773273600000,2051.97,2058.16,2047.97,2055.78,5298.1446
1773277200000,2055.78,2056.14,2042.95,2046.24,9032.4424
1773280800000,2046.23,2047.93,2021.87,2024.67,16962.6509
1773284400000,2024.66,2035.08,2017.59,2023.38,13070.2965
1773288000000,2023.39,2029.73,2021.27,2023.09,6284.3323
1773291600000,2023.08,2028.3,2019.33,2026.85,9624.648
1773295200000,2026.86,2031.8,2024.64,2030.38,6083.881
1773298800000,2030.38,2042.26,2025.66,2040.7,14231.7957
1773302400000,2040.69,2052.59,2038.42,2047.8,13262.4913
1773306000000,2047.79,2065.61,2038.49,2055.65,13504.8279
1773309600000,2055.66,2075.49,2052.5,2069.86,16520.1267
1773313200000,2069.87,2076.65,2058.21,2062.83,13187.2747
1773316800000,2062.83,2071.08,2057.81,2065.37,9232.6706
1773320400000,2065.37,2080.0,2051.44,2065.35,28335.1322
1773324000000,2065.35,2095.0,2037.79,2045.35,48417.0953
1773327600000,2045.34,2082.0,2039.05,2072.33,26030.9069
1773331200000,2072.33,2078.09,2056.33,2069.63,22858.0253
1773334800000,2069.62,2075.24,2055.32,2058.4,11673.4778
1773338400000,2058.41,2062.1,2046.78,2048.78,16647.0399
1773342000000,2048.77,2073.5,2045.42,2069.59,12389.2923
1773345600000,2069.6,2073.81,2060.35,2062.57,5651.4674
1773349200000,2062.58,2069.19,2057.28,2062.61,19369.7965
1773352800000,2062.62,2067.54,2054.99,2065.3,25410.584
1773356400000,2065.3,2093.45,2064.64,2073.52,37429.413
1773360000000,2073.51,2148.8,2070.12,2119.19,85178.5833
1773363600000,2119.19,2130.4,2111.72,2124.76,15741.654
1773367200000,2124.75,2127.12,2102.42,2105.81,13893.892
1773370800000,2105.81,2123.58,2102.2,2118.85,11965.2095
1773374400000,2118.86,2120.06,2109.63,2111.68,5461.6899
1773378000000,2111.67,2115.24,2103.54,2110.47,7222.6564
1773381600000,2110.47,2113.0,2090.0,2095.94,20205.6324
1773385200000,2095.95,2104.87,2092.75,2099.38,12306.283
1773388800000,2099.38,2117.0,2091.45,2100.05,17816.1641
1773392400000,2100.05,2116.93,2096.04,2113.55,17352.7715
1773396000000,2113.55,2133.3,2112.83,2126.87,20325.9546
1773399600000,2126.88,2130.0,2118.18,2121.02,11322.5835
1773403200000,2121.02,2153.17,2120.52,2146.63,32311.9748
1773406800000,2146.64,2200.0,2141.61,2185.52,79297.7431
1773410400000,2185.53,2209.03,2145.59,2151.14,69709.4065
1773414000000,2151.15,2165.93,2125.14,2128.01,53218.5441
1773417600000,2128.01,2143.33,2111.36,2133.91,29674.2412
1773421200000,2133.91,2141.29,2090.28,2102.75,26775.0726
1773424800000,2102.75,2108.87,2091.04,2100.93,17729.8676
1773428400000,2100.92,2106.3,2096.5,2102.48,10276.3128
1773432000000,2102.48,2114.0,2101.15,2111.37,5980.6806
1773435600000,2111.37,2116.66,2101.47,2103.07,6766.9247
1773439200000,2103.08,2104.72,2078.5,2088.97,24012.1641
1773442800000,2088.96,2093.9,2085.54,2092.22,5111.0336
1773446400000,2092.21,2095.21,2082.82,2085.32,10862.9162
1773450000000,2085.32,2095.46,2081.39,2092.55,8566.592
1773453600000,2092.55,2095.91,2089.19,2092.39,3951.9658
1773457200000,2092.39,2103.42,2092.38,2101.16,7940.3097
1773460800000,2101.15,2106.09,2087.87,2090.42,9319.7759
1773464400000,2090.43,2094.39,2085.71,2092.46,7074.9803
1773468000000,2092.46,2092.46,2068.28,2078.02,15662.8888
1773471600000,2078.02,2080.4,2075.65,2077.46,6134.1971
1773475200000,2077.46,2081.64,2072.71,2074.34,6236.0466
1773478800000,2074.35,2077.64,2063.73,2067.33,9384.4378
1773482400000,2067.33,2068.88,2061.6,2066.24,5875.7597
1773486000000,2066.24,2076.65,2065.85,2073.67,5365.3022
1773489600000,2073.67,2077.87,2069.99,2075.44,5477.3079
1773493200000,2075.44,2080.65,2073.0,2078.51,5090.1256
1773496800000,2078.5,2080.52,2069.8,2071.22,7563.1166
1773500400000,2071.23,2077.73,2070.0,2074.72,4297.1614
1773504000000,2074.72,2078.79,2069.19,2077.54,4257.8346
1773507600000,2077.54,2078.14,2073.5,2075.14,2302.5926
1773511200000,2075.13,2078.14,2072.71,2076.91,1926.7755
1773514800000,2076.91,2079.47,2074.77,2077.49,2284.875
1773518400000,2077.5,2087.27,2076.2,2086.01,4998.7446
1773522000000,2086.01,2088.92,2081.65,2086.68,3530.6553
1773525600000,2086.68,2088.3,2082.3,2084.45,3321.8129
1773529200000,2084.45,2099.69,2084.19,2096.16,11074.4081
1773532800000,2096.16,2096.77,2085.49,2088.0,5680.9896
1773536400000,2088.0,2091.18,2083.35,2088.32,3987.6479
1773540000000,2088.32,2107.91,2088.32,2101.99,13602.8655
1773543600000,2101.99,2105.05,2093.53,2096.15,5347.8134
1773547200000,2096.15,2104.34,2096.13,2104.34,3355.9252
1773550800000,2104.34,2115.95,2102.01,2107.91,9171.6989
1773554400000,2107.91,2111.28,2103.0,2107.76,3352.8652
1773558000000,2107.76,2113.49,2103.46,2105.64,6266.7978
1773561600000,2105.64,2113.0,2105.64,2112.93,4131.6464
1773565200000,2112.93,2123.44,2112.83,2117.2,10018.3924
1773568800000,2117.2,2121.49,2114.32,2119.14,3826.0329
1773572400000,2119.14,2121.27,2115.04,2119.63,3043.6351
1773576000000,2119.63,2119.83,2108.2,2109.59,4978.9406
1773579600000,2109.6,2112.76,2086.34,2097.4,27709.343
1773583200000,2097.39,2099.2,2086.6,2096.99,7654.676
1773586800000,2096.99,2097.15,2090.02,2093.79,5532.4587
1773590400000,2093.79,2098.86,2088.84,2091.56,4230.6156
1773594000000,2091.57,2117.86,2091.2,2110.77,12688.5845
1773597600000,2110.77,2113.53,2094.32,2099.14,7844.0554
1773601200000,2099.15,2114.35,2096.47,2113.49,6704.3386
1773604800000,2113.49,2139.0,2110.0,2129.05,14299.0754
1773608400000,2129.06,2144.76,2123.75,2139.07,10594.8838
1773612000000,2139.08,2192.49,2125.31,2184.35,52207.2025
1773615600000,2184.36,2202.87,2165.2,2178.3,54595.4533
1773619200000,2178.29,2187.33,2164.73,2171.23,18053.2391
1773622800000,2171.23,2190.48,2165.0,2185.89,12499.7225
1773626400000,2185.88,2189.43,2170.02,2180.49,12116.1894
1773630000000,2180.48,2253.48,2177.38,2235.67,91298.9481
1773633600000,2235.67,2278.0,2235.67,2263.3,74574.0343
1773637200000,2263.3,2288.63,2256.8,2280.47,50113.0247
1773640800000,2280.46,2281.31,2260.64,2261.7,26844.5155
1773644400000,2261.7,2269.0,2245.63,2248.95,35430.2232
1773648000000,2248.95,2258.83,2234.92,2243.54,27741.6638
1773651600000,2243.54,2265.37,2239.82,2260.51,16719.2804
1773655200000,2260.51,2279.0,2256.2,2278.3,28633.6751
1773658800000,2278.3,2280.0,2266.0,2269.94,16228.0755
1773662400000,2269.94,2303.64,2269.93,2279.28,51358.9156
1773666000000,2279.28,2308.54,2272.35,2288.79,44699.8576
1773669600000,2288.8,2304.81,2255.04,2288.0,50578.4164
1773673200000,2287.99,2299.35,2270.17,2273.88,31399.4323
1773676800000,2273.88,2300.22,2270.0,2297.03,21757.2974
1773680400000,2297.03,2323.0,2293.49,2314.74,35717.6299
1773684000000,2314.75,2346.16,2313.6,2321.46,45602.6551
1773687600000,2321.46,2348.06,2318.43,2330.92,24597.7302
1773691200000,2330.92,2347.53,2323.68,2345.31,13876.1783
1773694800000,2345.31,2376.34,2343.63,2361.05,47279.3304
1773698400000,2361.04,2386.02,2355.33,2357.83,37418.6029
1773702000000,2357.83,2361.47,2330.0,2352.97,31354.1379
1773705600000,2352.97,2376.66,2340.21,2357.62,56259.723
1773709200000,2357.62,2375.65,2346.72,2361.21,48190.3209
1773712800000,2361.2,2361.88,2344.79,2351.3,20865.153
1773716400000,2351.31,2355.99,2308.03,2320.0,33726.4226
1773720000000,2320.01,2330.0,2294.15,2311.5,42398.8148
1773723600000,2311.49,2318.43,2297.91,2307.37,14141.1701
1773727200000,2307.37,2325.13,2298.24,2315.34,14746.8686
1773730800000,2315.35,2337.86,2315.35,2327.7,15496.423
1773734400000,2327.71,2335.35,2316.05,2320.66,12844.343
1773738000000,2320.67,2329.34,2307.0,2315.79,18557.2102
1773741600000,2315.78,2317.09,2304.0,2312.94,13150.6623
1773745200000,2312.94,2332.92,2311.77,2326.82,15268.0948
1773748800000,2326.81,2335.0,2312.77,2315.42,14896.7218
1773752400000,2315.42,2346.48,2313.41,2328.65,26349.2284
1773756000000,2328.66,2348.94,2318.94,2343.45,29242.0135
1773759600000,2343.45,2357.73,2304.27,2315.98,34576.0959
1773763200000,2315.98,2336.96,2312.44,2326.84,17283.2355
1773766800000,2326.85,2342.64,2320.6,2340.04,12222.797
1773770400000,2340.04,2342.7,2328.11,2332.98,10802.8868
1773774000000,2332.98,2340.0,2317.0,2320.22,10125.5071
1773777600000,2320.22,2330.39,2317.68,2327.88,7920.3514
1773781200000,2327.88,2344.69,2327.88,2338.45,8452.162
1773784800000,2338.45,2342.11,2318.39,2329.54,8924.0082
1773788400000,2329.54,2333.11,2316.78,2317.39,7390.8877
1773792000000,2317.38,2325.66,2307.0,2324.24,11666.4174
1773795600000,2324.24,2335.33,2323.17,2325.02,7119.2733
1773799200000,2325.03,2341.3,2324.74,2331.49,8007.8454
1773802800000,2331.48,2350.0,2328.65,2340.61,12961.3324
1773806400000,2340.61,2342.0,2326.62,2327.51,6998.1637
1773810000000,2327.5,2330.97,2313.81,2318.42,11045.5592
1773813600000,2318.42,2331.14,2318.18,2322.73,7129.4966
1773817200000,2322.73,2323.22,2311.53,2317.74,7584.7659
1773820800000,2317.73,2325.5,2317.3,2322.59,4961.8445
1773824400000,2322.59,2333.62,2321.87,2329.27,7538.4614
1773828000000,2329.27,2331.99,2309.42,2312.83,14463.1891
1773831600000,2312.83,2319.16,2263.43,2269.34,43820.6483
1773835200000,2269.33,2270.5,2235.45,2237.49,41031.3103
1773838800000,2237.5,2244.9,2223.69,2235.68,31025.6691
1773842400000,2235.69,2237.21,2186.93,2190.27,51230.1483
1773846000000,2190.26,2196.23,2168.97,2187.66,47106.9921
1773849600000,2187.67,2190.93,2166.87,2181.0,25173.853
1773853200000,2181.0,2211.7,2176.99,2204.02,25927.7863
1773856800000,2204.02,2220.0,2176.0,2181.2,32888.1753
1773860400000,2181.2,2196.57,2178.81,2185.85,15080.6564
1773864000000,2185.85,2194.78,2153.21,2187.36,33883.3554
1773867600000,2187.36,2206.87,2185.66,2202.49,12999.5184
1773871200000,2202.5,2203.5,2187.58,2194.41,10013.8603
1773874800000,2194.41,2206.88,2188.77,2203.39,18382.5666
1773878400000,2203.39,2208.28,2190.86,2193.34,12225.727
1773882000000,2193.33,2201.98,2187.24,2196.92,10063.2321
1773885600000,2196.93,2205.0,2188.94,2196.68,6192.2136
1773889200000,2196.69,2233.72,2196.69,2212.29,24098.4539
1773892800000,2212.29,2213.11,2190.83,2193.61,9828.265
1773896400000,2193.62,2198.5,2186.67,2189.14,6929.8877
1773900000000,2189.14,2195.7,2177.79,2180.64,16389.5626
1773903600000,2180.65,2182.0,2143.14,2166.68,46063.5714
1773907200000,2166.68,2170.99,2158.09,2160.66,14135.1619
1773910800000,2160.65,2191.16,2159.99,2189.42,34822.2119
1773914400000,2189.43,2192.07,2172.48,2172.76,8226.4387
1773918000000,2172.76,2177.58,2165.83,2166.92,8602.233
1773921600000,2166.92,2167.48,2130.16,2132.45,24789.6612
1773925200000,2132.45,2143.16,2110.9,2137.49,61210.5376
1773928800000,2137.5,2147.26,2102.16,2121.68,44113.7835
1773932400000,2121.67,2136.79,2099.38,2118.81,35200.3392
1773936000000,2118.81,2121.95,2106.44,2115.09,34288.2759
1773939600000,2115.08,2131.7,2104.87,2126.96,15221.908
1773943200000,2126.97,2129.48,2114.31,2125.04,7902.9561
1773946800000,2125.04,2156.92,2125.04,2141.19,28980.1593
1773950400000,2141.18,2152.8,2139.39,2146.35,8053.483
1773954000000,2146.35,2155.62,2145.16,2149.95,9694.9183
1773957600000,2149.95,2152.36,2133.08,2140.08,12230.9541
1773961200000,2140.08,2147.48,2130.57,2137.81,11527.744
1773964800000,2137.82,2149.0,2134.72,2145.6,9477.5198
1773968400000,2145.61,2160.78,2145.1,2150.88,15224.7082
1773972000000,2150.89,2151.77,2132.69,2144.44,12247.0988
1773975600000,2144.45,2157.08,2143.61,2151.38,7545.4335
1773979200000,2151.38,2159.24,2139.18,2148.38,10683.1639
1773982800000,2148.39,2151.92,2137.73,2140.37,6696.9482
1773986400000,2140.38,2141.78,2132.06,2136.61,7941.355
1773990000000,2136.61,2153.4,2121.25,2150.54,17958.4824
1773993600000,2150.53,2176.84,2146.71,2164.2,21588.2621
1773997200000,2164.19,2164.19,2134.95,2141.21,16374.6285
1774000800000,2141.21,2151.27,2131.56,2148.38,10311.9047
1774004400000,2148.38,2158.69,2135.0,2141.5,13415.6096
1774008000000,2141.49,2152.74,2135.37,2141.13,8711.1423
1774011600000,2141.13,2152.64,2123.18,2127.39,18804.5296
1774015200000,2127.39,2147.74,2116.88,2129.3,25684.6291
1774018800000,2129.3,2138.78,2120.33,2134.01,15282.994
1774022400000,2134.0,2144.76,2130.58,2137.31,10515.1938
1774026000000,2137.32,2141.16,2119.72,2136.69,9903.9451
1774029600000,2136.7,2137.67,2117.41,2123.29,12289.6719
1774033200000,2123.29,2134.97,2117.5,2132.91,12300.9312
1774036800000,2132.91,2137.0,2123.96,2133.25,6221.3872
1774040400000,2133.25,2157.25,2130.83,2147.53,13961.4019
1774044000000,2147.53,2168.0,2147.53,2154.71,12246.0432
1774047600000,2154.7,2155.72,2143.16,2146.22,4769.1938
1774051200000,2146.21,2156.77,2144.24,2153.3,6542.3128
1774054800000,2153.3,2159.87,2147.35,2147.55,4294.0714
1774058400000,2147.54,2156.32,2146.35,2154.9,2628.7681
1774062000000,2154.89,2155.95,2150.99,2153.6,2251.5862
1774065600000,2153.59,2158.19,2150.36,2151.75,4075.4141
1774069200000,2151.76,2160.0,2151.75,2153.39,6665.2561
1774072800000,2153.39,2156.49,2152.28,2155.8,2211.7065
1774076400000,2155.81,2161.34,2153.72,2155.67,3541.8064
1774080000000,2155.67,2157.22,2149.57,2154.0,3571.4994
1774083600000,2153.99,2159.0,2153.8,2158.77,4558.6368
1774087200000,2158.77,2159.52,2153.05,2154.34,2279.3326
1774090800000,2154.34,2157.91,2153.0,2157.37,1630.6651
1774094400000,2157.37,2160.62,2156.76,2157.98,2567.7216
1774098000000,2157.98,2159.79,2155.0,2155.86,1853.6867
1774101600000,2155.86,2168.27,2150.61,2152.13,8218.2346
1774105200000,2152.13,2157.58,2146.45,2155.12,7311.5105
1774108800000,2155.13,2155.58,2144.67,2146.65,5011.8088
1774112400000,2146.64,2150.61,2142.01,2148.56,3222.349
1774116000000,2148.56,2155.64,2147.79,2151.46,2747.2698
1774119600000,2151.47,2153.03,2149.06,2152.16,2984.2132
1774123200000,2152.17,2156.59,2150.41,2155.67,2702.1336
1774126800000,2155.67,2157.0,2152.21,2153.7,2883.6209
1774130400000,2153.69,2153.69,2149.36,2149.94,2656.0382
1774134000000,2149.93,2149.93,2070.78,2084.87,46149.8222
1774137600000,2084.86,2095.43,2050.12,2087.67,60906.6793
1774141200000,2087.68,2094.49,2082.0,2091.36,19598.971
1774144800000,2091.37,2109.36,2088.0,2102.29,14239.972
1774148400000,2102.29,2127.21,2098.09,2113.83,14776.026
1774152000000,2113.83,2122.94,2106.36,2119.39,12384.6709
1774155600000,2119.39,2120.94,2112.71,2113.0,6294.291
1774159200000,2113.01,2113.34,2106.99,2108.76,5445.3323
1774162800000,2108.76,2112.05,2092.35,2093.38,8519.3386
1774166400000,2093.4,2095.89,2074.36,2086.5,19423.7011
1774170000000,2086.5,2096.82,2079.9,2085.09,8961.7476
1774173600000,2085.1,2086.95,2077.33,2081.45,4126.7486
1774177200000,2081.44,2083.8,2066.97,2069.98,10550.3382
1774180800000,2069.97,2088.44,2068.37,2082.44,9735.6395
1774184400000,2082.44,2092.63,2072.77,2078.71,10405.0132
1774188000000,2078.71,2085.19,2071.67,2078.14,8042.3438
1774191600000,2078.14,2084.58,2075.67,2083.1,6131.2916
1774195200000,2083.1,2084.45,2077.88,2082.09,4105.4424
1774198800000,2082.1,2084.35,2077.41,2079.61,4053.7866
1774202400000,2079.6,2080.41,2057.0,2072.27,10621.5786
1774206000000,2072.26,2072.7,2054.35,2063.21,9191.561
1774209600000,2063.22,2072.25,2056.35,2058.58,7564.978
1774213200000,2058.58,2060.51,2026.0,2045.96,28928.4862
1774216800000,2045.96,2065.65,2032.57,2062.67,18597.5679
1774220400000,2062.68,2074.16,2051.27,2053.89,10465.0518
1774224000000,2053.9,2063.08,2035.69,2043.31,16767.3544
1774227600000,2043.31,2062.38,2039.46,2047.69,10349.8409
1774231200000,2047.7,2070.24,2046.72,2063.42,13332.4456
1774234800000,2063.42,2072.33,2051.67,2052.54,5643.8482
1774238400000,2052.53,2066.21,2050.64,2065.47,5965.3924
1774242000000,2065.47,2072.11,2060.71,2069.27,10766.366
1774245600000,2069.26,2069.26,2028.47,2037.3,19415.6757
1774249200000,2037.31,2050.0,2023.04,2044.72,21368.5951
1774252800000,2044.73,2059.16,2044.2,2048.02,12995.6197
1774256400000,2048.01,2049.13,2028.2,2043.63,9832.2152
1774260000000,2043.64,2054.04,2040.39,2049.04,7896.0738
1774263600000,2049.04,2198.57,2049.04,2134.78,161423.301
1774267200000,2134.78,2147.85,2107.43,2144.27,57914.7074
1774270800000,2144.27,2189.0,2140.11,2185.64,55730.5571
1774274400000,2185.65,2192.44,2169.28,2181.16,41862.2559
1774278000000,2181.16,2188.09,2124.75,2128.45,43736.4088
1774281600000,2128.46,2142.72,2117.77,2135.88,35608.735
1774285200000,2135.88,2158.54,2124.57,2152.71,21257.7461
1774288800000,2152.71,2171.76,2145.71,2168.72,17410.1043
1774292400000,2168.72,2178.74,2150.48,2154.46,18734.4909
1774296000000,2154.45,2166.81,2150.71,2161.49,6247.911
1774299600000,2161.49,2163.8,2154.57,2157.7,5220.5419
1774303200000,2157.7,2159.61,2143.94,2152.81,7290.3082
1774306800000,2152.8,2155.21,2140.71,2152.03,7737.9423
1774310400000,2152.03,2156.22,2130.1,2143.22,12914.7135
1774314000000,2143.22,2149.78,2124.26,2137.56,11048.7345
1774317600000,2137.57,2145.92,2132.64,2135.86,9521.6474
1774321200000,2135.87,2143.3,2130.7,2141.59,9582.5512
1774324800000,2141.59,2152.03,2131.83,2136.33,7953.9518
1774328400000,2136.32,2138.49,2128.84,2133.64,8181.0069
1774332000000,2133.64,2146.35,2132.0,2145.3,7279.1789
1774335600000,2145.3,2170.65,2144.13,2165.61,22660.9203
1774339200000,2165.61,2167.37,2152.17,2155.06,11529.4386
1774342800000,2155.07,2167.9,2147.36,2164.97,8784.8573
1774346400000,2164.97,2164.98,2155.27,2161.25,6223.981
1774350000000,2161.25,2175.16,2152.13,2165.9,13602.4726
1774353600000,2165.89,2170.52,2158.89,2162.44,7154.9327
1774357200000,2162.43,2165.53,2130.46,2138.38,24657.5804
1774360800000,2138.37,2148.31,2120.0,2133.98,32739.9775
1774364400000,2133.98,2147.74,2131.5,2135.15,15780.5169
1774368000000,2135.15,2140.57,2120.9,2127.2,14879.4807
1774371600000,2127.2,2128.7,2103.02,2109.17,26735.3285
1774375200000,2109.18,2127.9,2105.07,2118.92,11372.5355
1774378800000,2118.92,2127.84,2114.37,2116.87,6567.4339
1774382400000,2116.86,2154.5,2115.63,2148.48,21481.8724
1774386000000,2148.48,2151.8,2140.46,2148.88,7038.7354
1774389600000,2148.89,2155.82,2140.67,2145.61,9245.4086
1774393200000,2145.6,2163.7,2143.0,2156.23,9766.2163
1774396800000,2156.22,2168.63,2146.35,2161.77,13790.3182
1774400400000,2161.76,2167.37,2156.94,2156.94,9043.8783
1774404000000,2156.95,2161.5,2153.58,2155.5,6096.798
1774407600000,2155.51,2160.53,2147.0,2158.54,6297.5654
1774411200000,2158.53,2167.75,2156.83,2166.32,5251.7081
1774414800000,2166.31,2179.73,2164.46,2169.03,15481.4201
1774418400000,2169.03,2173.19,2163.43,2163.81,9234.8675
1774422000000,2163.82,2177.49,2159.81,2164.57,8969.4241
1774425600000,2164.57,2191.93,2164.57,2176.64,20328.6038
1774429200000,2176.64,2188.9,2175.16,2186.64,8039.8234
1774432800000,2186.64,2189.04,2181.24,2185.27,7397.7632
1774436400000,2185.26,2199.02,2179.48,2186.41,21000.8278
1774440000000,2186.41,2195.09,2165.02,2183.31,25113.0694
1774443600000,2183.31,2198.16,2179.71,2184.37,17244.4583
1774447200000,2184.38,2188.02,2173.19,2174.14,14284.2214
1774450800000,2174.14,2176.9,2147.67,2162.56,19968.0967
1774454400000,2162.56,2186.85,2155.93,2173.83,21914.3342
1774458000000,2173.83,2176.24,2160.66,2164.1,8858.8443
1774461600000,2164.1,2173.35,2157.85,2162.38,7378.6972
1774465200000,2162.37,2176.38,2159.48,2172.69,7961.6315
1774468800000,2172.68,2173.03,2159.42,2166.49,3973.5562
1774472400000,2166.49,2169.53,2161.79,2164.04,3328.5822
1774476000000,2164.05,2183.5,2161.87,2174.53,8143.8898
1774479600000,2174.54,2177.14,2164.74,2169.02,6539.1464
1774483200000,2169.02,2172.19,2162.53,2166.69,7373.5614
1774486800000,2166.69,2169.27,2160.0,2164.84,5711.0159
1774490400000,2164.83,2165.79,2144.05,2149.97,9295.5409
1774494000000,2149.96,2155.56,2144.65,2153.21,7146.5402
1774497600000,2153.22,2154.58,2147.9,2149.71,3871.0484
1774501200000,2149.71,2150.9,2113.63,2119.55,22710.7501
1774504800000,2119.54,2125.01,2112.17,2121.86,9522.1412
1774508400000,2121.86,2124.78,2112.87,2123.64,13110.8309
1774512000000,2123.64,2126.89,2114.22,2119.64,9646.7853
1774515600000,2119.65,2121.87,2074.96,2082.64,35575.4026
1774519200000,2082.63,2083.89,2072.73,2078.65,13682.0773
1774522800000,2078.65,2081.41,2062.94,2068.44,17572.4382
1774526400000,2068.45,2075.66,2066.12,2073.6,14899.6263
1774530000000,2073.6,2093.79,2069.46,2081.22,22740.718
1774533600000,2081.22,2085.84,2067.25,2076.27,15174.3947
1774537200000,2076.28,2076.72,2052.01,2070.4,21444.2828
1774540800000,2070.4,2070.95,2059.94,2060.9,11049.5835
1774544400000,2060.9,2070.51,2045.17,2049.41,26059.4246
1774548000000,2049.41,2055.83,2034.54,2047.17,18682.7943
1774551600000,2047.18,2054.0,2039.59,2049.12,9753.3951
1774555200000,2049.11,2080.42,2046.54,2064.89,22015.3882
1774558800000,2064.89,2077.84,2060.29,2068.37,8042.055
1774562400000,2068.38,2072.91,2054.88,2065.88,7356.9624
1774566000000,2065.89,2069.6,2056.35,2060.43,5573.8665
1774569600000,2060.43,2067.66,2056.8,2065.03,5963.0913
1774573200000,2065.03,2074.59,2063.33,2074.2,6464.4824
1774576800000,2074.2,2077.19,2067.45,2068.28,4095.9082
1774580400000,2068.28,2069.2,2059.33,2061.48,6219.8423
1774584000000,2061.49,2062.01,2043.49,2053.12,11778.6836
1774587600000,2053.11,2066.31,2052.28,2061.2,5500.9736
1774591200000,2061.2,2068.07,2058.5,2062.71,8150.6366
1774594800000,2062.71,2072.36,2059.99,2066.23,26687.905
1774598400000,2066.24,2069.6,2034.33,2047.93,27583.5801
1774602000000,2047.91,2051.68,2036.48,2041.08,9816.3689
1774605600000,2041.08,2044.52,1986.3,1991.67,50935.0055
1774609200000,1991.67,1998.44,1983.02,1991.8,30939.9204
1774612800000,1991.8,1994.85,1982.19,1989.44,20580.1889
1774616400000,1989.45,1997.42,1971.0,1979.22,27609.0871
1774620000000,1979.22,1989.54,1970.93,1989.39,26084.8695
1774623600000,1989.39,2010.45,1983.42,1991.32,34599.2282
1774627200000,1991.32,1992.27,1980.25,1986.5,15765.1869
1774630800000,1986.5,1997.6,1974.9,1977.27,13776.895
1774634400000,1977.28,1986.29,1974.48,1984.43,11147.8167
1774638000000,1984.43,1997.73,1978.94,1991.71,29660.8329
1774641600000,1991.7,1996.31,1980.0,1986.04,9603.2605
1774645200000,1986.05,1991.08,1984.36,1985.73,3983.907
1774648800000,1985.74,1987.23,1981.95,1985.52,2720.8642
1774652400000,1985.51,1993.85,1980.54,1992.75,5204.99
1774656000000,1992.76,1995.16,1989.68,1992.59,4009.8013
1774659600000,1992.6,1992.7,1984.93,1990.43,7775.3214
1774663200000,1990.43,1993.69,1983.17,1987.32,3538.7191
1774666800000,1987.32,1991.25,1987.13,1989.19,2671.978
1774670400000,1989.19,1992.51,1987.3,1990.8,2365.1314
1774674000000,1990.8,1994.9,1988.32,1994.23,3194.6928
1774677600000,1994.22,2007.0,1993.39,2000.95,8339.4358
1774681200000,2000.95,2008.35,2000.68,2007.07,4419.207
1774684800000,2007.07,2008.34,1998.26,1999.24,4158.2227
1774688400000,1999.24,1999.76,1995.6,1999.52,5307.5426
1774692000000,1999.51,2004.57,1992.77,1996.69,5539.4669
1774695600000,1996.69,2000.56,1995.86,1997.64,3232.3907
1774699200000,1997.64,2004.5,1992.25,1999.67,6475.126
1774702800000,1999.67,2047.45,1999.3,2026.4,30427.1641
1774706400000,2026.39,2028.99,2016.14,2020.84,13682.392
1774710000000,2020.83,2040.26,2018.4,2026.84,14625.4102
1774713600000,2026.84,2030.23,2021.68,2024.78,4889.927
1774717200000,2024.79,2027.15,2016.5,2020.84,4857.7136
1774720800000,2020.84,2024.66,2020.37,2021.8,1630.6404
1774724400000,2021.79,2022.81,2017.01,2020.56,1332.2694
1774728000000,2020.57,2026.48,2020.56,2024.59,2446.6779
1774731600000,2024.6,2025.56,2006.69,2009.61,5915.671
1774735200000,2009.61,2013.14,2005.38,2011.89,4426.194
1774738800000,2011.88,2011.88,1989.64,1994.74,9570.7102
1774742400000,1994.74,2000.0,1991.52,1999.16,4042.0247
1774746000000,1999.16,2007.61,1997.78,2005.08,4379.1952
1774749600000,2005.09,2010.55,2002.55,2008.93,3658.554
1774753200000,2008.93,2019.65,2007.04,2011.1,4533.4869
1774756800000,2011.1,2012.72,2004.23,2005.85,2975.6975
1774760400000,2005.84,2007.27,1997.67,2005.31,3321.9747
1774764000000,2005.31,2008.33,2000.02,2004.98,2453.5988
1774767600000,2004.98,2009.91,2000.04,2006.14,4077.1887
1774771200000,2006.14,2007.5,2002.66,2004.26,2585.1682
1774774800000,2004.26,2005.42,1994.5,1999.21,5200.9549
1774778400000,1999.2,1999.2,1991.9,1995.89,3429.4306
1774782000000,1995.9,2008.16,1995.22,2003.78,3852.2694
1774785600000,2003.78,2004.9,1997.82,2001.68,2722.399
1774789200000,2001.68,2002.14,1983.56,1987.09,9261.1
1774792800000,1987.09,2002.35,1983.99,1994.17,6745.9691
1774796400000,1994.17,1998.98,1986.32,1992.97,6503.2005
1774800000000,1992.98,2003.61,1992.03,1997.82,6490.8616
1774803600000,1997.82,2000.21,1987.6,1995.1,4682.23
1774807200000,1995.11,2002.0,1991.58,1997.33,3514.9668
1774810800000,1997.33,2000.11,1994.36,1995.89,2275.9774
1774814400000,1995.89,2009.48,1995.84,2002.5,4264.0169
1774818000000,2002.49,2007.24,2001.5,2006.51,2530.3863
1774821600000,2006.51,2006.51,1938.82,1973.99,50023.8155
1774825200000,1973.99,1994.67,1973.63,1984.64,23202.2715
1774828800000,1984.65,2023.73,1980.28,1997.25,27492.0563
1774832400000,1997.27,2016.33,1997.19,2010.43,9665.3439
1774836000000,2010.44,2043.5,2007.53,2029.93,23530.7528
1774839600000,2029.93,2042.07,2027.5,2035.88,9341.4332
1774843200000,2035.88,2053.0,2035.88,2048.39,12455.1914
1774846800000,2048.39,2058.96,2045.14,2047.84,16018.9397
1774850400000,2047.84,2052.0,2041.19,2042.46,8504.2301
1774854000000,2042.46,2068.28,2041.54,2059.58,15282.5522
1774857600000,2059.58,2075.0,2058.15,2062.33,16805.7939
1774861200000,2062.32,2063.13,2053.87,2055.16,7642.1111
1774864800000,2055.16,2058.3,2048.14,2057.78,6886.6689
1774868400000,2057.78,2081.65,2057.78,2071.28,19292.8948
1774872000000,2071.29,2078.89,2069.07,2074.54,8194.5125
1774875600000,2074.54,2085.0,2058.17,2060.92,19118.9469
1774879200000,2060.93,2076.16,2044.25,2071.64,27666.5752
1774882800000,2071.65,2079.92,2061.91,2074.53,15215.1476
1774886400000,2074.53,2074.99,2058.95,2066.18,10790.1379
1774890000000,2066.18,2072.18,2032.0,2041.8,21395.3507
1774893600000,2041.79,2044.11,2028.04,2032.61,13461.8263
1774897200000,2032.6,2032.65,2013.33,2023.7,14591.0916
1774900800000,2023.7,2027.78,2021.14,2023.2,5851.3163
1774904400000,2023.19,2049.1,2021.16,2036.0,14400.4068
1774908000000,2036.0,2044.22,2029.51,2033.08,5673.4119
1774911600000,2033.07,2033.07,2013.92,2026.48,9027.7424
1774915200000,2026.48,2041.04,2016.29,2036.65,11575.7993
1774918800000,2036.65,2092.34,2032.27,2073.0,37952.0065
1774922400000,2072.99,2082.92,2067.25,2073.09,9808.7704
1774926000000,2073.08,2076.61,2061.87,2066.71,7165.564
1774929600000,2066.71,2072.24,2057.06,2060.87,9767.5865
1774933200000,2060.87,2069.0,2054.77,2064.31,6966.4614
1774936800000,2064.32,2064.95,2055.2,2062.33,7104.4897
1774940400000,2062.33,2062.91,2042.31,2055.97,11011.0442
1774944000000,2055.98,2059.2,2036.03,2040.1,10274.3456
1774947600000,2040.11,2044.5,2012.64,2018.37,22808.2373
1774951200000,2018.37,2030.28,2017.18,2026.5,9753.183
1774954800000,2026.5,2044.51,2023.0,2041.2,19943.7718
1774958400000,2041.21,2057.92,2035.02,2047.78,15267.3566
1774962000000,2047.78,2079.88,2047.78,2075.37,20810.5927
1774965600000,2075.37,2092.0,2037.58,2045.94,38453.8525
1774969200000,2045.94,2077.81,2045.65,2054.85,21417.6464
1774972800000,2054.85,2108.52,2054.29,2091.7,46551.3832
1774976400000,2091.7,2124.03,2088.88,2093.36,50852.9773
1774980000000,2093.35,2115.14,2093.35,2099.89,18730.7612
1774983600000,2099.88,2104.0,2092.23,2096.54,9937.1431
1774987200000,2096.54,2111.01,2096.32,2107.66,9394.9389
1774990800000,2107.66,2109.03,2093.12,2102.63,9418.0037
1774994400000,2102.64,2104.27,2088.35,2096.51,8199.1651
1774998000000,2096.52,2108.66,2093.21,2105.43,8732.8219
1775001600000,2105.43,2117.79,2096.89,2114.72,11320.4724
1775005200000,2114.73,2115.83,2091.4,2092.95,10566.2532
1775008800000,2092.94,2096.38,2082.08,2088.45,8502.6779
1775012400000,2088.46,2106.88,2088.46,2102.91,7586.5948
1775016000000,2102.91,2116.46,2100.35,2111.26,7709.7695
1775019600000,2111.26,2137.35,2106.42,2122.67,20075.223
1775023200000,2122.67,2156.23,2122.57,2151.23,30648.667
1775026800000,2151.24,2158.0,2130.2,2131.0,19745.3623
1775030400000,2131.0,2142.93,2125.0,2136.96,18385.7683
1775034000000,2136.95,2140.46,2128.12,2136.39,13657.7192
1775037600000,2136.4,2137.93,2126.28,2132.65,7710.0182
1775041200000,2132.64,2139.37,2130.71,2135.32,6480.7467
1775044800000,2135.32,2152.0,2121.95,2130.82,21417.4613
1775048400000,2130.82,2135.31,2108.72,2119.28,28757.3299
1775052000000,2119.27,2130.6,2114.05,2126.81,16662.6582
1775055600000,2126.82,2137.72,2122.2,2135.04,10423.5636
1775059200000,2135.04,2152.51,2125.0,2146.09,19652.133
1775062800000,2146.1,2167.85,2133.96,2137.21,28614.9498
1775066400000,2137.21,2137.87,2123.58,2129.23,14904.4013
1775070000000,2129.23,2145.48,2128.0,2141.43,11467.5825
1775073600000,2141.43,2147.67,2130.7,2143.92,8588.3705
1775077200000,2143.92,2165.42,2143.32,2156.89,33515.885
1775080800000,2156.89,2158.8,2137.4,2139.95,36336.0172
1775084400000,2139.96,2146.0,2135.5,2140.35,6497.7531
1775088000000,2140.35,2159.37,2136.09,2156.14,12242.365
1775091600000,2156.14,2156.15,2090.0,2100.03,50106.9533
1775095200000,2100.02,2100.02,2065.0,2073.89,25331.829
1775098800000,2073.9,2076.67,2046.48,2056.33,21103.372
1775102400000,2056.33,2058.45,2041.77,2044.56,12765.2209
1775106000000,2044.57,2049.2,2044.57,2046.97,1317.4066
