timestamp,open,high,low,close,volume
1764309600000,140.37,140.37,139.21,139.47,69624.463
1764313200000,139.47,140.05,138.97,138.97,67705.016
1764316800000,138.98,141.62,138.95,141.48,124927.147
1764320400000,141.48,142.64,141.04,141.7,289113.661
1764324000000,141.69,142.38,141.58,142.07,110856.989
1764327600000,142.08,142.08,139.96,140.99,89863.562
1764331200000,140.99,141.56,140.77,140.79,133936.723
1764334800000,140.8,143.4,140.43,142.51,216782.356
1764338400000,142.52,143.55,141.72,142.59,231677.592
1764342000000,142.59,143.6,141.31,141.61,354783.503
1764345600000,141.62,141.65,138.76,138.79,253093.093
1764349200000,138.8,138.84,136.77,137.18,290685.014
1764352800000,137.18,137.54,136.01,137.18,222105.915
1764356400000,137.18,137.99,137.05,137.53,130868.755
1764360000000,137.54,137.98,136.93,137.9,78347.81
1764363600000,137.9,138.04,137.31,137.4,52132.401
1764367200000,137.4,137.88,136.59,137.81,116847.192
1764370800000,137.8,138.3,137.28,137.33,54967.928
1764374400000,137.33,137.89,137.15,137.66,59041.014
1764378000000,137.65,137.84,137.26,137.41,45712.702
1764381600000,137.42,137.71,136.89,137.21,87470.183
1764385200000,137.2,137.4,136.7,136.83,54531.5
1764388800000,136.84,137.72,136.84,137.64,41405.206
1764392400000,137.65,137.66,137.14,137.22,60045.13
1764396000000,137.22,137.6,136.22,137.11,162032.312
1764399600000,137.11,137.55,136.93,137.28,52995.013
1764403200000,137.28,137.48,136.64,136.98,84762.582
1764406800000,136.98,137.12,136.6,136.67,61895.572
1764410400000,136.68,137.01,136.39,136.82,73404.532
1764414000000,136.81,137.37,136.66,137.33,45066.19
1764417600000,137.33,137.47,136.87,136.94,39342.965
1764421200000,136.94,137.08,136.67,136.91,44345.387
1764424800000,136.91,136.91,136.5,136.54,42988.307
1764428400000,136.54,137.66,136.54,137.58,107679.387
1764432000000,137.58,137.84,137.05,137.66,64119.84
1764435600000,137.67,138.1,136.07,136.19,173154.741
1764439200000,136.19,136.35,134.76,135.69,216814.773
1764442800000,135.69,136.24,135.42,135.68,72615.372
1764446400000,135.67,136.33,135.33,136.23,59025.386
1764450000000,136.24,136.52,135.76,136.46,36682.602
1764453600000,136.45,136.46,135.38,135.81,121295.745
1764457200000,135.82,136.2,135.49,135.91,52894.73
1764460800000,135.92,136.45,135.73,135.95,93845.179
1764464400000,135.95,136.61,135.86,136.29,114935.777
1764468000000,136.3,136.8,135.85,135.93,105466.426
1764471600000,135.92,136.5,135.25,136.4,116839.286
1764475200000,136.41,136.95,136.22,136.34,65092.341
1764478800000,136.35,136.35,135.57,135.77,41459.43
1764482400000,135.77,136.49,135.52,136.33,67203.652
1764486000000,136.33,136.72,136.19,136.53,63671.398
1764489600000,136.52,137.09,136.12,136.81,111045.095
1764493200000,136.81,137.1,136.46,136.82,63055.059
1764496800000,136.82,136.96,136.52,136.68,44352.39
1764500400000,136.67,136.9,136.23,136.42,35599.503
1764504000000,136.43,137.73,136.2,137.58,107166.542
1764507600000,137.58,140.19,137.33,139.26,307421.588
1764511200000,139.26,139.47,138.13,138.51,203846.272
1764514800000,138.51,138.54,137.51,138.33,83536.333
1764518400000,138.34,139.82,138.29,139.52,116194.662
1764522000000,139.52,139.52,138.36,138.46,111076.853
1764525600000,138.47,138.64,137.86,138.61,90928.526
1764529200000,138.61,138.67,137.37,137.63,108764.091
1764532800000,137.62,137.93,136.87,137.3,101103.662
1764536400000,137.29,137.4,136.62,137.04,78211.956
1764540000000,137.03,137.89,136.99,137.72,64844.119
1764543600000,137.72,137.79,133.26,133.48,312505.189
1764547200000,133.48,133.74,127.53,127.57,958104.526
1764550800000,127.57,129.33,127.46,127.96,252307.445
1764554400000,127.96,128.66,127.47,127.57,236817.859
1764558000000,127.58,127.58,126.53,126.97,167417.967
1764561600000,126.97,127.05,126.19,126.38,156787.128
1764565200000,126.38,126.57,125.81,126.11,133038.873
1764568800000,126.1,126.86,126.02,126.72,95904.62
1764572400000,126.72,127.47,126.32,127.42,123914.425
1764576000000,127.41,127.82,127.0,127.72,130667.753
1764579600000,127.71,128.09,126.86,127.02,132932.334
1764583200000,127.01,127.56,126.96,127.25,54382.564
1764586800000,127.25,127.38,126.89,127.12,63172.655
1764590400000,127.12,127.19,125.38,126.6,229039.468
1764594000000,126.59,127.72,126.13,126.49,149498.06
1764597600000,126.49,127.09,125.55,126.11,182077.108
1764601200000,126.12,126.31,123.11,125.11,504343.481
1764604800000,125.11,125.34,123.38,123.53,378648.164
1764608400000,123.54,124.98,123.51,124.44,174059.993
1764612000000,124.44,125.31,123.76,124.51,152769.476
1764615600000,124.52,124.6,123.27,123.86,122853.996
1764619200000,123.86,125.36,123.83,124.45,137375.983
1764622800000,124.44,127.17,124.22,126.1,260903.562
1764626400000,126.1,127.43,125.85,126.83,117782.724
1764630000000,126.83,127.4,126.54,126.66,92703.893
1764633600000,126.66,127.56,126.46,127.37,117394.752
1764637200000,127.36,128.54,126.79,126.99,109171.609
1764640800000,126.99,128.14,126.63,126.97,100722.837
1764644400000,126.97,127.68,126.02,127.23,115367.499
1764648000000,127.23,127.85,126.87,126.89,95543.143
1764651600000,126.89,127.09,126.46,126.69,89214.107
1764655200000,126.69,127.85,126.44,127.68,70928.378
1764658800000,127.68,127.71,127.0,127.26,48129.447
1764662400000,127.26,127.32,126.01,126.17,76214.607
1764666000000,126.16,127.21,126.14,126.77,87538.873
1764669600000,126.77,128.84,126.71,128.3,112452.275
1764673200000,128.3,128.53,127.82,128.31,112572.343
1764676800000,128.32,129.03,128.2,128.88,164984.745
1764680400000,128.87,131.02,128.46,130.61,367693.712
1764684000000,130.6,133.45,130.4,132.97,395093.239
1764687600000,132.97,139.87,132.95,137.84,991212.586
1764691200000,137.83,139.71,137.38,139.37,547630.627
1764694800000,139.38,140.88,139.25,139.48,362605.699
1764698400000,139.47,140.3,139.37,139.84,197001.63
1764702000000,139.85,140.64,139.77,140.25,124838.574
1764705600000,140.26,140.38,138.2,138.73,368016.488
1764709200000,138.73,139.29,138.37,139.11,118281.543
1764712800000,139.11,139.98,138.86,139.92,147987.712
1764716400000,139.92,139.94,138.4,138.68,102260.322
1764720000000,138.67,138.95,137.76,138.16,203105.226
1764723600000,138.16,139.23,137.88,138.87,140556.928
1764727200000,138.87,140.32,138.8,140.03,139297.228
1764730800000,140.03,140.65,139.79,140.33,108686.893
1764734400000,140.33,142.49,140.18,142.26,276283.259
1764738000000,142.26,143.25,142.16,143.06,211439.113
1764741600000,143.05,144.26,142.37,142.46,173358.792
1764745200000,142.45,142.58,141.83,141.88,93978.528
1764748800000,141.89,142.67,141.47,142.14,87600.129
1764752400000,142.14,142.46,141.55,142.09,101078.735
1764756000000,142.09,142.28,141.18,141.3,67221.701
1764759600000,141.3,141.75,140.75,141.72,82997.593
1764763200000,141.72,142.09,141.09,141.92,72351.042
1764766800000,141.91,142.46,141.5,141.87,85679.48
1764770400000,141.87,143.59,138.78,140.95,454651.317
1764774000000,140.95,142.09,140.14,141.0,134395.868
1764777600000,141.0,142.0,139.87,140.7,218344.643
1764781200000,140.71,142.1,140.47,141.83,135367.865
1764784800000,141.82,142.39,140.67,141.17,173813.126
1764788400000,141.17,141.6,141.02,141.28,106188.916
1764792000000,141.27,142.24,140.74,141.7,104944.469
1764795600000,141.7,146.08,141.61,145.49,265536.7
1764799200000,145.5,145.92,143.08,144.55,336417.16
1764802800000,144.56,145.63,144.48,144.67,180850.094
1764806400000,144.67,145.38,143.64,145.01,114011.952
1764810000000,145.02,146.91,144.11,144.18,174274.944
1764813600000,144.18,146.1,143.99,145.6,83194.088
1764817200000,145.6,145.64,144.32,144.67,68731.339
1764820800000,144.68,144.9,143.72,144.17,59093.238
1764824400000,144.16,144.23,142.95,143.24,92367.986
1764828000000,143.24,144.29,143.1,143.96,81169.589
1764831600000,143.97,144.01,142.64,143.47,125423.493
1764835200000,143.47,144.07,142.74,142.9,63497.327
1764838800000,142.9,144.2,142.89,143.91,68326.484
1764842400000,143.92,144.19,143.29,143.35,57914.328
1764846000000,143.35,143.5,142.7,143.06,91661.961
1764849600000,143.05,143.5,142.4,142.88,78252.97
1764853200000,142.88,143.18,141.79,142.23,152773.599
1764856800000,142.23,143.34,141.44,141.82,168508.42
1764860400000,141.81,144.26,141.78,143.21,233885.396
1764864000000,143.2,143.85,142.25,142.62,121354.23
1764867600000,142.62,142.81,141.11,142.14,120102.874
1764871200000,142.14,142.22,140.32,140.75,105505.95
1764874800000,140.75,140.87,137.8,139.67,290381.511
1764878400000,139.66,140.5,139.18,140.37,104406.31
1764882000000,140.38,140.43,138.5,138.72,108024.509
1764885600000,138.72,139.78,138.72,139.39,80918.497
1764889200000,139.39,139.43,138.7,139.01,50461.246
1764892800000,139.01,139.72,138.9,139.24,72058.7
1764896400000,139.24,140.2,139.14,139.82,79938.515
1764900000000,139.83,140.15,139.25,139.81,101601.457
1764903600000,139.8,140.18,138.3,138.56,104393.147
1764907200000,138.55,139.14,138.07,138.52,97628.063
1764910800000,138.52,138.74,137.77,138.04,94173.457
1764914400000,138.05,139.0,138.03,138.89,60035.591
1764918000000,138.9,140.75,138.77,139.68,161682.94
1764921600000,139.67,139.67,137.81,138.19,135576.525
1764925200000,138.2,138.27,136.28,136.34,229985.947
1764928800000,136.34,137.98,136.13,137.71,147047.808
1764932400000,137.71,138.09,136.87,137.02,100748.05
1764936000000,137.01,137.14,135.21,136.67,179328.148
1764939600000,136.67,137.06,135.77,135.94,143257.041
1764943200000,135.94,136.31,134.41,134.74,188627.584
1764946800000,134.73,137.2,134.63,135.05,290534.912
1764950400000,135.04,135.2,131.18,132.2,416442.876
1764954000000,132.2,132.73,131.11,132.16,188683.579
1764957600000,132.16,133.03,131.17,131.35,130922.888
1764961200000,131.36,133.04,130.73,132.5,147747.82
1764964800000,132.49,132.9,131.96,132.56,103897.292
1764968400000,132.57,133.16,132.0,132.4,106120.318
1764972000000,132.4,132.86,132.11,132.72,37192.609
1764975600000,132.72,133.43,132.27,133.29,49733.876
1764979200000,133.29,133.7,132.8,133.46,45224.674
1764982800000,133.47,133.83,133.2,133.49,37205.336
1764986400000,133.49,133.52,132.88,133.45,45719.749
1764990000000,133.45,134.13,133.33,133.74,66216.017
1764993600000,133.73,133.75,132.97,133.2,58904.45
1764997200000,133.2,133.42,132.89,133.07,32040.736
1765000800000,133.07,133.24,132.76,132.95,23033.963
1765004400000,132.96,133.2,132.56,132.72,30548.123
1765008000000,132.73,132.87,131.88,131.99,49689.895
1765011600000,131.99,132.8,131.99,132.52,56019.383
1765015200000,132.51,132.99,132.41,132.71,34998.65
1765018800000,132.71,133.29,132.69,133.22,44018.503
1765022400000,133.23,133.23,132.62,132.65,41071.904
1765026000000,132.65,133.27,132.59,132.94,24009.808
1765029600000,132.95,133.99,132.82,133.74,123327.827
1765033200000,133.74,133.8,132.21,132.87,90312.568
1765036800000,132.88,133.54,132.79,133.09,54966.109
1765040400000,133.08,133.42,132.67,132.95,111266.496
1765044000000,132.96,133.19,132.61,132.79,79863.868
1765047600000,132.8,132.97,131.78,132.06,114769.073
1765051200000,132.07,132.62,132.06,132.5,34539.839
1765054800000,132.49,132.93,132.22,132.4,33292.494
1765058400000,132.4,132.62,131.8,132.15,31076.834
1765062000000,132.15,132.36,131.28,132.19,79479.132
1765065600000,132.2,132.71,131.93,132.38,37131.244
1765069200000,132.37,132.8,132.3,132.31,33642.608
1765072800000,132.31,133.46,132.3,133.28,67608.1
1765076400000,133.28,133.59,133.02,133.5,48020.939
1765080000000,133.5,133.54,132.86,133.02,54370.809
1765083600000,133.02,133.23,132.66,132.82,20042.03
1765087200000,132.82,133.25,132.72,133.1,22654.452
1765090800000,133.09,133.14,131.91,132.08,63402.948
1765094400000,132.09,132.59,131.68,131.9,58987.638
1765098000000,131.9,132.11,131.53,131.89,72869.258
1765101600000,131.89,132.54,131.69,132.27,45132.934
1765105200000,132.28,132.52,132.15,132.44,22303.759
1765108800000,132.43,133.07,132.36,132.9,64094.512
1765112400000,132.9,133.02,131.51,131.73,103341.217
1765116000000,131.72,131.84,127.7,128.16,477688.404
1765119600000,128.16,132.22,128.03,132.03,417732.207
1765123200000,132.03,132.04,130.49,131.97,183621.68
1765126800000,131.97,135.54,131.28,134.81,483357.434
1765130400000,134.82,136.29,134.82,136.04,185187.636
1765134000000,136.05,136.16,135.2,135.72,80987.486
1765137600000,135.73,136.35,135.64,136.18,51405.373
1765141200000,136.18,136.18,132.46,133.1,179624.082
1765144800000,133.09,133.1,129.8,131.26,262629.166
1765148400000,131.25,132.4,130.61,132.24,95968.575
1765152000000,132.25,132.75,131.55,131.61,83508.381
1765155600000,131.61,134.47,131.52,133.37,132187.1
1765159200000,133.37,134.2,133.14,134.04,64951.791
1765162800000,134.05,134.71,133.76,134.32,77363.367
1765166400000,134.32,135.2,134.07,135.05,61671.525
1765170000000,135.06,135.44,134.59,135.2,59971.409
1765173600000,135.2,136.0,134.65,135.73,87966.443
1765177200000,135.73,135.98,134.91,135.85,160796.001
1765180800000,135.85,136.95,135.65,136.71,107937.464
1765184400000,136.7,138.9,136.68,138.14,204960.86
1765188000000,138.14,139.36,138.05,138.74,121536.944
1765191600000,138.74,139.14,138.13,138.37,107979.077
1765195200000,138.37,138.59,137.25,137.84,168122.327
1765198800000,137.84,139.32,137.55,138.13,141944.528
1765202400000,138.13,139.0,136.86,137.19,191367.866
1765206000000,137.2,137.57,135.24,135.55,269180.051
1765209600000,135.54,136.54,134.86,135.6,189943.862
1765213200000,135.6,136.3,134.78,135.83,130194.748
1765216800000,135.83,136.25,133.02,133.62,195886.261
1765220400000,133.62,134.68,133.46,133.67,139034.77
1765224000000,133.66,134.94,133.43,134.09,133733.065
1765227600000,134.09,134.58,133.24,134.48,141822.808
1765231200000,134.48,134.55,133.38,133.58,82974.766
1765234800000,133.58,133.79,132.45,133.25,190080.012
1765238400000,133.24,133.61,132.57,133.01,131933.777
1765242000000,133.02,133.33,132.62,133.13,77130.353
1765245600000,133.12,133.65,132.75,132.78,54685.37
1765249200000,132.78,134.42,132.47,134.18,107067.975
1765252800000,134.18,134.26,132.35,132.65,93745.613
1765256400000,132.65,133.01,131.77,132.1,177954.036
1765260000000,132.1,132.79,131.97,132.62,61276.838
1765263600000,132.62,133.3,132.36,133.2,50977.06
1765267200000,133.21,133.42,132.65,133.13,50733.662
1765270800000,133.12,133.13,132.28,132.35,40993.688
1765274400000,132.35,132.88,132.01,132.74,79391.492
1765278000000,132.74,133.03,132.39,132.95,41928.739
1765281600000,132.95,133.57,132.73,133.12,69236.117
1765285200000,133.11,133.3,132.04,132.41,107504.857
1765288800000,132.42,132.84,131.62,132.52,135781.992
1765292400000,132.52,138.5,132.39,138.45,577463.725
1765296000000,138.46,144.64,138.45,143.67,978402.245
1765299600000,143.67,144.93,142.52,143.12,488200.086
1765303200000,143.13,143.28,141.66,142.5,269251.092
1765306800000,142.5,142.85,141.7,142.1,120789.594
1765310400000,142.11,142.34,139.65,140.15,254594.743
1765314000000,140.16,140.47,136.71,137.74,203852.62
1765317600000,137.75,139.43,137.43,138.78,197348.523
1765321200000,138.77,138.82,137.68,137.88,138277.837
1765324800000,137.87,138.34,137.19,137.28,124047.366
1765328400000,137.28,138.51,137.2,137.85,340280.124
1765332000000,137.85,138.14,137.19,137.73,95954.937
1765335600000,137.74,138.61,137.54,138.15,100622.957
1765339200000,138.15,140.22,138.05,139.03,182167.271
1765342800000,139.03,139.6,138.63,139.16,83138.223
1765346400000,139.17,139.44,138.72,139.23,43677.367
1765350000000,139.23,139.23,138.36,139.2,62306.612
1765353600000,139.2,139.44,138.42,138.5,83487.149
1765357200000,138.5,139.1,138.14,138.97,77100.062
1765360800000,138.97,139.88,136.81,136.97,207333.154
1765364400000,136.96,137.5,136.33,137.24,144892.302
1765368000000,137.23,138.15,136.81,137.9,92081.601
1765371600000,137.89,138.16,137.47,137.7,76103.025
1765375200000,137.69,137.74,136.52,137.17,144101.458
1765378800000,137.18,137.66,135.71,136.17,173675.218
1765382400000,136.16,137.45,135.73,136.14,187027.491
1765386000000,136.13,137.19,135.92,136.85,169330.678
1765389600000,136.84,139.52,136.41,137.72,306007.087
1765393200000,137.72,139.64,136.19,138.67,599151.421
1765396800000,138.67,142.57,137.43,138.34,791126.484
1765400400000,138.33,138.87,136.8,137.15,218565.98
1765404000000,137.16,137.85,135.39,137.61,137587.931
1765407600000,137.6,137.82,136.11,136.26,80464.378
1765411200000,136.26,136.43,133.45,133.86,228643.027
1765414800000,133.86,134.19,132.66,132.89,174931.902
1765418400000,132.89,132.94,130.52,130.78,457794.039
1765422000000,130.78,130.78,129.0,129.39,386650.022
1765425600000,129.39,131.52,129.04,131.04,232060.312
1765429200000,131.04,131.3,130.47,131.19,121709.082
1765432800000,131.19,131.42,130.37,131.06,105175.52
1765436400000,131.06,131.4,130.66,131.03,83938.722
1765440000000,131.03,131.13,130.15,131.1,99287.831
1765443600000,131.1,131.41,130.83,130.95,91863.943
1765447200000,130.94,131.11,130.5,130.83,66541.631
1765450800000,130.83,131.22,130.76,130.93,64281.744
1765454400000,130.93,131.87,130.73,131.23,93567.131
1765458000000,131.22,131.52,130.88,131.31,63568.31
1765461600000,131.31,131.51,129.84,130.63,209484.402
1765465200000,130.63,132.82,130.31,131.18,200128.338
1765468800000,131.17,132.0,130.12,131.34,102105.985
1765472400000,131.33,132.6,130.8,132.36,119635.503
1765476000000,132.35,135.58,132.01,134.46,409025.786
1765479600000,134.47,135.49,133.62,133.91,225786.506
1765483200000,133.9,136.98,133.82,136.1,211236.702
1765486800000,136.11,137.79,136.1,137.03,316532.882
1765490400000,137.03,137.49,135.83,136.17,225673.078
1765494000000,136.17,136.77,135.68,136.41,88074.638
1765497600000,136.41,137.49,135.35,135.5,140105.203
1765501200000,135.51,137.25,135.51,136.74,124114.818
1765504800000,136.73,137.95,136.51,137.22,116214.265
1765508400000,137.21,137.45,136.56,137.08,78799.819
1765512000000,137.08,137.19,136.77,137.04,68751.428
1765515600000,137.04,138.93,136.52,138.9,179135.535
1765519200000,138.91,140.12,138.71,139.13,239723.125
1765522800000,139.14,139.42,138.79,139.09,90951.486
1765526400000,139.09,139.15,137.46,137.95,162531.202
1765530000000,137.94,138.47,137.19,138.25,106624.385
1765533600000,138.24,138.56,137.95,138.35,86799.442
1765537200000,138.36,138.77,137.86,138.71,73823.255
1765540800000,138.72,139.86,138.33,139.64,110230.662
1765544400000,139.64,139.64,138.72,138.98,110526.808
1765548000000,138.99,139.58,138.09,138.48,176109.192
1765551600000,138.47,138.51,132.85,133.49,675688.087
1765555200000,133.48,133.95,131.53,132.2,450201.63
1765558800000,132.2,133.59,131.37,132.14,263303.923
1765562400000,132.15,133.27,131.46,132.75,203825.059
1765566000000,132.75,132.85,130.35,131.27,178943.401
1765569600000,131.27,131.92,131.0,131.59,115012.642
1765573200000,131.58,132.07,131.25,131.86,67609.124
1765576800000,131.86,132.86,131.82,132.74,107617.153
1765580400000,132.75,133.07,132.21,132.27,78966.618
1765584000000,132.28,132.75,132.28,132.62,77336.031
1765587600000,132.63,132.97,132.38,132.66,73299.289
1765591200000,132.67,133.0,132.57,132.63,46279.634
1765594800000,132.63,133.0,132.55,132.88,30080.437
1765598400000,132.88,132.95,132.58,132.87,35002.122
1765602000000,132.86,132.98,132.33,132.68,53956.857
1765605600000,132.67,132.97,132.4,132.88,31017.803
1765609200000,132.88,133.02,132.8,132.93,28184.894
1765612800000,132.94,134.21,132.93,134.0,143165.639
1765616400000,134.0,134.28,133.52,133.58,69687.365
1765620000000,133.59,134.27,133.47,133.96,63912.338
1765623600000,133.96,134.06,133.2,133.32,64691.284
1765627200000,133.31,133.68,132.62,132.96,53952.935
1765630800000,132.97,133.37,132.63,133.13,42959.868
1765634400000,133.14,133.43,132.61,133.19,60761.842
1765638000000,133.19,133.66,133.11,133.31,72561.237
1765641600000,133.3,133.82,132.88,133.17,49668.65
1765645200000,133.17,133.2,132.13,132.21,156908.136
1765648800000,132.21,132.79,132.11,132.32,67540.991
1765652400000,132.32,132.95,132.3,132.72,32105.655
1765656000000,132.73,132.98,132.22,132.29,29243.273
1765659600000,132.28,132.73,131.6,132.7,77836.132
1765663200000,132.7,133.07,132.2,132.85,58628.374
1765666800000,132.85,133.27,132.59,133.14,53702.949
1765670400000,133.13,133.66,132.71,133.26,90723.407
1765674000000,133.27,133.57,133.01,133.31,22442.872
1765677600000,133.3,133.54,133.09,133.35,31142.657
1765681200000,133.35,133.47,132.84,132.95,36256.077
1765684800000,132.95,133.19,132.42,132.49,34080.841
1765688400000,132.49,132.69,132.08,132.66,75660.187
1765692000000,132.66,133.04,132.46,132.92,28830.814
1765695600000,132.92,133.39,132.83,133.29,28413.23
1765699200000,133.28,133.5,132.67,132.69,73454.401
1765702800000,132.68,132.8,132.33,132.34,57177.31
1765706400000,132.33,132.59,130.98,131.8,200109.285
1765710000000,131.8,131.98,130.14,131.47,152416.354
1765713600000,131.46,131.9,130.88,131.38,80797.062
1765717200000,131.38,131.65,130.94,131.64,51900.833
1765720800000,131.64,131.79,130.42,130.9,59571.11
1765724400000,130.89,131.06,130.33,130.67,45214.435
1765728000000,130.67,131.6,130.5,131.02,56464.967
1765731600000,131.02,131.24,129.4,130.04,151996.633
1765735200000,130.04,130.73,129.89,130.64,45145.613
1765738800000,130.63,130.64,130.0,130.31,38429.111
1765742400000,130.3,130.71,129.86,130.04,68699.112
1765746000000,130.03,130.32,129.57,129.89,42527.44
1765749600000,129.89,130.3,129.58,130.19,51409.045
1765753200000,130.19,130.8,127.98,129.4,208751.841
1765756800000,129.39,130.38,129.29,130.14,93547.4
1765760400000,130.14,131.59,129.81,131.17,87035.374
1765764000000,131.17,133.25,131.17,131.53,205586.311
1765767600000,131.53,131.71,130.93,131.16,50659.997
1765771200000,131.17,132.0,130.88,131.82,74916.787
1765774800000,131.83,132.15,131.67,131.98,51082.245
1765778400000,131.98,132.71,131.69,132.41,86380.985
1765782000000,132.42,132.65,131.82,132.34,66388.442
1765785600000,132.34,132.71,132.13,132.39,68974.719
1765789200000,132.4,133.02,132.14,132.74,57055.973
1765792800000,132.73,133.03,132.32,132.64,51911.349
1765796400000,132.64,132.8,132.06,132.26,77651.495
1765800000000,132.25,133.14,131.79,132.77,84917.128
1765803600000,132.76,133.29,131.72,132.66,160328.652
1765807200000,132.67,135.43,129.6,130.49,476708.472
1765810800000,130.48,130.6,126.45,126.89,713478.624
1765814400000,126.89,127.3,125.57,126.48,325704.662
1765818000000,126.49,126.78,124.51,124.94,244364.057
1765821600000,124.93,125.29,123.63,124.89,206717.639
1765825200000,124.89,125.85,124.68,125.02,219099.535
1765828800000,125.01,125.62,123.88,125.0,197066.679
1765832400000,125.0,126.44,124.96,125.85,129629.747
1765836000000,125.86,126.42,125.6,126.37,77418.026
1765839600000,126.38,127.87,126.3,127.81,115806.702
1765843200000,127.81,128.03,126.14,126.2,118382.961
1765846800000,126.2,126.86,125.54,126.37,103837.069
1765850400000,126.38,127.34,125.95,126.76,64733.645
1765854000000,126.77,126.94,124.94,126.51,91693.529
1765857600000,126.5,126.8,124.87,126.13,106519.599
1765861200000,126.12,126.69,125.92,126.39,70907.226
1765864800000,126.4,127.48,126.3,127.34,65033.567
1765868400000,127.35,127.4,125.55,125.57,70942.935
1765872000000,125.57,126.61,125.43,126.0,86247.055
1765875600000,125.99,126.5,125.9,126.29,63073.32
1765879200000,126.3,128.87,126.14,128.46,149600.918
1765882800000,128.46,129.04,127.94,128.63,143255.845
1765886400000,128.62,128.99,128.23,128.63,89149.627
1765890000000,128.64,129.9,126.77,126.77,259611.98
1765893600000,126.78,129.8,126.11,128.57,399245.369
1765897200000,128.58,130.14,127.27,129.75,216346.145
1765900800000,129.75,129.85,127.77,128.33,171956.817
1765904400000,128.33,128.59,127.13,127.27,97656.937
1765908000000,127.27,128.61,126.97,128.03,130625.462
1765911600000,128.02,128.09,126.77,127.73,90369.237
1765915200000,127.72,128.93,127.43,128.42,104872.398
1765918800000,128.41,128.73,127.99,128.48,57537.469
1765922400000,128.47,129.0,128.27,128.61,51838.891
1765926000000,128.61,129.52,128.16,129.15,81345.997
1765929600000,129.15,129.16,128.26,128.91,58279.876
1765933200000,128.91,129.82,128.76,129.19,68442.12
1765936800000,129.18,129.5,128.45,129.29,85791.883
1765940400000,129.3,129.64,128.21,128.24,62167.346
1765944000000,128.25,128.46,127.43,127.87,68742.926
1765947600000,127.86,128.09,127.02,127.62,58618.593
1765951200000,127.61,128.01,127.57,127.76,33550.566
1765954800000,127.76,128.57,127.64,128.27,52066.856
1765958400000,128.26,128.26,126.8,126.92,72606.734
1765962000000,126.92,127.03,125.96,126.75,77685.204
1765965600000,126.74,126.95,126.28,126.58,72126.437
1765969200000,126.58,127.93,126.5,127.62,125998.954
1765972800000,127.62,128.17,127.39,127.97,146429.615
1765976400000,127.97,129.45,127.57,129.22,163492.84
1765980000000,129.22,132.7,126.98,132.62,566043.652
1765983600000,132.62,133.99,126.58,126.77,875827.745
1765987200000,126.76,127.98,123.8,124.9,521515.458
1765990800000,124.91,125.21,122.55,123.06,470586.688
1765994400000,123.06,123.99,121.7,122.1,318093.534
1765998000000,122.11,122.5,121.36,122.39,199425.937
1766001600000,122.39,123.76,122.03,123.0,188951.009
1766005200000,122.99,123.11,121.95,122.44,77424.004
1766008800000,122.43,123.55,122.07,123.46,91171.051
1766012400000,123.47,123.5,122.8,123.27,70541.188
1766016000000,123.28,123.77,123.03,123.67,71622.04
1766019600000,123.67,123.79,122.98,123.38,57775.656
1766023200000,123.38,124.16,123.08,123.71,72167.871
1766026800000,123.7,123.97,123.03,123.65,67456.177
1766030400000,123.64,124.13,123.58,123.66,67148.987
1766034000000,123.66,123.66,122.35,122.41,101276.071
1766037600000,122.41,122.87,122.21,122.8,43005.732
1766041200000,122.8,123.4,122.44,122.83,62723.995
1766044800000,122.83,123.4,122.46,123.03,71597.411
1766048400000,123.03,123.91,122.65,123.7,53414.929
1766052000000,123.7,124.15,123.38,123.93,88700.865
1766055600000,123.94,124.07,123.2,124.07,94367.156
1766059200000,124.07,124.52,123.65,123.94,73719.744
1766062800000,123.95,126.88,123.95,126.39,406020.752
1766066400000,126.39,127.92,124.7,125.88,449698.453
1766070000000,125.88,129.05,125.61,127.4,487285.408
1766073600000,127.41,127.5,126.08,126.86,208349.101
1766077200000,126.86,126.9,120.58,122.97,660882.905
1766080800000,122.97,123.95,121.2,121.54,220249.198
1766084400000,121.54,121.64,117.44,117.56,635632.84
1766088000000,117.55,119.0,116.88,117.21,258661.055
1766091600000,117.21,120.2,117.08,120.1,323590.137
1766095200000,120.1,120.12,119.17,119.8,107842.471
1766098800000,119.8,119.97,119.31,119.6,107606.054
1766102400000,119.6,119.88,117.9,118.44,94440.456
1766106000000,118.44,118.57,117.61,118.38,103343.311
1766109600000,118.37,119.22,117.9,118.96,80736.44
1766113200000,118.96,122.54,118.9,121.59,342028.029
1766116800000,121.58,123.04,121.35,122.83,177459.126
1766120400000,122.84,123.38,121.75,122.63,195471.2
1766124000000,122.62,123.65,122.17,123.43,133101.563
1766127600000,123.43,125.34,123.43,124.44,260728.994
1766131200000,124.43,125.61,123.86,124.97,142191.811
1766134800000,124.96,125.08,124.38,124.72,98500.633
1766138400000,124.72,125.02,124.52,124.74,86019.482
1766142000000,124.75,125.74,124.67,125.36,103253.769
1766145600000,125.36,126.18,124.91,125.79,144520.934
1766149200000,125.79,126.52,125.61,125.91,169336.311
1766152800000,125.91,126.91,124.68,126.02,348124.076
1766156400000,126.02,127.66,124.78,125.09,370593.409
1766160000000,125.09,126.97,124.85,125.28,208255.933
1766163600000,125.29,126.14,123.65,123.65,233510.906
1766167200000,123.65,125.36,123.59,124.79,153279.947
1766170800000,124.79,126.64,124.79,126.25,192582.114
1766174400000,126.25,127.87,126.08,127.18,193123.833
1766178000000,127.18,127.38,126.48,126.79,167995.93
1766181600000,126.8,127.35,126.76,126.87,60437.3
1766185200000,126.86,126.86,126.14,126.27,31513.085
1766188800000,126.27,126.35,125.62,125.8,57469.96
1766192400000,125.8,126.03,125.52,125.55,47806.2
1766196000000,125.56,126.18,125.3,125.84,63943.491
1766199600000,125.84,126.49,125.51,126.21,42248.752
1766203200000,126.21,126.48,125.87,126.26,61344.113
1766206800000,126.26,126.69,126.09,126.38,47780.856
1766210400000,126.39,126.68,126.23,126.28,18904.671
1766214000000,126.29,126.37,125.94,126.17,43120.025
1766217600000,126.18,126.89,126.11,126.47,69129.256
1766221200000,126.47,126.75,126.22,126.27,40771.352
1766224800000,126.27,126.4,126.0,126.05,41533.76
1766228400000,126.05,126.5,125.87,126.47,34074.052
1766232000000,126.47,126.48,126.08,126.29,20545.755
1766235600000,126.28,126.4,125.45,126.14,100840.478
1766239200000,126.13,126.41,125.57,126.37,88765.775
1766242800000,126.38,126.67,126.0,126.58,88902.258
1766246400000,126.59,126.71,126.11,126.3,58393.367
1766250000000,126.3,126.47,125.98,126.02,33810.159
1766253600000,126.02,126.14,125.75,126.0,53065.934
1766257200000,126.01,126.19,125.77,126.05,26044.26
1766260800000,126.05,126.46,125.92,126.45,40197.562
1766264400000,126.46,126.55,126.25,126.33,63595.397
1766268000000,126.34,126.39,125.76,126.03,47223.935
1766271600000,126.02,126.08,125.63,125.81,39842.218
1766275200000,125.8,126.11,125.7,126.03,39559.209
1766278800000,126.03,126.03,125.07,125.09,106423.453
1766282400000,125.1,125.36,124.68,124.89,103474.623
1766286000000,124.89,125.55,124.84,125.22,52683.905
1766289600000,125.22,125.43,125.15,125.19,26369.53
1766293200000,125.19,125.48,125.07,125.28,17133.777
1766296800000,125.29,125.49,125.13,125.41,15006.071
1766300400000,125.42,125.54,125.2,125.3,29758.015
1766304000000,125.29,125.93,124.8,125.57,79141.28
1766307600000,125.57,126.6,125.47,126.28,106855.852
1766311200000,126.29,126.62,125.61,125.83,67771.224
1766314800000,125.83,125.88,125.33,125.48,84794.581
1766318400000,125.47,126.06,125.1,125.58,107013.245
1766322000000,125.58,125.6,123.4,123.64,227140.654
1766325600000,123.63,124.7,123.51,124.42,68573.493
1766329200000,124.42,125.26,123.95,125.05,86476.466
1766332800000,125.05,125.62,124.8,125.5,141521.322
1766336400000,125.49,126.35,125.39,125.5,137953.399
1766340000000,125.5,125.51,124.37,125.14,67214.843
1766343600000,125.15,125.88,125.07,125.67,46187.037
1766347200000,125.67,125.79,125.32,125.36,47569.361
1766350800000,125.35,125.38,124.7,124.89,29048.111
1766354400000,124.88,125.91,124.79,125.82,48174.899
1766358000000,125.83,126.3,125.51,126.03,76258.839
1766361600000,126.03,128.56,125.99,126.26,277034.915
1766365200000,126.25,127.33,125.8,126.03,104004.97
1766368800000,126.02,126.06,124.5,125.23,164700.388
1766372400000,125.23,126.54,124.93,126.02,87742.517
1766376000000,126.02,126.73,125.82,126.53,78084.283
1766379600000,126.53,126.7,126.07,126.33,37107.494
1766383200000,126.33,126.56,125.74,125.74,36998.281
1766386800000,125.74,126.51,125.56,126.31,57855.394
1766390400000,126.3,127.38,125.61,125.64,101706.766
1766394000000,125.64,126.38,125.49,126.23,78994.638
1766397600000,126.23,126.91,125.88,126.72,71895.198
1766401200000,126.72,127.46,126.37,127.01,71145.572
1766404800000,127.0,127.72,126.68,126.99,105964.452
1766408400000,126.99,127.14,126.32,127.02,83423.587
1766412000000,127.03,128.3,126.51,127.84,239807.599
1766415600000,127.85,128.78,126.45,128.07,170653.369
1766419200000,128.07,128.37,127.13,127.24,139465.013
1766422800000,127.23,127.31,126.46,126.91,107949.539
1766426400000,126.91,127.5,126.34,126.51,68714.562
1766430000000,126.5,126.51,124.64,124.66,228074.519
1766433600000,124.66,125.29,124.2,124.43,148023.699
1766437200000,124.43,125.59,124.35,125.16,82820.408
1766440800000,125.16,126.03,125.0,125.86,75228.808
1766444400000,125.87,125.97,125.43,125.93,50193.175
1766448000000,125.93,126.93,125.78,126.73,80459.736
1766451600000,126.73,126.81,125.93,126.2,36598.014
1766455200000,126.19,126.63,125.47,125.64,59157.232
1766458800000,125.64,126.15,124.9,125.63,97454.636
1766462400000,125.62,126.08,125.41,125.43,39430.56
1766466000000,125.42,125.52,124.58,124.99,56766.792
1766469600000,124.99,125.28,124.14,124.34,106141.244
1766473200000,124.34,124.62,123.77,124.19,132272.982
1766476800000,124.19,124.64,124.02,124.19,77054.277
1766480400000,124.19,124.38,123.93,124.16,55600.812
1766484000000,124.16,124.88,124.11,124.83,43832.038
1766487600000,124.84,125.23,124.72,124.86,62405.826
1766491200000,124.85,124.93,123.95,124.16,72471.659
1766494800000,124.17,124.64,122.74,123.34,213343.181
1766498400000,123.34,123.75,122.16,122.68,219549.423
1766502000000,122.67,123.51,122.38,123.37,119655.117
1766505600000,123.36,124.94,123.0,124.62,257410.432
1766509200000,124.62,124.84,122.78,122.85,181423.637
1766512800000,122.85,124.17,122.84,123.99,97184.195
1766516400000,123.99,124.55,123.49,123.99,55844.952
1766520000000,123.99,125.65,123.46,124.7,118930.835
1766523600000,124.71,124.77,123.95,124.29,133981.714
1766527200000,124.28,124.51,123.58,123.87,49328.188
1766530800000,123.87,124.16,123.46,124.01,73733.39
1766534400000,124.02,124.3,123.58,123.86,39808.482
1766538000000,123.87,124.21,122.94,123.11,65608.425
1766541600000,123.11,123.13,121.78,122.31,112441.957
1766545200000,122.31,122.81,121.76,122.72,70645.336
1766548800000,122.71,123.06,121.51,121.63,95278.414
1766552400000,121.63,122.03,121.14,121.47,75664.775
1766556000000,121.48,121.59,120.63,121.59,80036.468
1766559600000,121.59,121.87,121.29,121.31,45217.012
1766563200000,121.32,121.67,121.11,121.4,62356.834
1766566800000,121.4,121.75,121.3,121.43,46439.797
1766570400000,121.42,122.23,121.39,121.76,58376.406
1766574000000,121.76,122.22,121.76,122.04,56461.979
1766577600000,122.04,122.55,121.92,122.45,47838.978
1766581200000,122.45,122.45,121.74,121.96,38816.723
1766584800000,121.96,122.3,120.7,121.48,118538.098
1766588400000,121.48,122.94,121.3,122.73,129322.337
1766592000000,122.73,123.46,122.41,122.71,131529.803
1766595600000,122.7,122.98,121.98,122.03,61306.094
1766599200000,122.04,122.7,121.77,122.47,46488.24
1766602800000,122.47,122.86,121.98,122.86,43426.147
1766606400000,122.86,123.12,122.6,122.67,65042.93
1766610000000,122.67,123.1,122.62,123.01,45804.919
1766613600000,123.01,123.4,122.92,123.31,38206.372
1766617200000,123.31,123.34,122.47,122.53,30793.972
1766620800000,122.52,122.7,122.09,122.17,33294.188
1766624400000,122.17,122.78,122.14,122.74,24940.511
1766628000000,122.75,123.15,122.46,123.04,30222.317
1766631600000,123.05,123.15,122.55,122.7,36077.607
1766635200000,122.7,122.86,122.61,122.78,18242.846
1766638800000,122.78,122.78,122.22,122.37,54746.235
1766642400000,122.37,122.51,122.18,122.46,65837.895
1766646000000,122.46,122.47,122.1,122.27,53225.38
1766649600000,122.27,122.65,121.62,122.09,94932.638
1766653200000,122.09,122.17,121.78,122.09,40925.843
1766656800000,122.09,122.09,121.31,121.55,56400.797
1766660400000,121.55,121.86,121.51,121.65,29589.433
1766664000000,121.65,122.06,121.58,122.06,23927.846
1766667600000,122.05,122.35,121.67,122.07,47759.611
1766671200000,122.06,122.34,121.77,122.12,35860.822
1766674800000,122.12,124.1,121.88,123.68,196836.339
1766678400000,123.68,124.46,123.35,123.53,256356.369
1766682000000,123.52,123.62,122.8,123.07,70494.49
1766685600000,123.08,124.18,123.07,124.01,94345.887
1766689200000,124.02,124.08,123.35,123.47,35425.619
1766692800000,123.47,123.5,122.96,123.31,32185.81
1766696400000,123.3,123.52,123.12,123.21,27306.564
1766700000000,123.22,123.45,121.4,121.82,88061.317
1766703600000,121.81,122.12,119.71,120.06,371328.784
1766707200000,120.05,120.34,119.24,120.33,179799.185
1766710800000,120.34,121.18,120.19,120.81,164884.989
1766714400000,120.81,124.39,120.81,123.47,514404.853
1766718000000,123.47,123.74,122.48,122.67,180765.884
1766721600000,122.67,122.99,121.8,122.85,92107.861
1766725200000,122.85,123.49,122.67,123.29,52100.308
1766728800000,123.3,123.79,123.3,123.48,91728.153
1766732400000,123.48,123.99,122.57,122.72,149239.387
1766736000000,122.71,123.13,122.29,122.69,153212.18
1766739600000,122.69,124.13,122.53,123.68,140144.216
1766743200000,123.69,123.92,123.44,123.75,86920.083
1766746800000,123.76,123.93,123.34,123.84,66920.442
1766750400000,123.83,124.2,123.76,123.96,60970.449
1766754000000,123.97,125.14,123.87,124.89,143919.779
1766757600000,124.9,124.98,122.07,122.24,298026.109
1766761200000,122.23,122.23,120.45,121.55,417737.338
1766764800000,121.55,122.26,121.17,121.24,93943.029
1766768400000,121.25,122.4,121.24,121.85,102740.0
1766772000000,121.85,122.22,121.74,122.07,69756.434
1766775600000,122.07,122.4,121.74,122.15,73995.855
1766779200000,122.16,122.67,121.9,122.41,72974.682
1766782800000,122.42,122.64,122.05,122.07,51803.023
1766786400000,122.07,122.45,121.82,122.45,39801.321
1766790000000,122.45,122.57,122.18,122.26,28621.002
1766793600000,122.27,122.38,121.91,122.09,100676.431
1766797200000,122.09,122.32,121.86,122.31,46724.199
1766800800000,122.32,122.44,122.13,122.33,23006.812
1766804400000,122.33,123.8,122.29,123.67,170513.033
1766808000000,123.67,123.74,122.9,122.99,66207.165
1766811600000,122.99,123.29,122.97,123.17,40541.743
1766815200000,123.18,123.18,122.77,123.03,26167.47
1766818800000,123.04,123.44,123.03,123.16,25476.394
1766822400000,123.15,123.34,122.83,122.84,30277.217
1766826000000,122.84,123.22,122.83,123.0,33476.38
1766829600000,123.0,123.13,122.51,122.88,35012.053
1766833200000,122.89,123.21,122.84,122.99,31583.751
1766836800000,122.98,123.21,122.75,122.89,23413.828
1766840400000,122.89,123.3,122.74,123.0,39170.128
1766844000000,123.01,123.35,122.85,123.33,24686.751
1766847600000,123.33,123.66,123.15,123.31,41184.886
1766851200000,123.32,123.44,122.93,122.97,41362.133
1766854800000,122.97,123.45,122.76,123.38,89372.775
1766858400000,123.38,123.45,123.0,123.22,43468.3
1766862000000,123.21,123.45,123.05,123.28,27777.749
1766865600000,123.27,123.81,123.27,123.59,85884.048
1766869200000,123.59,124.58,123.58,124.55,108600.632
1766872800000,124.55,124.97,123.67,123.91,119901.754
1766876400000,123.91,125.08,123.91,124.73,83316.48
1766880000000,124.74,124.9,124.28,124.38,52007.2
1766883600000,124.37,124.62,123.96,123.98,59759.427
1766887200000,123.98,124.41,123.9,124.22,43172.703
1766890800000,124.23,124.3,123.96,124.13,33317.814
1766894400000,124.12,124.32,124.0,124.1,23922.35
1766898000000,124.1,124.1,123.61,123.78,35443.599
1766901600000,123.78,124.22,123.75,124.11,30007.095
1766905200000,124.12,124.34,123.84,124.23,43250.853
1766908800000,124.23,124.69,124.17,124.28,55644.183
1766912400000,124.28,124.4,124.0,124.08,39324.703
1766916000000,124.08,124.63,124.02,124.52,68337.501
1766919600000,124.51,124.84,124.4,124.65,47339.01
1766923200000,124.65,124.78,124.38,124.42,39070.627
1766926800000,124.42,124.8,124.3,124.63,60035.758
1766930400000,124.63,124.99,124.5,124.56,64849.175
1766934000000,124.57,125.03,124.42,124.44,82373.837
1766937600000,124.44,124.67,124.18,124.3,70536.779
1766941200000,124.3,124.77,124.3,124.46,38039.766
1766944800000,124.45,124.52,123.13,123.14,266982.692
1766948400000,123.13,123.64,123.08,123.3,151668.585
1766952000000,123.3,123.69,123.1,123.43,32381.846
1766955600000,123.43,123.86,123.3,123.86,125940.733
1766959200000,123.86,124.34,123.53,124.24,163285.639
1766962800000,124.24,125.64,123.93,125.27,202268.576
1766966400000,125.27,128.18,125.01,127.01,380941.766
1766970000000,127.0,130.16,126.23,128.72,575234.092
1766973600000,128.73,129.49,128.17,128.73,265044.489
1766977200000,128.74,129.52,128.5,128.58,349636.739
1766980800000,128.58,129.15,128.22,128.57,188780.979
1766984400000,128.57,128.58,127.59,127.72,138116.358
1766988000000,127.72,128.07,127.5,127.78,94853.89
1766991600000,127.79,127.99,127.2,127.88,119032.276
1766995200000,127.88,128.47,127.71,127.9,130710.747
1766998800000,127.9,128.0,125.41,126.07,230033.385
1767002400000,126.07,126.37,125.5,125.69,167720.609
1767006000000,125.68,125.68,125.01,125.08,115690.94
1767009600000,125.08,125.41,122.91,123.71,380665.788
1767013200000,123.72,124.12,122.96,123.27,191311.756
1767016800000,123.26,124.55,122.36,123.45,304561.716
1767020400000,123.45,124.13,123.15,123.44,85320.439
1767024000000,123.43,123.73,122.63,123.48,122580.719
1767027600000,123.48,123.9,123.02,123.9,77258.227
1767031200000,123.89,123.98,122.98,123.13,79755.991
1767034800000,123.13,123.51,122.86,123.06,87138.035
1767038400000,123.07,123.62,122.86,123.34,96413.858
1767042000000,123.33,123.59,123.16,123.45,31609.448
1767045600000,123.45,123.61,123.18,123.43,34345.992
1767049200000,123.43,123.6,123.2,123.28,60836.866
1767052800000,123.28,123.34,122.9,123.1,38407.421
1767056400000,123.11,123.46,122.76,123.19,51325.613
1767060000000,123.2,123.26,122.58,122.99,50964.322
1767063600000,123.0,123.93,122.76,123.8,71593.015
1767067200000,123.79,124.22,123.6,123.95,135577.887
1767070800000,123.95,124.02,123.2,123.42,41703.051
1767074400000,123.42,124.06,123.38,123.91,35100.585
1767078000000,123.91,124.35,123.8,124.02,80365.822
1767081600000,124.02,125.15,124.0,124.81,162877.116
1767085200000,124.81,125.09,124.4,124.84,84828.712
1767088800000,124.84,124.98,124.48,124.58,43627.664
1767092400000,124.59,124.65,124.02,124.3,108012.196
1767096000000,124.29,124.65,124.1,124.28,83284.086
1767099600000,124.28,124.44,123.92,124.27,124177.433
1767103200000,124.27,125.35,123.54,125.03,180905.315
1767106800000,125.03,125.26,124.03,125.16,173208.59
1767110400000,125.16,126.52,124.88,125.67,250474.895
1767114000000,125.67,126.0,124.43,124.71,124562.186
1767117600000,124.7,124.72,124.2,124.54,167839.315
1767121200000,124.53,124.81,123.78,124.71,153043.936
1767124800000,124.71,124.82,123.86,124.03,61687.343
1767128400000,124.03,124.2,123.5,123.99,104400.793
1767132000000,123.99,124.6,123.89,124.44,51056.777
1767135600000,124.43,125.14,124.3,125.01,101607.443
1767139200000,125.02,125.07,124.41,124.95,117447.451
1767142800000,124.94,125.95,124.83,125.54,122215.05
1767146400000,125.53,126.09,125.32,126.01,83863.547
1767150000000,126.02,126.09,125.17,125.82,62020.678
1767153600000,125.81,125.96,125.38,125.46,54301.3
1767157200000,125.46,125.77,125.41,125.64,29055.183
1767160800000,125.65,126.1,125.6,125.89,57404.102
1767164400000,125.9,126.05,125.65,125.99,63422.001
1767168000000,125.99,126.3,125.44,125.57,63080.407
1767171600000,125.57,126.4,125.56,126.3,51221.997
1767175200000,126.3,126.42,126.0,126.4,73234.422
1767178800000,126.39,126.85,126.23,126.73,66739.267
1767182400000,126.73,126.77,126.07,126.18,43606.797
1767186000000,126.19,126.51,125.95,126.29,59678.577
1767189600000,126.29,127.44,125.38,125.79,157292.319
1767193200000,125.79,125.84,125.01,125.59,223799.356
1767196800000,125.58,125.74,124.31,124.84,106785.748
1767200400000,124.84,125.24,124.57,125.04,74452.503
1767204000000,125.05,125.53,124.64,124.79,76853.628
1767207600000,124.79,125.22,124.37,124.39,65445.261
1767211200000,124.38,132.75,122.99,124.19,1058788.321
1767214800000,124.19,124.48,123.98,124.46,90506.438
1767218400000,124.45,125.16,124.25,124.86,88871.076
1767222000000,124.86,125.05,124.6,124.65,51558.229
1767225600000,124.64,125.25,124.6,125.15,51890.427
1767229200000,125.15,125.8,124.91,124.99,89320.416
1767232800000,124.98,125.22,124.79,125.18,53034.168
1767236400000,125.18,125.41,125.01,125.21,51681.327
1767240000000,125.22,125.27,124.8,124.96,46321.071
1767243600000,124.95,125.32,124.95,125.3,30922.782
1767247200000,125.3,125.32,124.88,124.89,20148.98
1767250800000,124.89,125.0,124.22,124.24,58996.546
1767254400000,124.24,124.72,124.15,124.68,67204.307
1767258000000,124.69,125.14,124.59,125.05,130236.679
1767261600000,125.05,125.29,124.98,125.05,102698.871
1767265200000,125.05,125.23,124.76,125.22,43113.12
1767268800000,125.23,125.28,125.01,125.02,56707.556
1767272400000,125.03,125.13,124.71,124.73,51727.981
1767276000000,124.73,124.92,124.39,124.71,127476.025
1767279600000,124.71,125.23,124.58,124.96,74840.987
1767283200000,124.96,125.02,124.28,124.45,83420.803
1767286800000,124.44,125.65,124.3,125.2,195309.961
1767290400000,125.2,125.39,125.03,125.35,70465.58
1767294000000,125.34,125.79,125.22,125.76,35341.649
1767297600000,125.76,125.95,125.31,125.39,53454.868
1767301200000,125.39,125.69,125.31,125.41,19874.928
1767304800000,125.41,126.25,125.37,126.08,49625.229
1767308400000,126.08,127.25,125.75,126.9,169850.717
1767312000000,126.91,127.16,126.44,126.79,74686.492
1767315600000,126.79,126.95,126.05,126.18,117222.17
1767319200000,126.18,126.67,125.84,126.58,65348.775
1767322800000,126.57,127.99,126.41,127.53,123310.725
1767326400000,127.53,127.72,126.95,126.98,44989.199
1767330000000,126.98,127.42,126.75,127.34,35007.511
1767333600000,127.34,127.72,127.25,127.32,55279.25
1767337200000,127.33,127.58,126.91,127.13,45062.255
1767340800000,127.14,127.97,127.13,127.96,69445.744
1767344400000,127.96,129.89,127.81,129.4,275803.639
1767348000000,129.39,129.99,128.88,128.94,170117.095
1767351600000,128.95,128.98,128.0,128.22,110177.807
1767355200000,128.21,128.65,127.91,128.42,91303.144
1767358800000,128.43,128.8,128.28,128.37,64831.513
1767362400000,128.37,129.65,126.82,128.73,263476.222
1767366000000,128.74,129.53,127.41,128.98,208059.681
1767369600000,128.98,131.79,128.68,130.92,346163.77
1767373200000,130.92,132.3,130.69,131.44,189737.838
1767376800000,131.44,132.03,130.35,130.8,116804.848
1767380400000,130.8,131.79,130.64,131.63,93264.364
1767384000000,131.63,132.13,130.83,131.14,93661.784
1767387600000,131.14,132.16,131.14,131.92,50749.63
1767391200000,131.93,133.25,131.9,132.64,139843.755
1767394800000,132.63,132.75,131.92,132.29,79880.161
1767398400000,132.28,132.93,132.24,132.53,65120.039
1767402000000,132.53,132.97,132.36,132.64,39194.72
1767405600000,132.64,133.11,132.06,132.85,100264.947
1767409200000,132.85,133.17,132.19,132.83,66264.959
1767412800000,132.83,132.93,132.19,132.37,50009.13
1767416400000,132.37,132.54,131.63,131.9,73601.026
1767420000000,131.89,132.28,131.05,131.18,66266.224
1767423600000,131.18,131.4,129.6,130.1,178441.656
1767427200000,130.09,131.03,129.8,130.69,76819.741
1767430800000,130.69,131.44,130.38,131.17,75803.726
1767434400000,131.17,131.23,130.8,130.96,57389.673
1767438000000,130.96,131.0,130.46,130.71,43591.87
1767441600000,130.71,130.94,130.5,130.91,47052.305
1767445200000,130.9,131.4,130.8,131.29,55206.355
1767448800000,131.3,132.18,131.13,131.99,61438.627
1767452400000,132.0,132.03,131.23,131.47,74865.05
1767456000000,131.48,132.0,131.47,131.78,55959.567
1767459600000,131.77,132.04,131.65,131.89,27187.871
1767463200000,131.9,132.12,131.61,131.97,44069.506
1767466800000,131.97,131.97,131.66,131.78,23508.785
1767470400000,131.78,132.03,131.35,131.99,39065.219
1767474000000,131.99,133.07,131.81,132.87,71888.136
1767477600000,132.87,133.99,132.59,133.43,84528.122
1767481200000,133.43,133.76,133.1,133.37,43086.245
1767484800000,133.37,134.97,133.31,134.57,156334.505
1767488400000,134.57,134.75,133.42,133.96,79064.376
1767492000000,133.96,134.02,133.48,133.73,61968.019
1767495600000,133.73,134.7,133.66,134.62,99718.281
1767499200000,134.62,134.87,134.24,134.3,70514.846
1767502800000,134.31,134.62,134.26,134.57,29719.635
1767506400000,134.56,135.0,133.7,133.76,117636.352
1767510000000,133.76,134.14,133.66,133.8,84514.533
1767513600000,133.8,134.18,133.2,134.12,85882.019
1767517200000,134.11,134.57,133.84,134.32,55854.953
1767520800000,134.32,134.88,134.23,134.7,79656.023
1767524400000,134.7,134.7,134.16,134.39,41786.198
1767528000000,134.39,134.9,134.2,134.34,81045.065
1767531600000,134.34,134.56,133.75,134.52,59178.133
1767535200000,134.53,135.0,134.25,134.96,79310.873
1767538800000,134.97,135.35,134.29,134.91,131236.145
1767542400000,134.91,135.54,134.75,135.11,71149.421
1767546000000,135.11,135.37,134.81,134.83,55598.271
1767549600000,134.83,134.88,133.71,134.21,102170.835
1767553200000,134.2,134.21,133.12,133.56,110680.69
1767556800000,133.55,134.26,133.4,134.03,31281.258
1767560400000,134.04,134.58,133.72,133.94,35042.907
1767564000000,133.93,134.44,133.79,134.16,28429.871
1767567600000,134.17,134.86,133.66,134.12,61495.904
1767571200000,134.12,135.84,134.01,135.55,192370.707
1767574800000,135.55,137.75,135.28,136.75,256690.596
1767578400000,136.76,137.23,135.69,136.87,127983.224
1767582000000,136.88,137.33,136.58,136.64,74836.466
1767585600000,136.64,136.79,135.0,135.69,102719.319
1767589200000,135.69,136.32,135.03,135.07,62378.048
1767592800000,135.06,135.71,134.63,135.63,103250.587
1767596400000,135.63,135.76,135.09,135.45,60463.171
1767600000000,135.45,135.95,135.21,135.22,85947.101
1767603600000,135.21,135.69,134.75,135.45,110133.715
1767607200000,135.45,136.06,135.27,135.8,80563.912
1767610800000,135.81,135.82,135.24,135.77,66113.496
1767614400000,135.77,135.83,134.91,135.13,80342.282
1767618000000,135.13,135.4,133.26,133.81,204636.64
1767621600000,133.81,135.62,133.18,134.99,276200.464
1767625200000,134.99,136.47,134.14,136.13,237682.597
1767628800000,136.13,136.3,134.98,135.4,136963.204
1767632400000,135.41,136.85,134.31,136.52,174002.666
1767636000000,136.53,137.58,135.7,137.37,203397.958
1767639600000,137.38,138.82,137.1,138.23,251113.909
1767643200000,138.23,139.87,137.72,137.87,214126.265
1767646800000,137.87,138.75,137.87,138.41,98836.39
1767650400000,138.4,139.16,138.29,138.8,61748.413
1767654000000,138.8,138.95,137.88,137.9,65066.354
1767657600000,137.91,138.2,136.89,137.72,126620.607
1767661200000,137.72,138.53,137.35,137.58,95407.638
1767664800000,137.58,138.01,137.32,137.61,64469.316
1767668400000,137.6,138.63,137.57,138.38,55215.648
1767672000000,138.38,139.0,138.2,138.45,79499.076
1767675600000,138.45,140.08,138.08,139.56,158530.236
1767679200000,139.56,139.78,138.85,139.02,133150.564
1767682800000,139.02,139.11,137.35,137.61,135865.229
1767686400000,137.6,138.13,137.4,137.62,86925.446
1767690000000,137.61,138.42,137.5,137.79,81500.842
1767693600000,137.79,138.11,137.42,137.74,76434.415
1767697200000,137.74,139.7,137.65,139.5,171181.225
1767700800000,139.5,139.62,138.86,139.09,84117.456
1767704400000,139.08,139.45,138.72,139.1,95082.392
1767708000000,139.11,143.48,139.11,142.0,648244.591
1767711600000,142.0,143.22,141.12,141.6,336686.734
1767715200000,141.59,141.95,138.15,138.92,311241.547
1767718800000,138.91,139.17,136.42,136.52,318451.56
1767722400000,136.51,138.0,136.19,137.57,154970.922
1767726000000,137.57,138.08,137.31,137.53,56972.823
1767729600000,137.53,139.19,137.51,138.95,115009.652
1767733200000,138.96,141.99,138.68,140.24,216177.402
1767736800000,140.23,141.0,139.51,140.03,91267.491
1767740400000,140.04,141.37,140.03,141.08,78772.305
1767744000000,141.08,141.4,139.78,139.85,86612.488
1767747600000,139.85,140.63,138.8,138.91,107125.19
1767751200000,138.9,140.1,138.52,139.95,120744.729
1767754800000,139.95,140.55,139.38,139.58,51158.803
1767758400000,139.59,139.72,138.72,138.78,45514.311
1767762000000,138.78,139.34,138.15,138.52,80758.31
1767765600000,138.52,139.08,138.47,138.79,70474.704
1767769200000,138.8,139.45,138.79,139.39,58162.067
1767772800000,139.39,139.8,139.09,139.41,73725.198
1767776400000,139.4,139.49,136.56,136.89,243466.145
1767780000000,136.89,137.71,136.75,137.57,103091.593
1767783600000,137.58,138.21,137.51,137.93,55242.726
1767787200000,137.93,138.21,137.61,137.92,48477.937
1767790800000,137.93,138.51,137.55,138.13,72559.766
1767794400000,138.14,138.21,136.58,138.02,180577.066
1767798000000,138.03,138.08,135.25,135.7,267740.452
1767801600000,135.7,136.68,135.32,135.7,128986.947
1767805200000,135.7,136.48,135.39,135.6,78599.63
1767808800000,135.6,135.91,134.73,135.26,130696.421
1767812400000,135.25,136.0,134.41,135.76,63710.75
1767816000000,135.76,136.0,135.0,135.79,50598.477
1767819600000,135.79,136.35,135.68,136.19,44424.622
1767823200000,136.18,136.82,135.77,136.5,65380.96
1767826800000,136.5,137.05,135.86,136.39,93812.886
1767830400000,136.39,136.97,136.0,136.83,50559.873
1767834000000,136.83,137.42,136.7,136.82,57996.739
1767837600000,136.82,138.0,136.58,137.93,176153.474
1767841200000,137.93,138.32,136.59,136.75,97293.922
1767844800000,136.74,138.33,136.43,137.65,101238.127
1767848400000,137.65,138.07,136.5,136.64,67911.072
1767852000000,136.65,136.76,134.74,134.85,145510.575
1767855600000,134.86,135.99,133.79,135.9,178654.597
1767859200000,135.9,136.22,135.05,135.11,67713.592
1767862800000,135.12,135.52,134.36,134.47,74168.63
1767866400000,134.48,135.44,133.92,135.1,113503.182
1767870000000,135.1,135.29,134.28,134.79,68221.89
1767873600000,134.8,134.83,133.72,134.14,85890.651
1767877200000,134.13,134.59,133.72,134.46,66373.583
1767880800000,134.46,134.5,132.67,134.04,302785.642
1767884400000,134.03,136.55,133.4,136.41,208878.7
1767888000000,136.41,138.22,136.25,138.19,200574.021
1767891600000,138.19,138.83,137.27,138.72,178988.651
1767895200000,138.72,139.06,137.9,138.08,142072.66
1767898800000,138.09,138.41,137.2,137.53,113751.753
1767902400000,137.53,137.86,136.52,137.69,132032.944
1767906000000,137.69,139.84,137.69,139.61,143222.135
1767909600000,139.61,140.07,138.3,138.87,189954.697
1767913200000,138.87,139.19,138.24,138.37,149986.725
1767916800000,138.37,139.35,138.28,139.13,103915.389
1767920400000,139.13,139.6,137.74,138.29,162596.573
1767924000000,138.28,139.54,138.21,138.98,113541.932
1767927600000,138.97,141.17,138.9,140.81,277494.874
1767931200000,140.81,141.08,139.65,139.76,135037.317
1767934800000,139.75,140.16,139.46,139.95,69128.256
1767938400000,139.95,140.86,139.66,140.7,67231.412
1767942000000,140.71,140.73,139.54,139.54,100116.473
1767945600000,139.55,139.68,137.04,137.93,291724.205
1767949200000,137.94,139.08,137.9,138.43,140247.94
1767952800000,138.43,139.0,138.13,138.72,62350.548
1767956400000,138.73,138.91,138.07,138.28,126942.872
1767960000000,138.27,138.64,137.58,137.72,71511.069
1767963600000,137.72,139.44,137.66,138.64,219601.688
1767967200000,138.64,138.64,136.46,136.87,241081.187
1767970800000,136.86,140.89,136.13,138.82,433149.695
1767974400000,138.82,140.25,138.72,139.95,154716.873
1767978000000,139.95,140.08,137.35,138.5,219286.104
1767981600000,138.5,138.5,135.79,136.83,319016.542
1767985200000,136.83,136.83,135.44,135.81,83723.138
1767988800000,135.8,136.07,134.98,135.61,196665.748
1767992400000,135.61,136.45,135.4,136.0,70179.71
1767996000000,136.01,136.23,135.57,136.17,45662.573
1767999600000,136.16,136.45,135.77,135.97,73625.878
1768003200000,135.96,136.13,135.68,135.9,46804.167
1768006800000,135.9,136.49,135.76,136.47,54354.726
1768010400000,136.46,136.69,135.92,136.39,53371.958
1768014000000,136.4,136.4,135.92,136.15,51754.129
1768017600000,136.15,136.19,135.75,135.86,27102.894
1768021200000,135.86,136.34,135.78,135.94,25916.619
1768024800000,135.95,136.2,135.75,135.99,40571.232
1768028400000,136.0,136.26,135.96,136.09,33870.349
1768032000000,136.09,136.38,136.0,136.23,23629.925
1768035600000,136.23,136.66,136.1,136.62,61219.46
1768039200000,136.63,137.05,136.42,137.01,84107.478
1768042800000,137.01,137.01,136.4,136.58,34510.738
1768046400000,136.58,137.04,136.55,136.64,45814.895
1768050000000,136.64,136.64,136.07,136.35,47479.274
1768053600000,136.35,136.46,136.01,136.13,47292.253
1768057200000,136.14,136.54,136.06,136.42,40229.925
1768060800000,136.42,136.64,136.16,136.41,26141.262
1768064400000,136.41,136.71,136.13,136.15,28181.495
1768068000000,136.16,136.33,135.85,136.16,77259.655
1768071600000,136.16,136.24,135.99,136.22,32073.058
1768075200000,136.22,136.27,135.99,136.08,24107.533
1768078800000,136.08,136.09,135.72,135.75,31970.582
1768082400000,135.76,135.94,135.37,135.56,36910.368
1768086000000,135.56,136.06,135.5,135.84,26163.029
1768089600000,135.85,136.45,135.75,136.39,45546.79
1768093200000,136.39,136.47,136.1,136.3,21840.668
1768096800000,136.3,136.46,135.94,136.01,36339.984
1768100400000,136.01,136.33,135.83,136.26,36717.432
1768104000000,136.26,136.4,135.97,136.2,29898.733
1768107600000,136.19,136.43,136.0,136.28,31454.389
1768111200000,136.28,136.4,135.88,136.15,40724.646
1768114800000,136.15,136.26,135.98,136.2,16515.675
1768118400000,136.2,136.91,136.1,136.76,59048.204
1768122000000,136.76,136.86,136.37,136.5,72588.27
1768125600000,136.5,136.74,136.3,136.57,37319.109
1768129200000,136.57,136.79,136.48,136.58,28211.375
1768132800000,136.58,137.28,136.52,137.1,68357.434
1768136400000,137.1,137.35,136.93,137.24,66430.416
1768140000000,137.24,139.47,137.23,139.21,129425.141
1768143600000,139.21,139.55,137.83,138.43,210106.415
1768147200000,138.44,141.6,138.43,140.04,513335.182
1768150800000,140.04,140.21,138.75,139.69,111659.454
1768154400000,139.68,140.2,139.12,140.03,57797.291
1768158000000,140.02,140.14,139.05,139.43,92805.257
1768161600000,139.42,139.43,137.97,138.54,182631.953
1768165200000,138.54,138.95,137.97,138.69,85066.669
1768168800000,138.69,138.69,137.71,138.23,66771.636
1768172400000,138.22,139.77,137.49,139.7,169321.083
1768176000000,139.69,141.36,138.92,141.33,468967.518
1768179600000,141.32,141.95,140.73,141.05,308958.671
1768183200000,141.06,142.76,140.96,142.42,183546.831
1768186800000,142.42,144.4,142.39,142.54,315984.931
1768190400000,142.54,143.09,142.46,142.75,89250.697
1768194000000,142.74,143.23,142.48,142.79,68717.116
1768197600000,142.79,143.35,141.86,142.0,119910.881
1768201200000,142.01,142.46,141.36,141.41,152578.517
1768204800000,141.42,142.05,139.05,140.06,201499.226
1768208400000,140.05,140.26,139.15,139.57,154582.097
1768212000000,139.57,140.2,139.04,139.26,93262.811
1768215600000,139.26,140.16,139.18,140.03,75355.253
1768219200000,140.02,140.3,139.68,139.77,65183.519
1768222800000,139.76,140.14,139.37,139.77,67382.761
1768226400000,139.76,140.82,138.69,140.44,206570.596
1768230000000,140.45,142.74,140.05,142.58,193484.772
1768233600000,142.58,144.33,142.11,142.97,370806.035
1768237200000,142.98,143.71,141.15,141.94,199143.308
1768240800000,141.94,142.88,140.58,141.23,182146.816
1768244400000,141.22,141.48,140.63,140.99,107825.577
1768248000000,141.0,141.86,140.0,140.23,91997.558
1768251600000,140.23,140.25,138.34,138.81,160216.389
1768255200000,138.82,139.85,138.78,139.17,108863.684
1768258800000,139.17,139.52,138.62,139.22,173884.527
1768262400000,139.21,139.45,138.69,139.3,125493.613
1768266000000,139.3,139.58,138.46,138.88,162597.996
1768269600000,138.88,139.31,138.12,138.38,165662.265
1768273200000,138.37,138.79,137.82,138.74,84335.467
1768276800000,138.75,139.15,138.39,139.14,44572.816
1768280400000,139.14,140.51,138.81,139.95,200246.139
1768284000000,139.95,140.76,139.83,140.62,116065.513
1768287600000,140.62,140.69,139.97,139.97,59826.481
1768291200000,139.97,141.85,139.97,141.6,85091.754
1768294800000,141.59,143.12,141.27,141.96,298962.127
1768298400000,141.96,142.62,141.7,142.09,208453.467
1768302000000,142.1,142.27,141.53,141.84,83747.214
1768305600000,141.84,142.36,141.37,142.24,76441.87
1768309200000,142.24,143.46,141.79,142.46,353071.183
1768312800000,142.45,143.84,141.66,142.06,246327.069
1768316400000,142.05,143.53,141.21,143.51,231930.16
1768320000000,143.51,144.55,142.87,143.17,223050.402
1768323600000,143.17,143.63,142.43,142.9,128020.992
1768327200000,142.89,143.89,142.68,143.47,85579.693
1768330800000,143.47,144.44,143.08,144.24,96376.706
1768334400000,144.24,144.43,143.0,143.82,119304.123
1768338000000,143.82,144.3,143.37,143.38,74674.336
1768341600000,143.39,148.74,143.39,146.96,651459.789
1768345200000,146.96,147.6,144.63,145.51,273791.293
1768348800000,145.52,145.88,144.33,145.05,219968.567
1768352400000,145.05,146.2,144.93,145.7,151934.946
1768356000000,145.69,146.6,145.32,145.51,117888.759
1768359600000,145.5,146.37,145.17,146.29,150554.753
1768363200000,146.28,146.46,144.81,144.91,147571.765
1768366800000,144.91,145.19,144.34,144.47,108928.396
1768370400000,144.47,144.72,143.92,144.7,144819.292
1768374000000,144.7,145.06,144.15,144.86,139269.2
1768377600000,144.85,145.19,144.64,144.91,88516.679
1768381200000,144.91,145.63,144.86,145.5,89044.976
1768384800000,145.49,145.76,144.55,144.74,103057.587
1768388400000,144.74,144.74,143.53,143.77,98787.235
1768392000000,143.76,144.78,143.37,144.57,120304.728
1768395600000,144.57,144.92,144.04,144.24,181116.414
1768399200000,144.23,147.56,144.23,146.64,341295.909
1768402800000,146.64,147.55,145.95,147.07,283189.814
1768406400000,147.07,148.44,146.84,147.08,401069.463
1768410000000,147.07,147.65,145.73,145.98,173793.257
1768413600000,145.98,147.46,145.32,146.35,134813.384
1768417200000,146.35,147.58,146.14,146.8,143224.485
1768420800000,146.8,147.73,146.56,147.52,105589.515
1768424400000,147.53,147.53,146.27,146.93,74112.752
1768428000000,146.93,147.17,145.84,146.18,83089.698
1768431600000,146.19,147.11,146.05,146.69,93135.804
1768435200000,146.7,146.73,145.49,146.05,83594.113
1768438800000,146.06,146.51,144.76,145.18,115903.858
1768442400000,145.17,145.53,144.28,144.52,123493.301
1768446000000,144.53,144.73,143.21,143.49,158910.689
1768449600000,143.49,144.46,143.28,144.45,101399.363
1768453200000,144.45,144.83,144.3,144.6,51200.558
1768456800000,144.6,144.89,144.07,144.19,63020.557
1768460400000,144.2,145.29,144.08,144.99,63410.713
1768464000000,145.0,145.25,144.02,144.89,89288.783
1768467600000,144.89,146.0,144.46,145.63,83355.258
1768471200000,145.63,145.68,145.19,145.43,58879.816
1768474800000,145.42,145.69,144.82,144.86,61676.799
1768478400000,144.85,145.07,144.32,144.88,105925.383
1768482000000,144.88,145.34,144.51,145.19,141167.317
1768485600000,145.19,145.65,143.21,143.94,206045.784
1768489200000,143.93,144.36,141.78,143.48,306760.062
1768492800000,143.48,144.03,142.8,143.54,115664.148
1768496400000,143.54,144.2,142.5,142.66,86540.913
1768500000000,142.67,143.03,141.46,141.57,142585.059
1768503600000,141.56,141.85,140.9,141.53,104634.675
1768507200000,141.53,141.91,141.02,141.45,82328.273
1768510800000,141.45,142.27,141.3,142.1,39102.477
1768514400000,142.1,142.58,141.98,142.41,35220.174
1768518000000,142.4,142.66,142.06,142.4,42035.066
1768521600000,142.41,142.82,142.23,142.46,46380.845
1768525200000,142.45,142.73,141.98,142.35,38518.92
1768528800000,142.35,142.35,141.68,142.19,55342.567
1768532400000,142.2,142.47,141.87,141.97,48072.175
1768536000000,141.97,142.74,141.39,141.68,129512.982
1768539600000,141.67,143.63,141.4,143.19,119303.573
1768543200000,143.19,143.38,142.74,143.32,49600.344
1768546800000,143.32,143.33,142.6,142.95,59662.529
1768550400000,142.95,143.46,142.93,143.16,62351.588
1768554000000,143.15,143.47,142.88,143.06,41938.072
1768557600000,143.05,143.17,142.71,143.09,30512.4
1768561200000,143.1,143.55,142.8,143.14,85469.558
1768564800000,143.14,143.86,143.11,143.66,104014.669
1768568400000,143.66,143.66,142.68,143.07,56983.085
1768572000000,143.07,143.75,142.83,143.02,71843.642
1768575600000,143.01,143.67,140.26,140.78,211734.095
1768579200000,140.77,142.0,140.65,141.91,106520.206
1768582800000,141.92,143.42,141.41,143.31,92724.775
1768586400000,143.31,144.19,142.98,143.53,116011.278
1768590000000,143.53,144.52,143.01,144.18,73840.055
1768593600000,144.17,145.0,143.49,144.95,73945.836
1768597200000,144.95,145.55,144.69,145.03,98084.811
1768600800000,145.03,145.13,144.58,144.92,77066.726
1768604400000,144.93,145.2,144.73,144.89,51444.295
1768608000000,144.9,144.99,144.2,144.32,43065.201
1768611600000,144.33,144.82,144.22,144.66,98048.343
1768615200000,144.65,144.68,144.25,144.59,22399.0
1768618800000,144.59,144.62,144.24,144.37,20460.207
1768622400000,144.36,144.5,144.23,144.33,21696.789
1768626000000,144.33,144.37,143.94,143.96,26863.513
1768629600000,143.97,144.1,143.76,143.85,18570.345
1768633200000,143.86,143.97,143.64,143.64,19923.391
1768636800000,143.64,144.28,143.6,144.21,31291.306
1768640400000,144.22,144.65,143.99,144.45,36944.737
1768644000000,144.46,144.63,143.92,143.96,37234.823
1768647600000,143.95,144.19,143.32,144.0,57313.169
1768651200000,144.0,144.08,143.67,143.76,23242.728
1768654800000,143.77,144.05,143.6,143.99,33223.901
1768658400000,144.0,144.26,143.74,143.92,53532.724
1768662000000,143.91,144.35,143.7,144.33,42307.028
1768665600000,144.33,144.33,143.64,143.89,67847.953
1768669200000,143.89,144.25,143.83,144.07,26003.955
1768672800000,144.07,144.29,143.98,144.28,16887.898
1768676400000,144.28,144.55,144.12,144.27,26110.801
1768680000000,144.26,144.58,144.19,144.51,19865.153
1768683600000,144.51,144.58,144.22,144.26,26901.178
1768687200000,144.25,144.26,143.51,143.76,30788.049
1768690800000,143.76,144.1,143.65,143.72,34632.569
1768694400000,143.73,144.0,143.07,143.23,89537.908
1768698000000,143.23,143.41,142.08,142.77,134176.09
1768701600000,142.76,143.04,141.95,142.54,85758.377
1768705200000,142.55,142.95,142.36,142.83,41352.365
1768708800000,142.82,142.94,142.54,142.83,27137.771
1768712400000,142.83,143.0,142.54,142.84,69150.81
1768716000000,142.85,143.04,142.55,142.7,75252.276
1768719600000,142.71,142.72,142.03,142.11,64400.645
1768723200000,142.12,142.46,141.93,142.43,57490.394
1768726800000,142.43,142.65,142.32,142.54,34931.139
1768730400000,142.53,142.55,142.17,142.43,44702.173
1768734000000,142.42,142.49,142.19,142.39,24865.19
1768737600000,142.39,142.53,142.17,142.24,35991.344
1768741200000,142.24,142.5,142.0,142.38,55892.74
1768744800000,142.37,142.73,141.62,141.72,88440.84
1768748400000,141.73,142.13,141.5,142.0,55161.235
1768752000000,141.99,142.23,141.75,142.03,29577.665
1768755600000,142.02,142.52,141.85,142.36,110528.815
1768759200000,142.35,142.97,142.08,142.76,99369.128
1768762800000,142.76,143.25,142.1,142.27,87371.665
1768766400000,142.28,142.56,141.94,142.46,37109.285
1768770000000,142.47,142.79,142.4,142.65,20372.618
1768773600000,142.66,143.04,142.48,142.86,101328.624
1768777200000,142.86,142.86,137.74,137.87,407539.601
1768780800000,137.87,137.87,130.0,133.77,1224549.27
1768784400000,133.76,134.46,133.42,133.8,245111.52
1768788000000,133.8,134.11,133.47,133.82,96915.874
1768791600000,133.81,134.12,133.61,133.94,93363.297
1768795200000,133.93,134.09,133.5,133.69,90622.553
1768798800000,133.69,133.99,133.34,133.35,117106.412
1768802400000,133.36,133.44,132.71,133.28,96467.946
1768806000000,133.28,133.57,133.2,133.47,51951.647
1768809600000,133.47,134.05,133.28,133.87,110205.607
1768813200000,133.86,134.03,133.54,133.75,80968.947
1768816800000,133.75,133.85,133.53,133.8,58949.717
1768820400000,133.8,134.37,133.63,134.13,68998.733
1768824000000,134.12,134.19,133.71,134.13,64466.467
1768827600000,134.13,134.16,133.58,133.73,54556.597
1768831200000,133.73,133.78,133.27,133.51,58745.107
1768834800000,133.51,133.93,133.42,133.55,59831.428
1768838400000,133.55,134.65,133.48,134.46,67821.696
1768842000000,134.47,134.52,134.08,134.29,50323.274
1768845600000,134.3,134.43,133.89,134.28,34538.12
1768849200000,134.28,134.71,134.24,134.45,27722.07
1768852800000,134.46,135.16,134.45,134.69,35874.411
1768856400000,134.69,134.99,134.07,134.09,27738.892
1768860000000,134.09,134.21,132.91,132.97,86603.826
1768863600000,132.97,133.94,132.74,133.44,69091.359
1768867200000,133.44,133.95,133.07,133.73,46933.257
1768870800000,133.72,134.28,133.29,133.86,33309.578
1768874400000,133.87,134.15,133.35,133.84,54643.631
1768878000000,133.84,134.63,133.49,134.24,112017.822
1768881600000,134.25,134.27,133.21,133.39,79047.107
1768885200000,133.39,133.53,132.4,133.03,121125.296
1768888800000,133.03,133.03,131.07,131.23,271732.467
1768892400000,131.23,131.78,130.56,130.62,149037.821
1768896000000,130.62,130.8,128.36,129.09,545824.977
1768899600000,129.08,129.15,128.55,128.91,148367.883
1768903200000,128.91,129.35,128.73,128.91,89562.351
1768906800000,128.9,129.47,128.72,128.81,78146.938
1768910400000,128.81,129.52,128.73,129.34,81875.599
1768914000000,129.34,129.36,128.4,128.43,111135.014
1768917600000,128.43,129.77,127.97,128.87,233867.727
1768921200000,128.87,128.97,127.24,127.86,254362.611
1768924800000,127.86,128.59,126.3,127.07,272307.429
1768928400000,127.08,127.95,126.36,126.98,140397.772
1768932000000,126.97,127.71,126.84,126.97,132571.957
1768935600000,126.96,127.53,126.59,127.25,58754.412
1768939200000,127.24,128.08,127.0,127.82,97927.429
1768942800000,127.82,127.96,126.95,126.96,40542.757
1768946400000,126.96,127.48,124.68,126.1,261340.303
1768950000000,126.09,126.5,125.6,125.8,117591.742
1768953600000,125.81,127.5,125.75,127.31,89787.895
1768957200000,127.31,127.86,127.2,127.35,77415.642
1768960800000,127.36,127.8,126.78,126.93,62484.625
1768964400000,126.93,127.84,126.88,127.61,51402.939
1768968000000,127.61,128.04,127.45,127.77,40569.416
1768971600000,127.77,128.75,127.74,128.52,95036.437
1768975200000,128.51,128.62,128.02,128.24,57434.736
1768978800000,128.24,128.45,127.5,127.62,68333.697
1768982400000,127.61,127.69,127.0,127.17,57353.607
1768986000000,127.16,127.78,127.05,127.47,72434.253
1768989600000,127.46,128.19,127.42,127.73,61664.344
1768993200000,127.74,127.91,126.8,126.94,72723.834
1768996800000,126.94,127.44,126.17,127.42,130888.221
1769000400000,127.42,127.63,126.81,127.1,76221.51
1769004000000,127.1,129.75,126.96,129.55,358370.208
1769007600000,129.55,131.18,129.37,130.43,355549.433
1769011200000,130.43,130.47,125.51,125.59,264324.287
1769014800000,125.58,127.05,125.26,126.92,222449.597
1769018400000,126.92,127.86,126.35,127.62,109162.995
1769022000000,127.61,131.68,127.2,131.5,362798.942
1769025600000,131.49,131.65,130.01,131.15,188285.576
1769029200000,131.15,132.17,130.75,131.05,107730.865
1769032800000,131.06,131.76,130.59,130.61,86630.358
1769036400000,130.61,131.05,129.16,129.54,92682.943
1769040000000,129.53,130.36,129.53,130.01,43551.628
1769043600000,130.01,130.62,129.88,130.25,60620.127
1769047200000,130.24,130.62,129.73,129.8,48014.113
1769050800000,129.8,130.3,129.54,129.86,41744.711
1769054400000,129.85,130.5,129.8,130.36,51765.302
1769058000000,130.36,130.45,129.97,130.11,25118.506
1769061600000,130.12,130.43,129.75,130.35,46026.269
1769065200000,130.36,130.44,129.77,129.81,36721.151
1769068800000,129.8,130.1,129.35,129.94,59426.732
1769072400000,129.93,130.27,129.6,130.16,45100.854
1769076000000,130.16,130.35,130.02,130.16,36724.933
1769079600000,130.16,130.34,129.72,130.11,52218.106
1769083200000,130.11,130.45,129.98,130.1,49086.166
1769086800000,130.09,130.94,129.1,129.37,109079.818
1769090400000,129.36,129.5,127.84,127.91,191547.35
1769094000000,127.91,128.63,126.73,127.41,274223.324
1769097600000,127.42,128.33,126.92,127.9,135459.053
1769101200000,127.9,128.82,127.55,128.7,82632.671
1769104800000,128.7,128.8,127.63,127.73,88755.307
1769108400000,127.74,129.37,127.45,129.26,91462.682
1769112000000,129.26,129.76,128.33,128.49,80006.677
1769115600000,128.5,129.07,128.22,128.31,62674.628
1769119200000,128.32,128.78,128.02,128.71,71075.18
1769122800000,128.71,128.72,128.12,128.47,28551.174
1769126400000,128.47,128.52,128.08,128.35,20335.598
1769130000000,128.36,128.94,128.29,128.9,50300.829
1769133600000,128.91,128.98,128.18,128.19,87449.146
1769137200000,128.18,128.78,128.14,128.76,23921.896
1769140800000,128.76,129.29,128.62,129.12,51597.83
1769144400000,129.13,129.13,128.36,128.67,32387.492
1769148000000,128.68,129.14,127.23,127.5,92786.786
1769151600000,127.51,128.1,127.51,127.93,41541.868
1769155200000,127.93,128.0,127.0,127.11,52730.908
1769158800000,127.11,127.39,126.94,127.08,56779.19
1769162400000,127.08,127.5,127.02,127.28,42307.324
1769166000000,127.29,127.76,127.23,127.54,39080.059
1769169600000,127.54,127.54,127.16,127.19,31937.548
1769173200000,127.19,127.4,126.76,126.83,104557.343
1769176800000,126.84,127.37,125.28,126.11,220683.568
1769180400000,126.11,128.1,125.53,127.9,179137.668
1769184000000,127.9,129.2,127.46,128.46,258702.171
1769187600000,128.46,130.2,127.88,128.45,179723.029
1769191200000,128.45,129.56,128.26,129.05,88852.2
1769194800000,129.05,129.13,127.77,128.08,114421.467
1769198400000,128.08,128.26,126.54,126.97,117205.542
1769202000000,126.97,127.57,126.89,127.15,39357.237
1769205600000,127.14,127.89,127.11,127.68,34580.728
1769209200000,127.67,127.67,127.26,127.43,83685.65
1769212800000,127.43,127.75,127.37,127.41,30867.441
1769216400000,127.4,127.57,127.29,127.55,21845.976
1769220000000,127.55,127.8,127.49,127.72,24715.929
1769223600000,127.72,128.12,127.6,127.91,37298.555
1769227200000,127.91,128.11,127.69,127.85,36257.043
1769230800000,127.85,127.91,127.64,127.81,25243.285
1769234400000,127.82,127.83,127.54,127.66,15150.565
1769238000000,127.66,127.68,126.89,127.11,104041.196
1769241600000,127.12,127.4,126.99,127.36,35736.729
1769245200000,127.36,127.36,127.0,127.09,31043.616
1769248800000,127.1,127.25,126.93,127.19,30637.278
1769252400000,127.19,127.37,127.12,127.17,22638.715
1769256000000,127.17,127.38,127.09,127.31,31336.463
1769259600000,127.3,127.31,126.94,126.94,36123.535
1769263200000,126.94,127.28,126.81,127.16,32917.114
1769266800000,127.16,127.41,126.8,126.85,36656.112
1769270400000,126.85,127.13,126.64,127.01,39338.257
1769274000000,127.02,127.29,126.96,127.26,21514.488
1769277600000,127.26,127.47,127.16,127.39,38254.84
1769281200000,127.39,127.51,127.24,127.3,43682.616
1769284800000,127.3,127.51,127.26,127.29,17456.938
1769288400000,127.3,127.34,127.1,127.13,34314.235
1769292000000,127.13,127.71,127.12,127.64,31966.369
1769295600000,127.64,127.76,127.17,127.21,28382.7
1769299200000,127.22,127.46,126.82,127.34,39333.833
1769302800000,127.33,127.42,126.96,127.14,35681.151
1769306400000,127.15,127.42,126.92,127.05,37772.36
1769310000000,127.06,127.13,126.35,126.64,49535.012
1769313600000,126.64,127.0,126.5,126.77,34334.071
1769317200000,126.77,126.96,126.63,126.94,24859.006
1769320800000,126.94,126.94,126.43,126.72,25678.709
1769324400000,126.72,126.72,126.35,126.47,33653.299
1769328000000,126.47,126.83,125.98,126.23,78413.62
1769331600000,126.23,126.9,126.11,126.7,62316.979
1769335200000,126.69,127.2,126.61,126.94,39173.012
1769338800000,126.95,126.97,126.56,126.77,17769.408
1769342400000,126.77,127.04,126.58,127.03,40222.812
1769346000000,127.03,127.12,126.48,126.96,36667.013
1769349600000,126.97,126.98,125.68,126.09,65097.286
1769353200000,126.09,126.32,125.48,125.59,83147.174
1769356800000,125.58,125.58,122.2,122.78,745309.57
1769360400000,122.78,122.99,121.6,122.22,279850.173
1769364000000,122.22,122.31,120.74,121.69,320298.732
1769367600000,121.69,121.87,117.15,117.96,959971.677
1769371200000,117.96,118.7,117.38,118.33,843492.715
1769374800000,118.33,118.95,117.62,118.83,351319.287
1769378400000,118.83,118.85,117.9,118.42,132522.112
1769382000000,118.42,119.45,117.53,118.85,204460.438
1769385600000,118.85,119.8,118.53,119.65,144927.541
1769389200000,119.65,122.77,119.57,122.4,175806.348
1769392800000,122.4,122.68,121.29,122.03,77299.779
1769396400000,122.03,122.33,121.11,121.57,80916.444
1769400000000,121.58,123.62,121.57,122.59,104472.386
1769403600000,122.59,122.9,122.41,122.48,42577.681
1769407200000,122.48,122.77,122.19,122.48,46486.887
1769410800000,122.49,123.01,122.23,122.89,55540.075
1769414400000,122.9,123.59,122.27,122.69,97546.898
1769418000000,122.7,122.74,121.76,121.93,83548.744
1769421600000,121.94,122.7,121.94,122.45,72701.762
1769425200000,122.46,122.7,122.41,122.5,41233.723
1769428800000,122.51,122.99,122.35,122.68,88321.94
1769432400000,122.69,123.28,122.53,123.16,69724.092
1769436000000,123.16,124.26,122.66,123.8,190226.062
1769439600000,123.8,125.2,123.04,123.53,246381.08
1769443200000,123.53,124.88,123.17,124.3,127507.632
1769446800000,124.31,124.67,123.03,124.28,130365.53
1769450400000,124.29,125.6,123.96,124.9,155853.931
1769454000000,124.91,125.13,124.18,124.31,58613.36
1769457600000,124.31,124.47,123.42,123.7,85142.478
1769461200000,123.7,124.81,123.52,124.52,81675.694
1769464800000,124.52,124.88,124.26,124.54,47220.758
1769468400000,124.53,124.87,124.13,124.24,51660.538
1769472000000,124.24,124.42,123.88,124.09,35086.727
1769475600000,124.09,124.58,123.73,124.34,54064.276
1769479200000,124.35,125.12,124.32,125.04,74452.009
1769482800000,125.04,125.17,124.4,124.51,58439.722
1769486400000,124.51,125.15,124.27,124.42,48741.123
1769490000000,124.43,124.53,124.15,124.47,52340.971
1769493600000,124.47,124.74,124.0,124.21,36585.913
1769497200000,124.22,124.65,124.04,124.52,60099.208
1769500800000,124.52,124.79,123.99,124.06,73380.186
1769504400000,124.06,124.08,123.57,123.74,85718.06
1769508000000,123.75,124.14,123.69,123.72,32290.299
1769511600000,123.72,124.29,123.61,124.12,32874.894
1769515200000,124.12,124.34,123.83,123.89,38733.447
1769518800000,123.89,123.93,123.12,123.2,41637.018
1769522400000,123.2,124.52,123.17,123.64,118292.719
1769526000000,123.65,125.06,123.45,125.01,98820.871
1769529600000,125.01,126.79,124.99,126.32,241959.356
1769533200000,126.31,126.33,123.55,124.05,172575.78
1769536800000,124.05,126.3,123.8,125.81,132642.282
1769540400000,125.82,126.27,125.4,125.85,88198.195
1769544000000,125.84,127.52,125.73,127.36,213405.074
1769547600000,127.36,127.84,126.93,127.06,121165.487
1769551200000,127.07,127.8,126.98,127.62,67943.242
1769554800000,127.62,127.65,127.12,127.19,57062.183
1769558400000,127.18,127.31,126.65,127.26,69587.438
1769562000000,127.26,127.52,126.71,127.09,49972.438
1769565600000,127.08,127.4,126.7,127.07,41292.057
1769569200000,127.07,127.25,126.71,126.96,36247.357
1769572800000,126.96,127.03,126.47,126.84,54792.494
1769576400000,126.84,126.99,126.45,126.77,39744.009
1769580000000,126.77,127.53,126.77,127.4,48840.519
1769583600000,127.41,127.54,126.95,127.1,47577.071
1769587200000,127.09,127.29,126.61,126.67,60888.168
1769590800000,126.68,127.61,125.97,127.6,113796.574
1769594400000,127.61,128.13,127.29,127.32,71196.706
1769598000000,127.32,128.34,127.17,128.17,106916.053
1769601600000,128.16,128.25,127.03,127.25,93775.526
1769605200000,127.25,127.87,126.87,127.35,124448.169
1769608800000,127.35,127.35,126.48,126.87,138652.417
1769612400000,126.86,127.17,125.52,126.07,159457.561
1769616000000,126.06,126.64,125.6,126.09,77690.154
1769619600000,126.09,127.04,125.26,126.53,116096.454
1769623200000,126.53,126.55,125.7,126.09,75739.898
1769626800000,126.09,126.72,125.3,126.01,164495.316
1769630400000,126.0,126.68,125.34,125.44,117569.402
1769634000000,125.44,125.84,124.78,125.48,96195.112
1769637600000,125.49,125.85,125.16,125.73,37148.61
1769641200000,125.73,125.78,125.07,125.35,55744.025
1769644800000,125.34,125.51,124.57,125.13,54357.452
1769648400000,125.12,125.24,124.13,124.33,72618.165
1769652000000,124.33,124.82,123.14,123.52,146265.486
1769655600000,123.51,123.79,122.7,123.07,105761.164
1769659200000,123.07,123.52,122.5,123.42,57827.31
1769662800000,123.42,123.82,123.15,123.26,47319.808
1769666400000,123.25,123.72,123.11,123.69,37534.722
1769670000000,123.69,123.98,123.65,123.78,39771.657
1769673600000,123.78,123.93,123.16,123.3,54359.578
1769677200000,123.3,123.38,122.96,123.03,39351.242
1769680800000,123.03,123.3,122.92,123.21,40721.49
1769684400000,123.21,123.3,122.66,122.76,69819.861
1769688000000,122.76,123.18,122.45,122.85,57908.852
1769691600000,122.85,123.34,122.68,122.91,56247.176
1769695200000,122.91,123.09,120.29,120.37,214142.814
1769698800000,120.38,120.44,116.12,117.69,822416.593
1769702400000,117.69,118.99,116.74,118.96,373616.32
1769706000000,118.95,119.96,117.68,117.91,282061.164
1769709600000,117.92,118.19,115.39,115.78,407264.532
1769713200000,115.77,117.21,115.43,116.84,288909.911
1769716800000,116.84,117.47,116.56,116.95,181237.678
1769720400000,116.95,117.72,116.92,117.45,119123.654
1769724000000,117.46,117.79,117.32,117.58,70192.149
1769727600000,117.58,117.91,117.27,117.82,91784.695
1769731200000,117.82,118.14,117.5,117.63,72173.697
1769734800000,117.64,117.91,112.14,115.22,700460.015
1769738400000,115.22,115.37,112.78,114.12,304132.802
1769742000000,114.12,114.68,113.55,114.43,157237.666
1769745600000,114.44,115.83,114.29,115.58,206669.169
1769749200000,115.58,116.1,115.44,115.46,92621.64
1769752800000,115.47,115.47,113.01,113.86,186173.894
1769756400000,113.87,116.13,113.87,115.78,230423.41
1769760000000,115.78,116.18,115.17,115.39,98998.314
1769763600000,115.39,116.04,114.67,115.37,187833.933
1769767200000,115.37,115.99,115.08,115.92,135180.293
1769770800000,115.91,117.28,115.77,117.08,112192.16
1769774400000,117.08,117.33,115.96,116.27,125964.165
1769778000000,116.28,116.4,115.21,115.81,158022.987
1769781600000,115.81,117.64,115.78,116.36,205040.888
1769785200000,116.36,117.14,114.58,116.8,229905.559
1769788800000,116.8,117.99,116.21,117.14,197452.451
1769792400000,117.14,117.77,116.55,116.64,135370.509
1769796000000,116.63,118.6,114.34,118.1,407588.867
1769799600000,118.1,119.12,118.1,118.3,308936.132
1769803200000,118.29,118.43,116.52,117.01,287832.556
1769806800000,117.01,118.0,116.86,117.38,111021.08
1769810400000,117.38,117.56,116.58,117.4,51433.974
1769814000000,117.39,117.63,116.9,117.59,58340.581
1769817600000,117.6,117.98,117.39,117.55,74010.134
1769821200000,117.54,118.37,117.54,118.17,88350.516
1769824800000,118.17,118.56,117.6,118.31,91171.039
1769828400000,118.31,118.66,118.18,118.39,67125.54
1769832000000,118.39,118.85,118.28,118.44,71708.237
1769835600000,118.44,118.77,118.01,118.62,113508.253
1769839200000,118.62,118.8,117.9,118.54,127097.967
1769842800000,118.55,118.6,117.2,117.37,123774.527
1769846400000,117.38,117.53,114.29,115.62,515928.384
1769850000000,115.62,116.83,115.39,116.36,159270.208
1769853600000,116.35,116.92,116.04,116.78,95584.744
1769857200000,116.79,116.79,115.97,116.05,98006.581
1769860800000,116.06,116.19,115.01,115.19,149919.939
1769864400000,115.19,115.23,113.61,114.16,233995.442
1769868000000,114.16,114.43,108.23,109.14,1084375.261
1769871600000,109.14,110.2,108.39,108.65,322151.589
1769875200000,108.65,109.83,105.61,106.28,714247.32
1769878800000,106.27,106.73,100.26,103.31,1607334.106
1769882400000,103.3,103.88,96.4,101.96,1364930.58
1769886000000,101.96,103.49,101.5,101.78,540174.932
1769889600000,101.77,102.58,100.4,101.99,248996.895
1769893200000,101.99,103.8,101.31,103.49,272806.794
1769896800000,103.5,104.39,103.32,104.12,144380.854
1769900400000,104.11,106.55,103.86,105.58,258548.484
1769904000000,105.58,106.43,105.32,105.67,126041.394
1769907600000,105.67,105.81,104.23,104.99,134368.769
1769911200000,104.99,105.99,104.77,105.56,86468.395
1769914800000,105.56,105.68,104.53,104.97,74562.008
1769918400000,104.97,105.51,104.8,105.2,70836.341
1769922000000,105.21,105.71,104.5,104.69,107662.538
1769925600000,104.69,105.44,104.53,105.07,67431.943
1769929200000,105.08,106.02,103.96,105.2,150931.224
1769932800000,105.2,106.06,104.81,105.52,104946.087
1769936400000,105.52,105.94,104.96,105.79,70479.476
1769940000000,105.8,105.85,103.59,103.75,172599.2
1769943600000,103.76,105.4,103.73,105.05,114098.12
1769947200000,105.06,105.19,104.13,105.05,112117.409
1769950800000,105.04,106.69,104.08,104.45,239797.437
1769954400000,104.45,104.81,101.75,102.95,396592.179
1769958000000,102.96,102.96,100.21,101.69,285436.953
1769961600000,101.7,102.89,100.93,101.73,193048.485
1769965200000,101.73,102.5,101.13,102.44,138966.924
1769968800000,102.44,104.27,102.43,103.45,221112.844
1769972400000,103.44,103.77,101.56,101.94,121292.53
1769976000000,101.94,102.87,100.19,101.59,243862.735
1769979600000,101.59,101.71,100.13,100.85,173272.634
1769983200000,100.85,102.88,100.82,101.8,148936.336
1769986800000,101.79,102.05,98.02,100.79,649394.09
1769990400000,100.78,102.9,99.65,102.28,388170.014
1769994000000,102.28,103.14,100.41,102.09,200480.789
1769997600000,102.1,102.74,100.57,100.75,171221.396
1770001200000,100.75,100.88,95.95,100.07,751071.305
1770004800000,100.08,101.79,98.66,100.31,256969.433
1770008400000,100.3,100.46,97.67,98.3,320609.52
1770012000000,98.3,101.4,97.07,100.72,663349.31
1770015600000,100.72,102.43,100.46,101.43,334885.952
1770019200000,101.42,102.49,101.36,101.7,265638.565
1770022800000,101.71,103.19,101.42,102.79,271740.85
1770026400000,102.79,103.45,102.62,102.88,128297.428
1770030000000,102.89,103.44,102.65,102.78,125649.771
1770033600000,102.78,103.78,102.78,103.3,103997.092
1770037200000,103.29,103.7,102.83,103.33,94483.569
1770040800000,103.33,105.14,102.39,103.97,326326.232
1770044400000,103.97,106.12,103.56,104.7,361531.853
1770048000000,104.69,105.78,104.28,105.0,168382.676
1770051600000,105.0,105.58,104.45,104.81,139614.847
1770055200000,104.81,105.04,103.88,104.72,110398.202
1770058800000,104.72,104.84,103.51,103.89,97318.24
1770062400000,103.88,104.26,103.32,103.84,117301.349
1770066000000,103.85,104.99,103.8,104.84,71731.119
1770069600000,104.84,105.2,104.55,105.02,50345.646
1770073200000,105.02,105.07,104.41,104.55,54517.523
1770076800000,104.54,104.67,103.7,104.18,104401.334
1770080400000,104.17,104.4,103.56,104.39,74503.014
1770084000000,104.4,104.4,102.35,102.44,94235.257
1770087600000,102.44,104.42,102.18,104.16,139835.881
1770091200000,104.17,105.1,103.86,104.68,65013.811
1770094800000,104.68,104.73,103.65,103.72,59729.763
1770098400000,103.72,104.08,102.96,103.98,93535.533
1770102000000,103.98,104.91,103.75,104.7,84268.477
1770105600000,104.7,105.04,104.07,104.11,91071.169
1770109200000,104.11,104.21,102.54,103.15,169415.452
1770112800000,103.14,103.35,102.5,102.9,94786.204
1770116400000,102.91,103.42,102.83,103.01,70281.313
1770120000000,103.01,103.38,102.53,103.13,120153.518
1770123600000,103.13,103.59,102.74,103.42,92001.779
1770127200000,103.41,103.65,100.75,100.86,240476.164
1770130800000,100.85,102.79,100.41,102.56,363592.435
1770134400000,102.56,102.56,99.96,100.73,292972.486
1770138000000,100.72,100.97,99.03,99.11,261309.985
1770141600000,99.11,99.43,96.64,96.84,492016.125
1770145200000,96.83,100.1,96.7,99.02,422917.456
1770148800000,99.01,102.07,98.31,101.14,463864.095
1770152400000,101.14,101.85,100.0,100.2,217826.199
1770156000000,100.21,100.29,98.15,98.48,174220.531
1770159600000,98.48,98.6,97.21,97.89,231590.134
1770163200000,97.89,98.8,97.17,97.99,159961.645
1770166800000,97.99,99.67,97.99,99.12,218613.585
1770170400000,99.12,99.2,97.41,97.93,114405.673
1770174000000,97.94,99.64,97.92,99.13,152272.144
1770177600000,99.12,99.35,98.04,98.09,92965.528
1770181200000,98.1,98.46,96.46,97.02,179530.995
1770184800000,97.02,98.8,96.78,98.25,152204.959
1770188400000,98.25,98.25,97.41,97.9,137254.97
1770192000000,97.91,97.96,96.77,97.73,129646.36
1770195600000,97.72,97.79,96.76,97.14,218414.914
1770199200000,97.14,97.29,96.76,97.03,137721.348
1770202800000,97.03,97.07,94.71,96.11,538023.224
1770206400000,96.12,96.73,95.86,96.47,115606.188
1770210000000,96.47,96.48,94.17,94.39,239663.684
1770213600000,94.38,95.04,92.95,93.13,424135.443
1770217200000,93.12,94.2,91.31,92.79,528333.294
1770220800000,92.8,93.13,90.98,91.97,433203.065
1770224400000,91.97,92.63,90.0,91.44,421163.314
1770228000000,91.45,93.24,90.35,92.3,451732.674
1770231600000,92.3,94.71,92.28,94.38,315268.825
1770235200000,94.38,94.5,93.0,93.24,165959.333
1770238800000,93.24,93.39,90.73,91.32,329000.461
1770242400000,91.33,92.9,89.3,90.82,348795.709
1770246000000,90.82,92.94,90.26,92.12,247582.036
1770249600000,92.11,92.76,91.37,91.74,135956.978
1770253200000,91.75,92.89,90.52,91.94,229315.953
1770256800000,91.94,92.72,90.7,90.93,251723.337
1770260400000,90.92,91.69,90.24,91.15,233855.042
1770264000000,91.14,91.92,90.32,91.13,309041.126
1770267600000,91.13,92.11,89.92,91.17,338190.784
1770271200000,91.17,91.24,89.68,90.21,290107.668
1770274800000,90.22,91.66,90.16,90.54,206321.3
1770278400000,90.55,92.46,90.55,91.77,187136.515
1770282000000,91.77,93.43,91.74,92.5,221009.002
1770285600000,92.51,92.66,89.8,90.31,256513.571
1770289200000,90.31,90.82,88.66,89.98,396887.146
1770292800000,89.98,90.76,88.68,89.53,335956.945
1770296400000,89.52,90.06,88.2,88.48,235626.321
1770300000000,88.48,91.43,88.31,88.6,402176.134
1770303600000,88.6,88.99,83.44,84.61,1244012.124
1770307200000,84.61,86.2,83.69,85.55,620015.939
1770310800000,85.55,85.73,82.44,82.7,566133.877
1770314400000,82.7,83.34,81.21,82.96,519726.287
1770318000000,82.96,83.31,81.41,81.68,257589.954
1770321600000,81.68,82.3,77.68,78.84,1411253.151
1770325200000,78.84,81.2,78.38,79.0,617082.215
1770328800000,79.01,80.68,77.6,79.81,540957.902
1770332400000,79.81,81.63,78.08,78.35,436766.209
1770336000000,78.34,78.8,67.5,75.51,3089489.443
1770339600000,75.51,79.79,75.48,79.6,700827.467
1770343200000,79.6,80.3,76.4,76.95,611199.893
1770346800000,76.95,77.4,75.73,76.71,456321.363
1770350400000,76.71,78.03,76.22,77.76,253885.587
1770354000000,77.75,81.65,77.59,81.15,395672.114
1770357600000,81.15,81.6,79.39,79.5,345800.297
1770361200000,79.51,80.61,78.76,79.59,322896.132
1770364800000,79.6,80.23,78.67,79.07,298250.313
1770368400000,79.07,81.69,78.95,81.34,275609.175
1770372000000,81.34,82.04,80.74,80.81,287047.944
1770375600000,80.81,81.75,80.46,81.36,193389.344
1770379200000,81.36,81.96,80.85,81.89,194847.569
1770382800000,81.9,83.85,81.7,83.11,478357.397
1770386400000,83.11,85.19,81.9,84.18,557554.302
1770390000000,84.18,85.06,83.4,84.49,474300.983
1770393600000,84.48,87.23,83.66,86.74,556817.838
1770397200000,86.74,88.72,86.16,86.73,528459.779
1770400800000,86.73,86.87,85.23,86.17,327231.78
1770404400000,86.17,87.45,85.56,87.09,321039.854
1770408000000,87.09,87.96,86.63,86.92,261798.76
1770411600000,86.91,88.2,86.6,88.06,222150.345
1770415200000,88.07,89.84,87.95,89.17,276451.098
1770418800000,89.17,89.6,87.36,87.46,381696.989
1770422400000,87.45,87.47,86.1,86.57,394199.595
1770426000000,86.56,87.49,85.91,87.13,171212.256
1770429600000,87.12,87.61,86.81,87.35,97079.195
1770433200000,87.35,88.39,87.24,88.1,156169.361
1770436800000,88.09,89.04,87.29,87.73,206456.826
1770440400000,87.74,88.64,87.55,87.81,141424.854
1770444000000,87.8,88.25,86.22,86.25,158715.59
1770447600000,86.25,86.65,84.16,85.29,469013.761
1770451200000,85.29,85.74,84.75,85.36,159075.988
1770454800000,85.36,85.73,84.81,85.24,105888.694
1770458400000,85.23,85.48,84.51,85.0,103550.783
1770462000000,85.0,85.2,84.58,84.91,80180.824
1770465600000,84.9,87.2,84.85,86.22,226079.916
1770469200000,86.23,86.65,85.57,86.13,108278.914
1770472800000,86.13,86.61,85.51,85.77,101836.211
1770476400000,85.77,86.97,85.65,86.57,133334.935
1770480000000,86.56,88.12,86.17,87.05,1017602.208
1770483600000,87.06,87.74,86.48,87.65,95222.813
1770487200000,87.64,89.19,87.45,88.71,127323.95
1770490800000,88.72,88.79,88.03,88.3,91821.874
1770494400000,88.3,89.2,88.01,88.91,90428.71
1770498000000,88.92,89.2,88.12,88.21,63097.957
1770501600000,88.22,88.77,88.16,88.27,59206.976
1770505200000,88.28,88.34,86.86,87.59,129447.289
1770508800000,87.59,87.68,87.1,87.35,73903.602
1770512400000,87.34,88.0,87.31,87.89,44359.781
1770516000000,87.89,88.22,86.94,87.27,58486.62
1770519600000,87.27,87.54,86.7,86.82,45889.843
1770523200000,86.82,87.42,86.63,87.41,66781.733
1770526800000,87.4,87.56,87.05,87.29,55447.452
1770530400000,87.29,87.51,86.94,87.17,44402.551
1770534000000,87.17,87.42,86.69,87.42,59984.483
1770537600000,87.41,88.83,86.94,88.65,154801.22
1770541200000,88.64,88.99,87.54,87.61,120713.8
1770544800000,87.6,88.13,86.44,86.88,175698.972
1770548400000,86.88,88.32,86.75,88.25,118764.394
1770552000000,88.25,88.37,87.7,88.17,95469.92
1770555600000,88.16,88.89,87.78,88.58,174290.127
1770559200000,88.57,88.75,88.02,88.43,107095.355
1770562800000,88.43,88.76,87.35,87.77,141084.42
1770566400000,87.78,87.91,85.77,86.22,196433.561
1770570000000,86.22,87.12,86.19,86.96,92076.564
1770573600000,86.96,88.61,86.94,87.85,98751.218
1770577200000,87.84,88.59,87.81,88.41,95387.48
1770580800000,88.41,88.42,86.76,86.9,70417.156
1770584400000,86.89,87.34,86.24,86.6,76328.524
1770588000000,86.61,87.27,86.46,87.13,51261.397
1770591600000,87.12,89.08,86.06,86.99,317168.51
1770595200000,86.99,87.45,86.39,87.07,102967.745
1770598800000,87.06,87.98,85.75,86.42,195325.89
1770602400000,86.42,87.85,86.18,87.01,128571.686
1770606000000,87.02,87.91,86.84,87.67,100440.097
1770609600000,87.67,87.72,86.97,87.12,84272.191
1770613200000,87.12,87.44,86.88,87.26,58711.37
1770616800000,87.26,87.26,85.96,86.45,146133.759
1770620400000,86.45,86.61,85.19,85.5,203982.039
1770624000000,85.5,85.64,83.86,84.59,271738.011
1770627600000,84.58,84.93,83.94,84.33,134655.899
1770631200000,84.32,84.48,82.86,83.23,257658.59
1770634800000,83.23,83.7,83.22,83.47,110314.269
1770638400000,83.48,84.37,83.45,84.06,102588.891
1770642000000,84.05,84.62,83.75,83.77,110564.323
1770645600000,83.77,85.24,83.55,84.96,245510.837
1770649200000,84.95,85.8,84.32,85.28,178629.671
1770652800000,85.28,86.86,84.81,86.11,154239.302
1770656400000,86.11,88.1,85.66,87.79,273235.271
1770660000000,87.78,88.69,87.07,87.51,262915.556
1770663600000,87.51,88.24,87.15,87.97,162686.06
1770667200000,87.96,88.31,87.21,87.76,140702.317
1770670800000,87.76,87.89,86.53,87.34,121614.992
1770674400000,87.34,87.59,86.97,87.12,67695.332
1770678000000,87.12,87.4,86.64,86.77,52498.318
1770681600000,86.77,86.93,86.28,86.4,118024.126
1770685200000,86.4,87.49,86.37,87.29,68791.578
1770688800000,87.28,87.32,86.42,86.66,72507.053
1770692400000,86.67,86.85,85.26,85.87,142770.777
1770696000000,85.86,86.67,85.79,86.55,83242.58
1770699600000,86.55,86.57,85.61,85.95,89820.775
1770703200000,85.95,86.04,84.3,84.6,202106.457
1770706800000,84.6,85.14,84.43,84.63,122515.72
1770710400000,84.64,84.87,84.17,84.66,115043.034
1770714000000,84.65,85.09,84.29,84.56,130894.323
1770717600000,84.57,84.75,84.2,84.22,77557.77
1770721200000,84.23,84.61,83.77,83.85,131600.576
1770724800000,83.85,84.36,83.69,83.96,107970.396
1770728400000,83.95,84.78,83.68,84.66,143309.204
1770732000000,84.66,85.24,83.2,83.72,315991.746
1770735600000,83.72,84.54,83.43,84.3,230974.292
1770739200000,84.3,84.94,83.77,84.46,116870.75
1770742800000,84.45,85.14,84.2,84.9,77051.791
1770746400000,84.91,84.98,82.71,82.94,179135.754
1770750000000,82.93,83.51,82.44,83.08,113877.097
1770753600000,83.08,83.23,82.3,82.63,120681.739
1770757200000,82.63,82.94,81.91,82.46,99629.768
1770760800000,82.46,82.98,82.36,82.6,69493.556
1770764400000,82.59,83.0,82.36,82.99,45351.243
1770768000000,82.99,83.72,82.93,83.47,79371.894
1770771600000,83.46,83.79,83.2,83.77,55355.406
1770775200000,83.77,84.39,83.53,83.54,86466.293
1770778800000,83.55,83.86,82.59,83.34,95964.203
1770782400000,83.34,83.54,81.71,81.98,139916.137
1770786000000,81.98,82.41,81.73,81.89,75027.228
1770789600000,81.9,81.99,80.58,80.87,218295.67
1770793200000,80.87,81.36,80.28,81.0,116647.419
1770796800000,81.0,81.2,80.55,81.09,80687.537
1770800400000,81.09,81.29,80.67,80.8,72261.512
1770804000000,80.8,81.0,80.38,80.69,105679.692
1770807600000,80.69,81.47,80.65,81.26,111060.386
1770811200000,81.25,81.47,80.95,81.18,91871.919
1770814800000,81.18,81.84,80.64,81.64,231266.273
1770818400000,81.65,83.17,79.77,79.95,578985.48
1770822000000,79.95,80.34,78.56,79.72,378985.364
1770825600000,79.72,80.94,78.72,78.74,233965.721
1770829200000,78.73,80.04,78.04,79.01,230238.077
1770832800000,79.01,79.99,78.53,79.81,131164.215
1770836400000,79.81,80.34,79.32,79.72,116185.105
1770840000000,79.72,80.01,78.98,79.64,113579.902
1770843600000,79.65,81.11,79.65,80.16,209210.482
1770847200000,80.17,80.24,79.45,79.5,102730.71
1770850800000,79.51,79.73,78.8,79.3,159996.695
1770854400000,79.31,80.23,79.26,79.97,86837.001
1770858000000,79.98,80.79,79.98,80.41,83818.559
1770861600000,80.42,80.73,79.94,80.33,69932.793
1770865200000,80.33,80.67,80.08,80.62,45415.33
1770868800000,80.63,80.97,80.3,80.31,71039.221
1770872400000,80.31,80.6,79.5,80.57,93951.902
1770876000000,80.58,80.99,80.36,80.57,63036.118
1770879600000,80.57,80.93,80.29,80.77,50446.913
1770883200000,80.77,80.93,80.32,80.77,55309.334
1770886800000,80.77,81.9,80.57,81.79,164590.192
1770890400000,81.78,82.24,81.35,82.19,95299.092
1770894000000,82.19,82.25,81.71,81.87,111672.457
1770897600000,81.87,81.96,80.85,81.1,113537.431
1770901200000,81.1,82.13,80.71,81.96,153029.622
1770904800000,81.96,81.98,81.0,81.14,183356.656
1770908400000,81.15,81.52,80.1,80.12,205820.62
1770912000000,80.13,80.22,78.18,78.3,314768.722
1770915600000,78.3,78.68,77.51,77.9,255674.986
1770919200000,77.9,78.47,77.19,77.61,186122.834
1770922800000,77.61,78.63,77.03,77.62,170638.998
1770926400000,77.62,77.93,76.6,76.92,208229.162
1770930000000,76.92,77.56,76.92,77.34,123223.726
1770933600000,77.33,78.12,76.97,78.1,145773.689
1770937200000,78.1,78.52,77.82,78.4,144704.759
1770940800000,78.39,78.74,77.53,78.02,110301.043
1770944400000,78.03,78.84,78.01,78.6,91729.391
1770948000000,78.6,79.33,78.45,79.13,95492.86
1770951600000,79.13,79.48,78.81,79.05,73080.767
1770955200000,79.05,79.27,78.47,78.52,80656.969
1770958800000,78.52,78.76,78.16,78.29,71676.813
1770962400000,78.29,78.66,77.85,78.62,92542.988
1770966000000,78.62,79.24,78.54,78.99,99001.667
1770969600000,78.99,79.9,78.86,79.73,106610.049
1770973200000,79.73,79.97,79.42,79.88,98038.407
1770976800000,79.89,80.62,79.77,80.36,154228.16
1770980400000,80.37,80.4,79.78,80.31,94222.824
1770984000000,80.31,80.32,79.86,79.97,64462.808
1770987600000,79.97,80.89,79.73,80.29,160710.406
1770991200000,80.28,81.95,79.86,81.33,309083.663
1770994800000,81.34,84.34,81.09,83.2,460219.895
1770998400000,83.2,85.0,82.92,84.22,316097.204
1771002000000,84.22,84.71,83.55,84.34,171559.211
1771005600000,84.35,85.59,84.12,85.4,217189.748
1771009200000,85.4,85.63,84.54,84.66,129261.793
1771012800000,84.65,85.06,84.17,84.77,152466.274
1771016400000,84.78,85.19,84.56,84.86,96569.039
1771020000000,84.85,84.93,84.46,84.66,59567.481
1771023600000,84.66,84.66,84.12,84.33,65620.812
1771027200000,84.34,85.1,84.21,84.97,126493.712
1771030800000,84.96,85.21,84.8,84.99,76307.854
1771034400000,84.99,85.01,84.6,84.89,40875.133
1771038000000,84.9,85.3,84.82,85.06,45751.698
1771041600000,85.07,85.1,84.8,84.83,33782.006
1771045200000,84.82,85.03,84.61,84.63,30509.027
1771048800000,84.63,84.93,84.35,84.86,34098.376
1771052400000,84.86,85.27,84.77,85.19,57646.016
1771056000000,85.19,86.41,85.16,86.22,206117.931
1771059600000,86.22,86.38,85.86,86.02,135777.29
1771063200000,86.02,86.02,85.74,85.83,54543.972
1771066800000,85.83,87.33,85.82,87.29,185301.487
1771070400000,87.29,87.32,86.26,86.42,171277.105
1771074000000,86.42,86.9,86.0,86.44,126466.074
1771077600000,86.44,87.52,86.37,87.24,133167.572
1771081200000,87.24,87.69,87.1,87.44,139912.192
1771084800000,87.44,88.26,86.99,88.12,413681.239
1771088400000,88.12,88.47,87.83,88.05,117880.869
1771092000000,88.05,88.29,87.79,88.01,72250.308
1771095600000,88.01,88.33,87.56,88.2,62174.191
1771099200000,88.21,88.44,87.69,88.17,96214.77
1771102800000,88.16,88.44,87.29,88.07,141162.593
1771106400000,88.07,88.89,87.9,88.5,110421.188
1771110000000,88.5,88.9,88.03,88.06,86794.612
1771113600000,88.06,88.42,87.8,88.19,70896.387
1771117200000,88.19,88.72,87.6,88.29,118881.755
1771120800000,88.28,88.5,87.52,88.0,108281.504
1771124400000,88.01,88.78,87.31,88.61,179433.756
1771128000000,88.6,89.82,88.35,88.79,371609.561
1771131600000,88.8,90.06,88.75,89.68,147555.926
1771135200000,89.68,90.16,89.34,89.6,92915.805
1771138800000,89.6,90.98,89.4,90.74,194151.756
1771142400000,90.74,91.26,89.22,89.67,404018.675
1771146000000,89.66,90.53,89.46,90.0,98233.197
1771149600000,90.0,90.13,89.05,89.53,164520.566
1771153200000,89.53,89.83,89.01,89.17,46745.316
1771156800000,89.18,89.63,87.3,87.31,265700.781
1771160400000,87.32,88.37,86.82,86.96,255573.237
1771164000000,86.96,87.61,86.66,87.35,168435.313
1771167600000,87.35,87.66,86.93,87.42,76427.197
1771171200000,87.41,87.66,86.72,87.57,149135.485
1771174800000,87.57,87.88,85.71,86.42,243472.742
1771178400000,86.43,86.86,86.01,86.21,136623.68
1771182000000,86.21,86.35,85.2,85.34,185689.095
1771185600000,85.35,85.99,84.89,85.88,106170.798
1771189200000,85.88,86.42,85.88,86.18,153614.578
1771192800000,86.18,86.7,86.05,86.36,63866.663
1771196400000,86.36,86.37,85.1,86.16,127131.627
1771200000000,86.15,86.5,85.58,86.18,133823.133
1771203600000,86.18,86.63,85.37,85.77,187063.25
1771207200000,85.76,86.23,85.23,85.39,240728.305
1771210800000,85.4,85.56,84.79,85.14,106334.62
1771214400000,85.15,85.84,85.09,85.79,49206.61
1771218000000,85.79,85.91,84.47,84.7,131563.44
1771221600000,84.69,85.2,84.51,85.06,66270.069
1771225200000,85.06,85.51,84.8,85.06,99848.793
1771228800000,85.07,85.5,85.04,85.39,113252.135
1771232400000,85.39,86.26,85.39,86.01,162122.104
1771236000000,86.0,86.04,85.63,85.75,46255.539
1771239600000,85.75,85.98,84.49,85.52,109739.962
1771243200000,85.52,86.42,85.27,86.2,173623.73
1771246800000,86.2,86.93,83.85,84.17,515742.022
1771250400000,84.16,84.67,83.48,84.05,262924.178
1771254000000,84.05,84.57,82.55,83.21,249881.349
1771257600000,83.21,84.11,83.1,84.0,357526.471
1771261200000,83.99,84.81,83.9,84.53,130705.835
1771264800000,84.52,85.16,84.48,84.52,77790.055
1771268400000,84.53,85.1,84.24,84.61,65194.526
1771272000000,84.62,85.49,84.5,85.37,73557.776
1771275600000,85.37,86.11,85.08,86.02,61849.75
1771279200000,86.02,86.24,85.6,85.72,54887.954
1771282800000,85.71,86.66,85.66,86.45,89860.205
1771286400000,86.45,87.16,86.29,86.61,85239.85
1771290000000,86.62,87.07,86.13,86.19,65432.977
1771293600000,86.18,87.69,85.76,87.31,83152.245
1771297200000,87.31,87.37,86.32,86.37,65925.978
1771300800000,86.37,86.67,85.92,86.37,80243.827
1771304400000,86.37,86.49,85.45,86.22,73401.601
1771308000000,86.23,86.8,86.22,86.5,77082.309
1771311600000,86.51,86.55,85.94,86.49,41093.593
1771315200000,86.48,86.77,85.92,85.97,70839.573
1771318800000,85.97,86.19,85.66,85.95,46821.882
1771322400000,85.94,86.05,84.87,85.05,84069.216
1771326000000,85.05,85.32,84.75,85.1,84961.365
1771329600000,85.11,85.58,84.54,84.63,77392.624
1771333200000,84.64,85.52,84.39,85.0,127369.734
1771336800000,84.99,85.45,83.0,83.26,363335.629
1771340400000,83.26,83.9,82.92,83.81,349976.833
1771344000000,83.8,85.46,83.71,84.19,314713.807
1771347600000,84.18,84.32,83.13,83.71,120163.969
1771351200000,83.71,85.43,83.57,85.11,114345.387
1771354800000,85.11,85.76,84.63,84.87,123483.638
1771358400000,84.86,85.27,84.53,85.0,85926.271
1771362000000,84.99,85.44,84.84,85.22,31708.674
1771365600000,85.23,85.44,84.97,85.05,55020.148
1771369200000,85.05,85.34,84.91,85.08,152954.735
1771372800000,85.09,85.49,84.81,84.87,107156.024
1771376400000,84.87,84.99,83.92,84.25,185145.996
1771380000000,84.25,85.0,84.23,84.66,50033.463
1771383600000,84.66,85.47,84.54,85.33,127431.56
1771387200000,85.34,85.54,84.97,85.14,75408.162
1771390800000,85.15,85.25,84.76,84.9,43415.72
1771394400000,84.9,85.31,84.8,84.92,32175.459
1771398000000,84.92,85.43,84.68,85.28,40826.308
1771401600000,85.28,86.09,85.23,85.47,134800.867
1771405200000,85.48,85.75,85.31,85.32,81961.472
1771408800000,85.31,85.4,84.18,84.26,179190.395
1771412400000,84.26,84.26,82.83,82.86,311963.454
1771416000000,82.87,83.34,82.34,82.99,211396.876
1771419600000,83.0,83.29,82.3,82.63,177772.307
1771423200000,82.62,82.88,81.72,82.56,266550.071
1771426800000,82.56,84.01,82.52,83.01,238110.505
1771430400000,83.0,83.09,82.04,82.3,157893.014
1771434000000,82.3,83.0,82.1,82.19,96505.62
1771437600000,82.2,82.37,80.95,81.28,204133.371
1771441200000,81.29,81.6,80.48,80.93,156894.548
1771444800000,80.93,81.59,80.85,81.32,95827.615
1771448400000,81.32,81.64,81.02,81.28,74664.371
1771452000000,81.28,81.54,81.05,81.46,53028.691
1771455600000,81.46,81.64,81.24,81.61,35318.101
1771459200000,81.61,81.73,81.25,81.5,43694.208
1771462800000,81.5,82.06,81.5,81.89,48706.878
1771466400000,81.89,82.07,81.33,81.67,43497.06
1771470000000,81.66,81.93,81.43,81.77,29088.966
1771473600000,81.77,82.01,81.4,81.49,138914.111
1771477200000,81.49,81.98,81.38,81.9,281203.419
1771480800000,81.9,82.5,81.83,82.36,89615.722
1771484400000,82.37,82.67,82.1,82.41,68696.609
1771488000000,82.4,82.42,81.57,81.73,90896.819
1771491600000,81.74,82.02,81.12,81.21,68527.31
1771495200000,81.2,81.82,80.91,81.53,97193.6
1771498800000,81.52,81.89,81.11,81.24,55410.356
1771502400000,81.24,81.31,80.68,80.79,95673.174
1771506000000,80.8,80.92,79.61,80.0,428616.614
1771509600000,80.0,81.32,79.95,80.78,225631.67
1771513200000,80.77,81.29,79.98,80.64,121161.857
1771516800000,80.63,80.96,79.92,80.79,176840.836
1771520400000,80.79,81.93,80.22,80.48,160582.562
1771524000000,80.47,82.05,80.39,81.98,113875.886
1771527600000,81.98,82.2,81.06,81.95,117870.548
1771531200000,81.94,82.37,81.68,82.1,140401.531
1771534800000,82.09,82.19,81.81,82.07,48858.068
1771538400000,82.07,82.53,81.91,82.34,105272.166
1771542000000,82.34,82.57,82.12,82.5,58047.52
1771545600000,82.5,83.54,82.33,82.9,120222.12
1771549200000,82.9,83.16,82.7,83.03,164324.481
1771552800000,83.04,83.35,82.82,82.92,78544.13
1771556400000,82.92,83.37,82.84,83.04,121485.01
1771560000000,83.05,83.11,82.38,82.69,59130.639
1771563600000,82.69,83.75,82.5,83.27,106205.749
1771567200000,83.27,83.74,83.14,83.71,125188.364
1771570800000,83.72,83.93,83.41,83.46,61790.619
1771574400000,83.45,83.81,83.3,83.66,57741.673
1771578000000,83.65,84.5,83.65,84.19,218567.794
1771581600000,84.19,84.84,84.04,84.09,161186.154
1771585200000,84.1,84.26,83.34,83.58,230463.511
1771588800000,83.58,84.03,83.29,83.72,175772.856
1771592400000,83.71,83.72,81.77,82.19,345576.132
1771596000000,82.19,83.39,82.12,83.07,218020.871
1771599600000,83.07,84.78,82.67,84.38,373753.235
1771603200000,84.38,84.96,83.75,84.51,218411.55
1771606800000,84.5,84.6,82.82,84.49,240346.921
1771610400000,84.48,85.49,83.97,85.24,256544.239
1771614000000,85.23,85.37,84.37,84.75,124453.494
1771617600000,84.75,85.23,84.42,84.62,67691.792
1771621200000,84.62,84.77,84.29,84.55,83245.866
1771624800000,84.55,84.77,84.12,84.59,80010.557
1771628400000,84.58,84.71,84.29,84.67,65879.002
1771632000000,84.68,84.76,84.34,84.43,54224.467
1771635600000,84.44,84.85,84.44,84.68,43081.387
1771639200000,84.68,85.03,84.54,84.82,40717.051
1771642800000,84.83,84.85,84.24,84.35,106811.642
1771646400000,84.35,84.5,84.14,84.4,58569.443
1771650000000,84.4,84.59,84.39,84.48,26824.47
1771653600000,84.48,84.78,84.04,84.12,60721.471
1771657200000,84.13,84.33,83.97,84.24,45089.608
1771660800000,84.24,84.74,84.19,84.73,51193.557
1771664400000,84.73,85.2,84.67,84.91,74651.134
1771668000000,84.91,85.27,84.9,85.15,65325.766
1771671600000,85.16,85.7,85.14,85.4,62719.668
1771675200000,85.4,85.54,85.0,85.32,75619.979
1771678800000,85.32,85.96,85.18,85.85,97581.645
1771682400000,85.85,86.66,85.62,86.3,258760.808
1771686000000,86.3,86.72,86.15,86.58,128168.873
1771689600000,86.59,86.68,85.88,86.13,107614.896
1771693200000,86.13,86.46,85.82,86.25,62599.483
1771696800000,86.24,86.72,86.18,86.56,65021.495
1771700400000,86.56,86.69,86.18,86.22,37929.422
1771704000000,86.21,86.21,85.27,85.48,103043.715
1771707600000,85.47,85.85,85.41,85.84,47752.849
1771711200000,85.83,85.9,85.38,85.46,54844.37
1771714800000,85.45,85.57,85.12,85.17,51881.663
1771718400000,85.17,85.22,84.76,85.08,74021.32
1771722000000,85.08,85.43,85.05,85.32,50854.018
1771725600000,85.32,85.6,84.86,84.96,126960.547
1771729200000,84.96,85.19,84.73,85.08,121751.36
1771732800000,85.08,85.35,84.97,85.17,27421.212
1771736400000,85.16,85.22,84.81,84.98,36922.673
1771740000000,84.99,85.34,84.95,85.31,43248.142
1771743600000,85.31,85.58,85.14,85.24,49244.192
1771747200000,85.25,85.26,84.87,84.97,36499.235
1771750800000,84.98,85.19,84.95,85.04,50156.975
1771754400000,85.04,85.32,85.0,85.21,46454.168
1771758000000,85.21,85.47,85.18,85.27,56709.875
1771761600000,85.28,85.33,84.34,84.47,109332.489
1771765200000,84.47,84.63,83.71,83.98,137453.229
1771768800000,83.99,84.07,83.39,83.66,84243.607
1771772400000,83.66,83.72,82.98,83.5,274557.201
1771776000000,83.49,83.63,83.2,83.58,40111.699
1771779600000,83.58,83.6,82.82,83.06,108378.921
1771783200000,83.06,83.29,82.96,83.22,35315.098
1771786800000,83.22,83.42,83.03,83.3,22299.872
1771790400000,83.3,83.38,82.94,83.03,40025.13
1771794000000,83.03,83.58,83.03,83.5,41429.271
1771797600000,83.5,83.71,83.09,83.57,53500.643
1771801200000,83.58,83.66,82.48,82.79,131961.719
1771804800000,82.8,82.85,81.32,81.37,118857.601
1771808400000,81.37,81.38,77.49,77.98,877081.558
1771812000000,77.97,78.44,77.55,77.87,275282.926
1771815600000,77.87,78.32,77.28,77.66,261219.915
1771819200000,77.66,77.74,77.15,77.39,165695.46
1771822800000,77.39,78.08,77.34,77.85,156622.615
1771826400000,77.84,79.18,77.7,79.09,308057.094
1771830000000,79.09,79.69,78.92,79.4,151879.318
1771833600000,79.4,79.4,78.53,78.78,158251.196
1771837200000,78.79,80.54,78.79,80.46,204511.433
1771840800000,80.47,80.69,80.09,80.27,108150.198
1771844400000,80.26,80.55,79.97,80.05,94455.404
1771848000000,80.06,80.96,79.86,80.71,186479.246
1771851600000,80.72,81.13,80.43,80.54,263670.212
1771855200000,80.55,80.81,79.43,80.14,157576.135
1771858800000,80.14,80.34,79.2,79.4,181946.589
1771862400000,79.39,79.8,78.6,78.97,417556.725
1771866000000,78.97,79.15,77.27,78.31,243290.422
1771869600000,78.32,79.3,78.04,78.62,196182.936
1771873200000,78.63,78.92,77.98,78.29,172762.062
1771876800000,78.28,78.54,77.85,78.31,145213.1
1771880400000,78.3,78.73,78.18,78.38,113102.338
1771884000000,78.38,78.92,78.25,78.26,99015.322
1771887600000,78.26,78.54,77.63,77.9,106513.578
1771891200000,77.91,78.53,77.9,78.46,75549.48
1771894800000,78.45,78.46,75.74,77.67,402712.065
1771898400000,77.67,78.43,77.52,77.64,134695.414
1771902000000,77.63,77.63,76.47,76.87,190723.342
1771905600000,76.88,77.07,76.11,76.86,152910.218
1771909200000,76.86,77.36,76.22,76.64,183187.832
1771912800000,76.63,76.94,76.38,76.58,127034.991
1771916400000,76.59,77.22,76.5,76.84,176682.179
1771920000000,76.85,77.2,76.5,77.03,102429.078
1771923600000,77.04,77.14,76.0,76.65,116458.467
1771927200000,76.65,76.83,76.41,76.74,62757.101
1771930800000,76.75,76.92,76.49,76.77,68421.691
1771934400000,76.78,77.05,76.51,76.59,72628.496
1771938000000,76.6,76.8,76.02,76.55,117798.608
1771941600000,76.56,77.42,75.63,76.86,345026.306
1771945200000,76.87,77.49,76.59,77.3,203358.619
1771948800000,77.3,78.25,77.23,78.13,208260.238
1771952400000,78.13,78.5,77.8,77.98,146597.856
1771956000000,77.97,78.34,77.56,78.2,96135.9
1771959600000,78.2,78.51,77.89,78.38,104446.059
1771963200000,78.38,78.9,78.32,78.67,105886.499
1771966800000,78.66,78.73,78.12,78.55,95993.794
1771970400000,78.54,79.37,78.44,79.08,81885.524
1771974000000,79.08,79.62,78.66,78.99,221248.619
1771977600000,78.99,79.44,78.73,79.21,81825.948
1771981200000,79.2,82.57,79.11,82.0,508122.846
1771984800000,81.99,82.99,81.98,82.45,273959.207
1771988400000,82.46,82.58,81.61,81.75,143345.966
1771992000000,81.75,82.43,81.28,81.96,140884.685
1771995600000,81.96,82.17,80.98,81.3,172951.112
1771999200000,81.31,81.9,81.16,81.57,74149.876
1772002800000,81.58,82.41,81.49,82.19,134320.151
1772006400000,82.19,82.57,81.93,82.48,96711.439
1772010000000,82.48,82.7,82.22,82.54,108511.321
1772013600000,82.55,82.95,82.45,82.55,93382.465
1772017200000,82.55,83.42,82.32,83.39,132189.725
1772020800000,83.38,84.09,82.89,83.68,254791.358
1772024400000,83.68,84.44,83.4,83.82,199589.367
1772028000000,83.83,85.8,83.8,85.64,388123.503
1772031600000,85.63,86.46,85.02,85.98,409010.451
1772035200000,85.98,87.69,85.97,87.55,365316.538
1772038800000,87.54,88.94,87.39,88.56,356176.325
1772042400000,88.55,89.18,88.0,88.94,223810.272
1772046000000,88.94,89.65,88.35,89.43,216061.213
1772049600000,89.43,90.13,88.97,89.39,241956.276
1772053200000,89.38,92.1,89.37,89.85,414949.239
1772056800000,89.85,90.53,88.38,89.1,299198.285
1772060400000,89.09,89.34,87.07,88.06,303411.847
1772064000000,88.05,89.27,87.84,88.58,409326.293
1772067600000,88.59,89.15,88.21,88.42,134611.582
1772071200000,88.42,88.49,87.53,88.2,187611.207
1772074800000,88.2,88.37,87.78,87.95,77647.584
1772078400000,87.95,89.05,87.84,88.74,83438.196
1772082000000,88.74,88.74,87.22,87.76,136348.94
1772085600000,87.76,88.01,87.32,87.65,123465.512
1772089200000,87.65,87.89,87.23,87.24,117610.302
1772092800000,87.24,87.9,87.24,87.31,104405.503
1772096400000,87.3,88.71,87.22,88.32,130757.499
1772100000000,88.32,88.58,87.29,87.48,96781.647
1772103600000,87.48,87.63,86.6,86.82,134433.791
1772107200000,86.82,87.78,86.72,87.7,67291.054
1772110800000,87.7,88.08,87.49,87.62,80425.654
1772114400000,87.63,88.26,86.27,87.02,191870.584
1772118000000,87.01,87.1,85.27,86.56,282371.45
1772121600000,86.57,86.75,84.34,84.58,306813.075
1772125200000,84.58,85.35,84.51,84.9,144632.11
1772128800000,84.91,85.7,84.47,85.38,136890.163
1772132400000,85.38,86.68,85.34,86.47,148984.542
1772136000000,86.47,86.87,85.85,86.03,87967.315
1772139600000,86.02,86.29,85.73,85.94,65844.67
1772143200000,85.94,86.39,85.8,86.15,59388.165
1772146800000,86.14,86.15,85.77,85.91,47974.141
1772150400000,85.91,86.04,85.19,85.83,65899.927
1772154000000,85.83,86.15,85.3,86.15,104956.584
1772157600000,86.14,86.79,85.94,86.58,68245.156
1772161200000,86.58,87.82,86.35,87.63,92454.352
1772164800000,87.63,88.29,87.48,87.56,136999.504
1772168400000,87.55,87.86,87.4,87.54,50002.725
1772172000000,87.54,87.62,86.85,87.34,76062.054
1772175600000,87.34,87.43,86.81,87.31,108590.58
1772179200000,87.31,87.93,87.22,87.57,100570.282
1772182800000,87.58,87.82,86.23,86.33,127986.348
1772186400000,86.33,86.49,84.57,84.71,190310.662
1772190000000,84.71,84.96,83.35,83.59,212959.421
1772193600000,83.59,83.76,82.66,83.12,182726.45
1772197200000,83.12,83.57,81.95,83.08,262527.389
1772200800000,83.07,83.36,82.09,82.39,233201.881
1772204400000,82.38,83.07,82.31,82.7,239090.631
1772208000000,82.7,82.7,81.32,81.37,182220.417
1772211600000,81.37,81.9,81.11,81.84,230896.953
1772215200000,81.84,82.03,81.39,81.48,181403.453
1772218800000,81.48,81.72,81.13,81.57,61047.867
1772222400000,81.57,81.87,81.22,81.45,106110.486
1772226000000,81.45,81.82,80.84,81.2,103580.315
1772229600000,81.2,81.6,80.32,81.43,160408.138
1772233200000,81.43,82.11,81.35,81.85,92247.784
1772236800000,81.84,82.16,81.59,82.12,68148.677
1772240400000,82.12,82.27,81.73,81.78,52634.384
1772244000000,81.78,82.2,81.71,82.15,36102.893
1772247600000,82.15,82.15,81.55,81.74,38633.497
1772251200000,81.75,81.9,81.21,81.65,40144.026
1772254800000,81.65,81.82,81.29,81.56,30561.614
1772258400000,81.56,81.56,77.12,77.56,626752.905
1772262000000,77.56,79.62,77.14,78.71,461506.489
1772265600000,78.7,78.72,77.85,78.02,175889.231
1772269200000,78.01,78.73,77.74,78.42,290911.836
1772272800000,78.41,79.18,77.96,79.12,374608.34
1772276400000,79.11,79.6,78.67,78.78,234808.293
1772280000000,78.78,79.22,78.59,78.94,131033.762
1772283600000,78.94,80.98,78.69,80.81,325755.481
1772287200000,80.82,81.51,80.05,80.25,343475.825
1772290800000,80.25,81.11,79.62,80.92,171771.595
1772294400000,80.91,81.33,80.5,81.07,95032.191
1772298000000,81.08,81.53,80.58,81.38,119024.385
1772301600000,81.38,82.91,81.1,82.36,212809.743
1772305200000,82.35,82.8,81.45,82.21,185306.016
1772308800000,82.22,85.05,81.97,84.88,292696.551
1772312400000,84.89,85.05,83.58,84.49,178900.729
1772316000000,84.49,85.65,84.25,84.29,164278.47
1772319600000,84.29,84.74,83.92,84.35,86912.946
1772323200000,84.35,85.01,84.32,84.87,131648.775
1772326800000,84.88,87.5,84.25,86.75,337432.973
1772330400000,86.75,88.9,86.75,87.97,586949.091
1772334000000,87.96,88.33,87.63,88.02,187261.099
1772337600000,88.02,88.26,86.87,87.55,222644.875
1772341200000,87.55,88.03,87.21,87.26,99836.252
1772344800000,87.26,87.38,86.16,86.66,174048.694
1772348400000,86.67,86.89,86.3,86.63,81091.31
1772352000000,86.63,86.83,85.07,85.22,189397.696
1772355600000,85.22,85.86,84.81,85.0,202618.012
1772359200000,85.0,85.66,84.71,85.23,116787.129
1772362800000,85.23,85.53,84.97,85.18,54598.691
1772366400000,85.18,85.4,84.76,84.88,84942.173
1772370000000,84.87,86.98,84.51,86.08,236226.073
1772373600000,86.09,86.89,85.44,85.8,189323.055
1772377200000,85.8,86.68,85.62,85.67,137064.714
1772380800000,85.67,86.1,83.71,84.0,247189.804
1772384400000,83.99,84.29,83.18,83.9,214598.992
1772388000000,83.89,85.0,83.86,83.92,144492.131
1772391600000,83.93,84.03,83.03,83.23,116905.642
1772395200000,83.23,83.27,81.69,81.98,220988.571
1772398800000,81.98,83.03,81.92,82.94,101983.632
1772402400000,82.93,84.12,82.38,82.73,224264.948
1772406000000,82.72,84.08,82.5,83.6,132899.89
1772409600000,83.61,85.24,83.48,85.0,159855.132
1772413200000,85.0,86.18,84.41,84.61,207437.533
1772416800000,84.62,84.77,83.46,84.15,151023.464
1772420400000,84.15,85.12,83.85,84.78,136473.161
1772424000000,84.78,84.84,84.1,84.3,95021.356
1772427600000,84.31,84.7,83.81,84.23,100723.258
1772431200000,84.23,84.26,82.88,83.26,138586.895
1772434800000,83.26,83.3,82.38,82.95,156151.547
1772438400000,82.96,83.63,82.37,83.46,160168.711
1772442000000,83.45,84.12,83.33,83.64,184039.558
1772445600000,83.63,84.1,83.36,83.89,98182.33
1772449200000,83.89,84.29,83.46,83.89,138037.013
1772452800000,83.88,84.15,83.57,83.7,74341.232
1772456400000,83.7,83.85,82.92,83.08,137730.457
1772460000000,83.07,85.97,82.78,85.68,386730.967
1772463600000,85.67,88.98,85.48,88.77,923932.639
1772467200000,88.77,90.29,88.47,88.85,546975.727
1772470800000,88.84,88.99,86.39,87.61,331947.693
1772474400000,87.61,87.84,86.69,87.31,165832.482
1772478000000,87.31,87.82,86.82,87.65,178587.242
1772481600000,87.65,88.08,86.85,87.57,200371.47
1772485200000,87.58,87.73,87.15,87.54,128267.282
1772488800000,87.55,88.25,87.26,88.04,126832.471
1772492400000,88.03,88.09,86.35,86.64,196183.64
1772496000000,86.65,87.32,86.11,86.92,202803.751
1772499600000,86.91,87.18,86.16,86.17,107777.62
1772503200000,86.16,86.35,85.23,86.21,162023.913
1772506800000,86.21,86.63,85.92,86.31,63650.226
1772510400000,86.31,86.46,85.65,85.85,52045.279
1772514000000,85.84,86.82,85.38,85.8,128715.142
1772517600000,85.79,85.98,85.4,85.85,73478.092
1772521200000,85.85,86.3,85.4,85.58,85726.162
1772524800000,85.58,85.77,83.94,84.26,224449.606
1772528400000,84.26,84.99,84.02,84.31,169353.491
1772532000000,84.3,84.57,83.7,83.92,180132.306
1772535600000,83.92,84.37,83.78,84.21,173454.71
1772539200000,84.22,85.37,84.14,84.42,228272.595
1772542800000,84.43,84.48,83.19,83.63,148695.546
1772546400000,83.63,84.43,82.5,83.24,259349.644
1772550000000,83.24,85.17,83.04,85.04,270866.792
1772553600000,85.03,87.34,84.33,85.4,485838.643
1772557200000,85.4,85.47,84.15,85.18,209767.166
1772560800000,85.18,86.02,84.52,85.38,160362.768
1772564400000,85.38,85.76,84.66,85.08,162181.143
1772568000000,85.08,85.46,84.66,84.85,99547.364
1772571600000,84.85,85.18,84.17,85.12,94412.0
1772575200000,85.13,86.65,85.11,86.29,137630.845
1772578800000,86.28,87.46,86.18,86.97,256207.941
1772582400000,86.98,87.4,86.28,86.62,141520.329
1772586000000,86.62,88.08,86.49,87.26,248158.755
1772589600000,87.26,87.48,86.55,87.08,139814.008
1772593200000,87.07,87.08,85.18,85.77,199966.81
1772596800000,85.77,85.91,84.82,85.41,126615.706
1772600400000,85.4,85.97,84.78,85.68,189207.735
1772604000000,85.67,86.04,84.97,85.6,172474.982
1772607600000,85.61,87.52,85.49,87.43,168460.773
1772611200000,87.43,89.91,86.98,89.71,412975.662
1772614800000,89.71,91.48,89.22,90.53,630772.451
1772618400000,90.53,91.05,89.88,90.15,396349.563
1772622000000,90.16,90.64,89.41,89.76,240759.072
1772625600000,89.76,89.87,88.69,89.42,188477.566
1772629200000,89.43,90.17,89.31,89.99,228405.655
1772632800000,90.0,91.76,89.46,90.19,462161.594
1772636400000,90.18,93.12,90.15,92.94,628004.227
1772640000000,92.94,93.15,90.96,91.55,347104.656
1772643600000,91.56,92.24,90.66,91.54,242675.044
1772647200000,91.55,92.49,91.12,92.38,117698.459
1772650800000,92.38,94.05,92.3,93.19,351495.314
1772654400000,93.19,93.76,92.77,92.87,200947.4
1772658000000,92.87,92.97,92.15,92.34,141280.842
1772661600000,92.35,92.86,91.17,91.33,140163.774
1772665200000,91.33,91.44,90.29,90.85,214441.006
1772668800000,90.86,91.4,90.73,90.79,100752.648
1772672400000,90.79,91.42,89.74,89.98,234979.468
1772676000000,89.98,90.68,89.97,90.2,103989.01
1772679600000,90.2,90.54,89.61,90.03,107327.882
1772683200000,90.03,90.74,89.9,90.4,106178.895
1772686800000,90.4,90.64,90.03,90.18,76263.798
1772690400000,90.18,91.01,89.7,90.87,99631.299
1772694000000,90.88,91.32,89.71,90.16,121442.563
1772697600000,90.16,90.71,89.66,90.64,168240.97
1772701200000,90.64,91.94,90.6,91.18,215547.403
1772704800000,91.19,92.96,91.0,92.65,171459.689
1772708400000,92.64,92.77,91.65,91.84,149295.806
1772712000000,91.84,92.22,91.31,91.98,148899.464
1772715600000,91.99,92.07,90.41,90.84,243753.037
1772719200000,90.84,91.49,89.82,91.02,266760.243
1772722800000,91.01,91.16,88.8,89.62,370120.94
1772726400000,89.61,89.63,87.92,88.97,312745.37
1772730000000,88.96,89.41,87.91,88.12,202486.142
1772733600000,88.11,88.89,88.0,88.8,118414.14
1772737200000,88.8,89.39,88.66,88.73,113380.729
1772740800000,88.72,89.57,88.54,89.21,103317.347
1772744400000,89.2,89.85,88.87,89.11,88161.86
1772748000000,89.12,89.41,88.86,89.09,64208.273
1772751600000,89.1,89.2,88.62,88.77,66353.632
1772755200000,88.78,89.04,88.58,88.86,41864.329
1772758800000,88.86,89.27,88.02,89.13,127345.128
1772762400000,89.13,89.31,88.21,88.38,169714.239
1772766000000,88.38,88.71,88.14,88.41,85403.014
1772769600000,88.4,88.59,87.67,88.15,72672.292
1772773200000,88.16,88.26,87.51,87.9,89306.888
1772776800000,87.89,88.44,87.67,88.09,63691.066
1772780400000,88.09,88.92,87.8,88.7,79969.977
1772784000000,88.7,88.7,88.2,88.35,63024.986
1772787600000,88.36,88.49,87.17,87.5,151587.21
1772791200000,87.5,87.96,87.41,87.71,74854.88
1772794800000,87.7,88.0,87.1,87.26,72603.4
1772798400000,87.25,87.27,85.9,86.47,228893.866
1772802000000,86.47,87.1,85.5,85.59,312423.089
1772805600000,85.59,85.75,83.96,84.34,437630.091
1772809200000,84.34,85.33,84.2,84.65,239442.022
1772812800000,84.65,85.02,84.1,84.36,135800.054
1772816400000,84.36,84.69,83.64,84.21,213817.73
1772820000000,84.21,85.63,84.18,85.28,146510.453
1772823600000,85.27,85.9,85.15,85.21,86020.068
1772827200000,85.21,85.47,84.56,85.01,94338.925
1772830800000,85.0,85.11,84.44,84.72,54803.483
1772834400000,84.73,85.06,84.54,84.96,44413.765
1772838000000,84.97,85.04,84.63,84.7,49193.687
1772841600000,84.69,85.07,84.52,84.75,56964.654
1772845200000,84.75,84.89,84.59,84.71,49953.609
1772848800000,84.71,84.74,84.32,84.65,55038.47
1772852400000,84.66,85.07,84.35,84.52,65250.121
1772856000000,84.53,84.56,84.0,84.27,68614.36
1772859600000,84.27,84.5,84.09,84.34,37816.816
1772863200000,84.34,84.34,83.9,84.03,55763.877
1772866800000,84.04,84.49,83.9,84.32,71808.806
1772870400000,84.33,84.66,84.12,84.37,69394.137
1772874000000,84.36,84.69,84.21,84.58,35107.135
1772877600000,84.57,84.76,84.41,84.5,37536.795
1772881200000,84.5,84.91,84.26,84.66,71018.17
1772884800000,84.66,84.78,84.28,84.3,40233.173
1772888400000,84.3,84.55,84.13,84.31,45427.014
1772892000000,84.3,84.42,83.67,84.23,93764.712
1772895600000,84.23,84.23,83.42,83.75,93366.76
1772899200000,83.75,83.8,83.5,83.59,53769.92
1772902800000,83.59,84.08,83.56,83.61,56510.733
1772906400000,83.62,83.63,83.01,83.38,63067.128
1772910000000,83.39,83.39,82.28,82.53,189520.722
1772913600000,82.52,83.13,82.51,83.02,52748.953
1772917200000,83.03,83.3,82.89,83.28,39410.388
1772920800000,83.28,83.32,82.66,82.98,40735.668
1772924400000,82.99,83.26,82.93,83.22,22459.6
1772928000000,83.22,83.49,82.93,83.06,50570.392
1772931600000,83.07,83.22,82.7,82.98,46972.021
1772935200000,82.97,83.1,82.11,82.39,85729.662
1772938800000,82.4,82.75,82.27,82.34,73458.716
1772942400000,82.34,82.56,81.74,81.97,77784.722
1772946000000,81.97,82.79,81.94,82.5,48694.47
1772949600000,82.5,82.61,82.27,82.45,36024.004
1772953200000,82.46,83.1,82.4,82.95,100258.788
1772956800000,82.95,83.12,82.51,83.1,52426.94
1772960400000,83.1,83.39,82.78,83.17,86398.009
1772964000000,83.16,84.13,83.16,83.67,112462.162
1772967600000,83.66,83.66,82.64,82.81,88942.843
1772971200000,82.81,83.01,81.61,82.31,158953.223
1772974800000,82.32,82.47,81.18,82.08,172664.234
1772978400000,82.09,82.37,81.95,82.32,54763.253
1772982000000,82.31,82.41,81.83,82.06,58026.408
1772985600000,82.06,82.17,81.36,81.52,71633.842
1772989200000,81.53,82.0,81.38,81.69,52595.734
1772992800000,81.69,81.8,81.31,81.6,37246.073
1772996400000,81.6,82.65,81.5,82.49,81555.493
1773000000000,82.48,82.96,82.11,82.33,62872.965
1773003600000,82.34,82.44,81.71,82.25,57079.305
1773007200000,82.26,82.51,80.26,81.99,326683.312
1773010800000,81.99,82.44,81.48,81.59,109169.116
1773014400000,81.6,83.29,81.54,82.35,129493.989
1773018000000,82.35,82.9,81.86,82.1,129359.924
1773021600000,82.11,82.93,81.65,82.67,112144.389
1773025200000,82.67,84.5,82.62,83.16,217327.042
1773028800000,83.16,83.89,83.09,83.19,97069.2
1773032400000,83.2,84.61,83.13,84.27,176351.987
1773036000000,84.28,84.31,83.1,83.13,85824.206
1773039600000,83.13,83.3,82.33,83.18,111173.413
1773043200000,83.18,83.86,82.94,83.73,93188.375
1773046800000,83.73,84.6,83.32,84.05,193765.658
1773050400000,84.05,84.26,83.49,83.75,147705.72
1773054000000,83.75,83.93,83.12,83.59,67034.301
1773057600000,83.58,84.22,83.41,84.0,96561.37
1773061200000,84.01,85.75,83.98,85.16,299402.248
1773064800000,85.15,85.71,84.56,85.3,235679.216
1773068400000,85.3,85.45,84.62,85.05,108533.49
1773072000000,85.05,85.63,84.7,85.14,115404.62
1773075600000,85.14,85.42,84.26,85.09,132680.561
1773079200000,85.09,85.58,84.48,85.19,166065.752
1773082800000,85.18,87.06,85.07,85.97,312517.042
1773086400000,85.97,86.18,85.28,85.81,108352.279
1773090000000,85.8,86.36,85.69,86.0,97905.622
1773093600000,86.01,86.3,85.59,85.74,167508.306
1773097200000,85.73,86.02,84.84,84.96,193008.579
1773100800000,84.95,85.96,84.83,85.57,116446.234
1773104400000,85.56,85.97,85.11,85.74,76889.233
1773108000000,85.73,86.91,85.46,86.62,175054.95
1773111600000,86.62,86.75,85.5,85.55,168758.239
1773115200000,85.56,86.65,85.41,86.54,105860.265
1773118800000,86.54,86.99,86.34,86.4,117416.609
1773122400000,86.41,86.69,85.99,86.35,74998.15
1773126000000,86.36,86.9,86.2,86.7,172974.509
1773129600000,86.71,87.43,86.58,86.71,193604.098
1773133200000,86.71,87.48,86.64,87.24,141536.366
1773136800000,87.23,87.67,86.8,87.09,108806.993
1773140400000,87.1,87.2,86.62,86.79,88893.352
1773144000000,86.8,86.86,86.29,86.7,85702.794
1773147600000,86.7,87.3,85.75,86.08,189494.756
1773151200000,86.09,88.23,84.91,88.1,432043.456
1773154800000,88.1,88.61,87.26,88.33,279778.807
1773158400000,88.34,88.7,87.65,88.39,201728.708
1773162000000,88.39,88.8,87.63,87.94,136159.122
1773165600000,87.94,88.0,86.1,86.25,226753.453
1773169200000,86.25,86.46,85.66,86.02,138125.915
1773172800000,86.01,86.4,85.94,86.24,79585.123
1773176400000,86.24,86.44,85.25,85.71,125270.051
1773180000000,85.7,85.84,85.01,85.53,138552.299
1773183600000,85.52,85.89,85.35,85.88,69461.652
1773187200000,85.88,86.24,85.59,86.01,102258.222
1773190800000,86.02,86.28,85.66,86.09,59592.891
1773194400000,86.09,86.21,85.48,85.92,75527.398
1773198000000,85.92,86.18,85.53,85.63,48879.48
1773201600000,85.63,86.84,85.49,86.72,107119.153
1773205200000,86.71,86.88,85.6,85.72,132761.619
1773208800000,85.72,86.17,85.66,86.02,63478.709
1773212400000,86.03,86.15,85.14,85.45,72691.017
1773216000000,85.44,85.61,85.09,85.5,93396.321
1773219600000,85.49,85.6,84.72,84.88,88856.511
1773223200000,84.88,85.53,84.84,85.25,71848.529
1773226800000,85.25,85.32,84.39,84.55,149408.535
1773230400000,84.54,85.72,84.36,85.2,153299.061
1773234000000,85.2,87.4,85.12,85.98,400330.804
1773237600000,85.97,87.2,85.75,86.53,262382.483
1773241200000,86.54,86.65,84.57,85.4,181137.704
1773244800000,85.41,86.59,85.3,86.44,123270.968
1773248400000,86.45,87.84,86.44,87.27,286565.248
1773252000000,87.26,88.09,87.15,87.81,258288.118
1773255600000,87.82,87.86,87.02,87.29,164934.031
1773259200000,87.28,87.43,87.01,87.29,66407.715
1773262800000,87.28,87.61,87.14,87.52,69125.113
1773266400000,87.53,87.94,86.84,87.05,79215.466
1773270000000,87.04,87.22,86.46,86.58,71400.643
1773273600000,86.58,86.78,86.37,86.68,44398.309
1773277200000,86.68,86.71,85.95,86.05,77895.522
1773280800000,86.05,86.16,85.17,85.21,122155.34
1773284400000,85.21,85.43,84.72,85.01,113250.614
1773288000000,85.02,85.42,84.9,85.11,84621.659
1773291600000,85.11,85.33,84.89,85.13,59426.88
1773295200000,85.13,85.42,84.97,85.39,61922.485
1773298800000,85.39,85.9,85.0,85.82,113800.472
1773302400000,85.82,86.16,85.39,85.96,101054.374
1773306000000,85.95,86.7,85.45,86.18,103503.89
1773309600000,86.19,87.04,86.04,86.76,143733.523
1773313200000,86.76,87.13,86.63,86.79,100204.367
1773316800000,86.8,87.51,86.55,87.25,167183.352
1773320400000,87.25,87.69,86.34,86.74,277091.076
1773324000000,86.75,87.66,85.2,85.54,301206.294
1773327600000,85.54,87.03,85.12,86.58,241985.719
1773331200000,86.57,87.09,85.8,86.79,171667.75
1773334800000,86.8,86.99,86.33,86.59,127410.46
1773338400000,86.6,86.82,85.81,85.86,100155.805
1773342000000,85.86,86.94,85.68,86.8,108672.039
1773345600000,86.79,86.96,86.42,86.45,65879.289
1773349200000,86.45,86.68,86.18,86.54,43379.749
1773352800000,86.54,86.6,85.96,86.3,65974.118
1773356400000,86.3,87.23,86.28,86.84,117108.062
1773360000000,86.83,91.14,86.71,89.78,781802.591
1773363600000,89.77,90.74,89.77,90.45,292699.981
1773367200000,90.46,90.59,88.93,89.09,203686.501
1773370800000,89.08,89.98,88.89,89.69,141724.039
1773374400000,89.7,89.74,89.19,89.35,73707.147
1773378000000,89.34,89.47,88.87,89.09,128059.749
1773381600000,89.09,89.22,88.27,88.4,121530.81
1773385200000,88.41,88.97,88.15,88.68,163550.146
1773388800000,88.68,89.67,88.32,89.16,158340.177
1773392400000,89.15,89.65,88.79,89.5,94880.868
1773396000000,89.5,90.31,89.46,90.19,218252.637
1773399600000,90.2,90.45,89.97,90.33,117541.108
1773403200000,90.32,91.38,90.14,91.0,224030.936
1773406800000,91.0,92.31,90.92,91.87,386101.366
1773410400000,91.88,92.98,90.46,90.69,567469.055
1773414000000,90.7,91.24,89.3,89.49,275507.331
1773417600000,89.49,89.96,88.84,89.61,177846.091
1773421200000,89.6,90.15,88.58,88.87,185337.804
1773424800000,88.88,89.14,88.37,88.82,126803.537
1773428400000,88.82,89.05,88.39,88.92,121476.693
1773432000000,88.91,89.11,88.54,88.91,102313.043
1773435600000,88.91,89.16,88.34,88.56,74797.538
1773439200000,88.56,88.66,87.73,88.01,142064.468
1773442800000,88.01,88.26,87.8,88.18,60855.001
1773446400000,88.17,88.39,87.84,87.94,71977.285
1773450000000,87.94,88.38,87.79,88.23,110581.474
1773453600000,88.24,88.32,88.0,88.23,40175.898
1773457200000,88.23,88.62,88.23,88.4,54063.118
1773460800000,88.4,88.71,88.21,88.25,73146.138
1773464400000,88.26,88.41,87.89,88.08,65563.426
1773468000000,88.08,88.1,86.92,87.25,133158.293
1773471600000,87.26,87.45,87.18,87.33,60006.169
1773475200000,87.32,87.55,87.08,87.15,72572.647
1773478800000,87.16,87.31,86.65,86.85,77235.994
1773482400000,86.84,86.93,86.51,86.65,62019.555
1773486000000,86.65,87.01,86.64,86.96,71648.582
1773489600000,86.95,87.13,86.81,87.11,67799.127
1773493200000,87.1,87.36,87.03,87.11,45078.876
1773496800000,87.11,87.24,86.63,86.72,82438.383
1773500400000,86.72,86.92,86.63,86.72,48750.061
1773504000000,86.72,87.13,86.62,87.07,38599.297
1773507600000,87.07,87.09,86.84,86.9,24472.038
1773511200000,86.89,87.11,86.79,87.04,25019.028
1773514800000,87.03,87.1,86.9,87.0,34686.957
1773518400000,87.01,87.18,86.87,87.08,30651.475
1773522000000,87.09,87.35,86.87,87.28,33747.697
1773525600000,87.29,87.46,87.22,87.31,53866.103
1773529200000,87.32,88.16,87.32,88.03,120885.418
1773532800000,88.04,88.21,87.67,87.76,55005.092
1773536400000,87.75,87.92,87.58,87.69,33332.202
1773540000000,87.69,88.65,87.68,88.3,119402.83
1773543600000,88.3,88.43,87.7,87.86,64498.478
1773547200000,87.86,88.33,87.85,88.32,43304.159
1773550800000,88.32,88.66,88.11,88.31,107511.493
1773554400000,88.32,88.59,88.09,88.35,87223.295
1773558000000,88.35,88.53,88.11,88.22,46860.933
1773561600000,88.22,88.52,88.14,88.5,57963.047
1773565200000,88.49,88.88,88.42,88.54,62813.234
1773568800000,88.55,88.71,88.38,88.47,29081.054
1773572400000,88.48,88.68,88.24,88.55,40797.882
1773576000000,88.56,88.56,88.19,88.26,38350.67
1773579600000,88.27,88.4,87.36,87.85,142377.54
1773583200000,87.84,88.0,87.57,87.97,48107.156
1773586800000,87.98,88.12,87.77,87.9,29254.385
1773590400000,87.9,88.05,87.45,87.55,46110.269
1773594000000,87.55,88.8,87.5,88.43,62720.93
1773597600000,88.44,88.69,87.85,87.92,101328.805
1773601200000,87.92,88.29,87.82,88.19,55175.366
1773604800000,88.19,89.0,87.98,88.76,84397.3
1773608400000,88.76,90.3,88.56,90.0,162489.769
1773612000000,90.0,92.93,89.84,92.64,658611.089
1773615600000,92.65,93.23,91.61,92.3,437830.127
1773619200000,92.31,93.06,91.88,92.01,259086.705
1773622800000,92.02,92.25,91.49,92.11,180226.11
1773626400000,92.11,92.28,91.18,91.48,116121.238
1773630000000,91.48,94.0,91.27,93.16,458891.09
1773633600000,93.17,94.24,92.94,93.62,312953.898
1773637200000,93.63,94.32,93.21,94.04,292011.033
1773640800000,94.05,94.05,93.15,93.4,224747.841
1773644400000,93.41,93.86,93.32,93.56,145371.565
1773648000000,93.56,94.02,92.57,92.86,167100.649
1773651600000,92.86,93.47,92.73,93.29,97496.348
1773655200000,93.3,93.96,93.26,93.9,109568.569
1773658800000,93.9,93.99,93.53,93.75,78824.842
1773662400000,93.75,94.2,93.4,93.77,226479.987
1773666000000,93.78,95.13,93.43,93.68,390863.053
1773669600000,93.68,94.54,92.37,93.6,521940.608
1773673200000,93.61,94.35,93.09,93.2,384587.906
1773676800000,93.2,94.06,93.13,93.81,248258.917
1773680400000,93.82,94.4,93.7,94.08,150409.15
1773684000000,94.08,95.09,94.05,94.38,226550.375
1773687600000,94.39,95.48,94.16,95.21,207797.032
1773691200000,95.21,95.97,95.06,95.78,158562.836
1773694800000,95.77,96.88,95.5,96.17,233033.253
1773698400000,96.17,97.68,96.17,96.37,244973.655
1773702000000,96.36,96.47,95.41,96.2,185793.961
1773705600000,96.19,96.95,95.13,95.49,283437.372
1773709200000,95.49,96.09,94.95,95.72,222433.889
1773712800000,95.72,95.77,94.88,95.15,103613.227
1773716400000,95.14,95.29,93.71,94.07,214697.28
1773720000000,94.07,94.28,93.2,93.8,138298.247
1773723600000,93.8,94.1,93.36,93.8,82496.31
1773727200000,93.8,94.3,93.47,93.89,90874.811
1773730800000,93.9,94.66,93.87,94.44,78265.31
1773734400000,94.43,94.95,94.29,94.41,84102.321
1773738000000,94.41,95.09,93.69,93.9,150777.279
1773741600000,93.9,94.06,93.25,93.57,96721.233
1773745200000,93.58,93.91,93.4,93.66,82684.117
1773748800000,93.67,94.08,93.15,93.42,82757.453
1773752400000,93.41,94.56,93.35,93.8,149522.224
1773756000000,93.8,94.68,93.5,94.5,123788.354
1773759600000,94.5,95.13,93.25,93.82,167269.698
1773763200000,93.82,94.79,93.72,94.39,111228.548
1773766800000,94.39,94.72,94.15,94.57,73681.594
1773770400000,94.57,95.59,94.45,95.32,111610.271
1773774000000,95.33,95.57,94.61,94.67,99645.456
1773777600000,94.66,95.03,94.41,94.9,57213.595
1773781200000,94.89,95.46,94.84,95.26,47584.894
1773784800000,95.27,95.62,94.59,95.33,114073.088
1773788400000,95.32,95.44,94.58,94.62,66781.015
1773792000000,94.61,94.93,94.1,94.53,83553.595
1773795600000,94.54,94.93,94.32,94.43,53801.001
1773799200000,94.43,95.23,94.41,94.94,60158.536
1773802800000,94.94,95.65,94.82,95.05,57186.508
1773806400000,95.06,95.12,94.0,94.13,122330.349
1773810000000,94.13,94.39,93.72,93.92,94114.902
1773813600000,93.92,94.64,93.92,94.21,32296.467
1773817200000,94.22,94.3,93.83,93.95,77208.886
1773820800000,93.95,94.26,93.94,94.04,143876.437
1773824400000,94.04,94.44,93.95,94.28,41873.834
1773828000000,94.28,94.43,93.51,93.86,61539.605
1773831600000,93.85,94.08,91.82,92.0,398489.14
1773835200000,92.0,92.03,90.31,90.43,329039.565
1773838800000,90.43,90.75,89.9,90.32,224420.912
1773842400000,90.32,90.4,88.85,88.96,316126.804
1773846000000,88.95,89.49,88.55,89.37,252007.921
1773849600000,89.36,89.36,88.61,88.97,152656.968
1773853200000,88.97,90.36,88.83,89.94,223980.805
1773856800000,89.94,90.86,89.38,89.58,185763.514
1773860400000,89.58,90.07,89.44,89.71,72107.455
1773864000000,89.7,90.13,88.99,89.99,109988.962
1773867600000,89.99,90.62,89.94,90.47,62582.031
1773871200000,90.46,90.48,89.92,90.02,90116.209
1773874800000,90.02,90.16,89.69,90.08,48641.152
1773878400000,90.07,90.3,89.82,90.11,46120.613
1773882000000,90.11,90.38,89.92,90.19,48869.649
1773885600000,90.18,90.39,89.79,89.99,37552.218
1773889200000,89.99,91.41,89.92,90.74,139276.39
1773892800000,90.74,90.74,89.75,89.91,110340.258
1773896400000,89.91,90.11,89.66,89.76,59591.973
1773900000000,89.77,90.12,89.52,89.86,75452.788
1773903600000,89.87,90.05,88.63,89.42,202158.079
1773907200000,89.41,89.64,89.09,89.34,75679.599
1773910800000,89.35,90.39,89.17,90.2,143688.439
1773914400000,90.19,90.48,89.78,89.81,76729.913
1773918000000,89.81,90.03,89.47,89.62,52020.688
1773921600000,89.62,89.62,88.03,88.11,163403.702
1773925200000,88.11,88.74,87.55,88.52,300882.59
1773928800000,88.52,88.9,87.45,88.23,135406.721
1773932400000,88.23,88.76,87.15,87.63,169527.342
1773936000000,87.63,87.8,87.0,87.69,152916.464
1773939600000,87.68,88.35,87.07,88.14,125746.156
1773943200000,88.13,88.32,87.66,88.13,71688.212
1773946800000,88.13,89.26,88.12,88.72,171099.084
1773950400000,88.71,89.21,88.66,88.99,47285.133
1773954000000,88.98,89.32,88.88,89.11,50451.599
1773957600000,89.12,89.17,88.37,88.76,67142.826
1773961200000,88.77,89.19,88.59,88.89,86512.488
1773964800000,88.9,89.43,88.87,89.41,115517.781
1773968400000,89.41,89.8,89.33,89.47,86311.253
1773972000000,89.47,89.6,88.88,89.31,76719.431
1773975600000,89.31,89.71,89.24,89.57,46905.05
1773979200000,89.57,89.75,88.73,89.28,58282.758
1773982800000,89.28,89.55,88.87,89.36,85138.884
1773986400000,89.36,89.36,88.94,89.09,50121.692
1773990000000,89.1,89.5,88.5,89.37,87659.839
1773993600000,89.38,90.45,89.32,89.78,183448.656
1773997200000,89.78,89.78,88.65,88.97,195400.219
1774000800000,88.97,89.49,88.61,89.33,68618.617
1774004400000,89.33,89.6,88.88,89.15,80571.353
1774008000000,89.15,89.53,89.02,89.15,61257.87
1774011600000,89.15,89.64,88.61,88.82,139694.376
1774015200000,88.81,89.73,88.51,88.92,169226.971
1774018800000,88.92,89.32,88.61,88.94,169038.847
1774022400000,88.94,89.23,88.62,88.9,63508.936
1774026000000,88.91,89.04,88.13,88.89,87589.258
1774029600000,88.89,89.0,88.16,88.56,64131.638
1774033200000,88.56,89.06,88.22,88.99,42811.993
1774036800000,88.99,89.36,88.65,89.01,62913.671
1774040400000,89.01,90.04,88.92,89.6,95606.756
1774044000000,89.59,90.26,89.59,90.1,74316.501
1774047600000,90.09,90.13,89.72,89.84,36619.188
1774051200000,89.85,90.24,89.84,90.02,41496.784
1774054800000,90.01,90.34,89.73,89.87,37421.316
1774058400000,89.86,90.65,89.76,90.47,49011.324
1774062000000,90.47,90.6,90.33,90.45,33767.296
1774065600000,90.45,90.81,90.16,90.28,53147.882
1774069200000,90.29,90.52,89.96,89.97,38471.726
1774072800000,89.97,90.32,89.91,90.16,29966.894
1774076400000,90.17,90.4,89.93,90.12,122405.536
1774080000000,90.12,90.13,89.81,90.0,48027.382
1774083600000,89.99,90.4,89.97,90.19,52752.409
1774087200000,90.2,90.24,89.89,89.97,31107.833
1774090800000,89.97,90.02,89.82,89.94,21826.21
1774094400000,89.95,90.2,89.88,90.2,29812.595
1774098000000,90.19,90.29,89.98,90.04,36310.601
1774101600000,90.04,90.42,89.66,89.67,51739.307
1774105200000,89.68,89.94,89.39,89.82,57434.723
1774108800000,89.83,90.0,89.57,89.69,38519.26
1774112400000,89.69,89.71,89.41,89.56,37345.038
1774116000000,89.55,89.95,89.55,89.78,25053.877
1774119600000,89.77,89.91,89.7,89.79,13022.281
1774123200000,89.8,90.29,89.78,90.16,33931.329
1774126800000,90.16,90.22,89.92,90.01,30285.664
1774130400000,90.0,90.07,89.82,89.9,24057.518
1774134000000,89.9,89.9,87.14,87.56,304930.44
1774137600000,87.55,87.78,86.26,87.33,339154.713
1774141200000,87.32,87.72,86.96,87.45,96494.182
1774144800000,87.46,88.48,87.36,88.16,102700.819
1774148400000,88.15,89.17,87.77,88.68,158878.58
1774152000000,88.67,89.2,88.6,89.03,110061.941
1774155600000,89.02,89.02,88.44,88.48,52610.097
1774159200000,88.48,88.48,88.14,88.2,51616.173
1774162800000,88.2,88.33,87.67,87.7,56190.27
1774166400000,87.7,87.74,86.85,87.38,120066.892
1774170000000,87.37,87.66,87.19,87.32,57757.205
1774173600000,87.32,87.51,87.23,87.34,33476.888
1774177200000,87.34,87.51,86.84,86.85,92663.715
1774180800000,86.84,87.47,86.82,87.27,77026.59
1774184400000,87.27,87.74,87.01,87.33,55735.335
1774188000000,87.32,87.6,87.04,87.21,34427.89
1774191600000,87.2,87.59,87.17,87.57,38789.341
1774195200000,87.58,87.71,87.26,87.48,46686.867
1774198800000,87.48,87.56,87.2,87.26,35622.948
1774202400000,87.26,87.32,86.51,87.01,68498.263
1774206000000,87.01,87.02,86.57,86.86,46219.433
1774209600000,86.87,87.19,86.55,86.58,39894.334
1774213200000,86.58,86.64,85.14,85.99,227010.73
1774216800000,86.0,86.77,85.51,86.75,134319.981
1774220400000,86.75,87.02,86.01,86.2,62183.944
1774224000000,86.21,86.61,85.47,85.9,95776.646
1774227600000,85.9,86.61,85.74,86.09,73802.008
1774231200000,86.1,86.98,86.05,86.7,77009.926
1774234800000,86.71,87.22,86.38,86.4,72226.015
1774238400000,86.39,86.92,86.32,86.91,75312.646
1774242000000,86.9,87.33,86.85,87.19,150192.718
1774245600000,87.18,87.18,85.44,85.75,121269.028
1774249200000,85.75,86.23,85.11,85.99,148108.547
1774252800000,86.0,86.46,85.85,85.95,72114.435
1774256400000,85.96,86.02,85.19,85.76,64088.273
1774260000000,85.76,86.32,85.66,86.06,69860.499
1774263600000,86.06,91.93,86.05,88.78,1261151.171
1774267200000,88.78,90.5,88.33,90.23,243562.245
1774270800000,90.24,91.49,89.9,91.34,278888.197
1774274400000,91.34,91.73,91.04,91.51,255223.122
1774278000000,91.52,92.26,89.8,89.95,369568.413
1774281600000,89.96,90.47,89.4,90.35,228912.646
1774285200000,90.35,91.44,89.7,91.28,325650.2
1774288800000,91.28,91.8,90.93,91.62,149681.925
1774292400000,91.61,91.9,91.24,91.39,97938.154
1774296000000,91.38,92.02,91.24,91.79,94180.832
1774299600000,91.79,91.97,91.51,91.62,66820.345
1774303200000,91.62,91.9,91.17,91.52,109154.989
1774306800000,91.52,91.57,90.98,91.43,61213.408
1774310400000,91.44,91.68,90.6,91.0,102391.064
1774314000000,90.99,91.05,90.14,90.41,70453.471
1774317600000,90.41,90.76,90.12,90.16,73422.54
1774321200000,90.15,90.35,89.96,90.35,77268.912
1774324800000,90.34,90.82,90.14,90.34,48977.891
1774328400000,90.35,90.41,89.99,90.13,106395.582
1774332000000,90.13,90.53,90.06,90.47,71939.711
1774335600000,90.47,91.89,90.4,91.72,143786.298
1774339200000,91.71,91.95,91.26,91.58,125737.523
1774342800000,91.57,92.15,91.12,92.11,132029.602
1774346400000,92.12,92.22,91.74,91.86,99413.836
1774350000000,91.86,92.17,91.36,91.77,150059.549
1774353600000,91.78,91.86,91.36,91.59,77407.943
1774357200000,91.58,91.75,89.54,89.86,413859.265
1774360800000,89.86,90.23,88.7,89.57,353590.373
1774364400000,89.57,90.3,89.51,89.74,141150.91
1774368000000,89.74,89.98,89.09,89.28,100063.621
1774371600000,89.29,89.4,88.72,89.18,133600.759
1774375200000,89.18,89.69,88.89,88.9,107610.072
1774378800000,88.91,89.31,88.42,88.52,109765.428
1774382400000,88.53,90.24,88.51,90.04,175031.153
1774386000000,90.04,90.6,89.69,90.39,83945.162
1774389600000,90.39,90.77,90.07,90.32,74457.469
1774393200000,90.32,91.13,90.23,90.8,113684.392
1774396800000,90.8,91.62,90.71,91.32,101137.968
1774400400000,91.32,91.47,90.94,90.94,84865.272
1774404000000,90.95,91.5,90.82,91.13,68514.385
1774407600000,91.13,91.95,90.79,91.69,117772.064
1774411200000,91.69,92.11,91.59,92.05,76104.695
1774414800000,92.06,92.96,91.97,92.42,185267.194
1774418400000,92.42,92.93,92.27,92.39,183879.63
1774422000000,92.4,92.5,91.76,91.81,191315.001
1774425600000,91.82,92.74,91.82,92.36,200647.47
1774429200000,92.36,92.67,92.13,92.55,93647.34
1774432800000,92.54,92.7,92.39,92.65,68796.195
1774436400000,92.64,93.47,92.45,92.99,148705.129
1774440000000,92.99,93.43,92.34,93.04,110254.029
1774443600000,93.04,93.41,92.69,92.74,112467.542
1774447200000,92.74,92.91,91.92,91.95,196999.622
1774450800000,91.95,92.07,91.0,91.77,147975.747
1774454400000,91.77,92.73,91.59,92.21,124790.117
1774458000000,92.21,92.34,91.6,91.71,65953.776
1774461600000,91.71,92.19,91.46,91.69,61214.826
1774465200000,91.69,91.99,91.4,91.75,68043.82
1774468800000,91.76,91.78,91.1,91.48,82448.824
1774472400000,91.48,91.62,91.16,91.27,42763.554
1774476000000,91.27,91.96,91.03,91.75,91198.167
1774479600000,91.74,91.84,91.47,91.7,27772.431
1774483200000,91.7,91.98,91.49,91.7,51535.06
1774486800000,91.7,91.96,91.6,91.84,35941.924
1774490400000,91.83,91.85,90.67,90.96,92459.774
1774494000000,90.95,91.16,90.61,91.07,58450.865
1774497600000,91.07,91.08,90.68,90.82,48628.506
1774501200000,90.82,90.85,89.12,89.26,277728.842
1774504800000,89.25,89.31,88.81,89.05,329412.575
1774508400000,89.06,89.36,88.81,89.1,168076.562
1774512000000,89.1,89.11,88.65,88.88,138024.485
1774515600000,88.88,89.02,87.73,88.12,240968.725
1774519200000,88.12,88.34,87.79,87.94,121539.491
1774522800000,87.95,88.13,87.45,87.58,121574.105
1774526400000,87.58,87.81,87.41,87.56,112669.299
1774530000000,87.56,88.24,87.33,87.92,198994.361
1774533600000,87.93,88.19,87.17,87.54,118178.539
1774537200000,87.54,87.81,86.73,87.54,178122.496
1774540800000,87.53,87.73,87.14,87.2,84015.702
1774544400000,87.2,87.49,86.51,86.63,163673.469
1774548000000,86.62,86.82,85.73,86.06,196675.941
1774551600000,86.06,86.08,85.45,85.48,126627.532
1774555200000,85.48,87.12,85.45,86.34,343432.645
1774558800000,86.35,87.14,86.22,86.84,133063.293
1774562400000,86.83,86.89,86.22,86.81,84572.706
1774566000000,86.82,86.96,86.19,86.53,141825.839
1774569600000,86.52,86.8,86.19,86.55,84026.558
1774573200000,86.54,86.9,86.44,86.88,45844.148
1774576800000,86.89,87.04,86.53,86.7,50701.692
1774580400000,86.69,86.79,86.35,86.42,53449.298
1774584000000,86.42,86.44,85.74,86.17,81989.63
1774587600000,86.16,86.75,85.93,86.1,82267.303
1774591200000,86.1,86.39,85.89,86.07,115810.021
1774594800000,86.07,86.34,85.69,85.92,156251.618
1774598400000,85.92,86.14,84.38,85.12,332021.293
1774602000000,85.12,85.26,84.42,85.08,131235.962
1774605600000,85.08,85.15,82.66,83.02,335210.803
1774609200000,83.02,83.64,82.63,83.39,142067.094
1774612800000,83.39,83.44,83.06,83.1,133674.647
1774616400000,83.11,83.56,82.5,82.95,154175.508
1774620000000,82.94,83.36,82.6,83.18,161801.571
1774623600000,83.17,84.03,82.98,83.35,150423.916
1774627200000,83.36,83.38,82.66,83.03,118104.972
1774630800000,83.02,83.44,82.09,82.23,146042.935
1774634400000,82.24,82.5,81.86,82.39,93955.977
1774638000000,82.39,82.91,82.08,82.81,70084.519
1774641600000,82.81,82.98,82.38,82.77,65976.801
1774645200000,82.77,83.07,82.69,82.76,61047.984
1774648800000,82.75,82.84,82.54,82.73,32997.509
1774652400000,82.74,83.14,82.48,83.11,41400.311
1774656000000,83.11,83.11,82.72,82.86,57245.309
1774659600000,82.85,82.87,82.25,82.66,44813.065
1774663200000,82.66,82.91,82.38,82.56,40076.714
1774666800000,82.57,82.73,82.52,82.6,24901.154
1774670400000,82.6,82.79,82.4,82.58,50335.614
1774674000000,82.58,82.79,82.38,82.75,55267.935
1774677600000,82.75,83.27,82.66,83.18,70444.576
1774681200000,83.18,83.67,83.17,83.62,50900.791
1774684800000,83.62,83.73,83.38,83.4,84802.586
1774688400000,83.4,83.4,82.94,83.06,48143.767
1774692000000,83.05,83.33,82.69,83.01,102770.307
1774695600000,83.01,83.06,82.9,82.94,58113.804
1774699200000,82.94,83.2,82.6,82.68,81112.283
1774702800000,82.68,84.12,82.67,83.38,225595.857
1774706400000,83.37,83.55,83.0,83.24,118941.947
1774710000000,83.23,84.29,83.19,83.83,162336.37
1774713600000,83.84,83.95,83.49,83.57,69669.772
1774717200000,83.57,83.74,83.14,83.32,38740.195
1774720800000,83.32,83.54,83.3,83.39,20910.23
1774724400000,83.38,83.43,83.04,83.28,29415.302
1774728000000,83.28,83.52,83.28,83.42,33498.062
1774731600000,83.41,83.45,82.36,82.72,78766.36
1774735200000,82.71,82.91,82.47,82.8,44094.896
1774738800000,82.8,82.8,81.69,82.09,76113.203
1774742400000,82.09,82.28,81.87,82.21,51595.123
1774746000000,82.21,82.53,82.1,82.48,49552.709
1774749600000,82.48,82.84,82.42,82.78,35965.477
1774753200000,82.77,83.24,82.7,83.0,44557.145
1774756800000,83.01,83.04,82.73,82.79,34134.855
1774760400000,82.78,82.88,82.41,82.73,68245.478
1774764000000,82.72,82.84,82.3,82.5,79316.849
1774767600000,82.5,82.62,82.23,82.45,26674.436
1774771200000,82.45,82.61,82.34,82.47,29135.411
1774774800000,82.47,82.54,82.17,82.36,40111.786
1774778400000,82.35,82.35,81.98,82.12,79816.919
1774782000000,82.13,82.84,82.12,82.58,39523.09
1774785600000,82.59,82.65,82.23,82.44,22024.176
1774789200000,82.45,82.47,81.7,81.92,69929.335
1774792800000,81.92,82.44,81.72,81.93,75078.311
1774796400000,81.94,82.15,81.36,81.81,75435.12
1774800000000,81.82,82.12,81.63,81.71,37772.353
1774803600000,81.71,81.86,81.12,81.56,52785.709
1774807200000,81.56,81.92,81.4,81.81,43402.023
1774810800000,81.81,81.88,81.56,81.62,25961.521
1774814400000,81.62,82.23,81.6,81.94,35772.079
1774818000000,81.93,82.21,81.84,82.16,38375.802
1774821600000,82.15,82.15,78.96,80.94,410570.719
1774825200000,80.94,81.71,80.9,81.44,158937.049
1774828800000,81.45,83.02,81.15,81.89,201566.907
1774832400000,81.89,82.89,81.89,82.71,97142.913
1774836000000,82.72,83.94,82.46,83.35,190107.21
1774839600000,83.34,83.56,82.92,83.27,208885.27
1774843200000,83.27,83.86,83.26,83.77,113016.083
1774846800000,83.76,84.18,83.47,83.64,153389.765
1774850400000,83.63,83.87,83.41,83.47,92004.223
1774854000000,83.47,84.26,83.34,84.02,89788.412
1774857600000,84.01,84.88,84.0,84.52,186065.17
1774861200000,84.52,84.52,84.11,84.14,93614.904
1774864800000,84.14,84.21,83.55,83.92,111879.965
1774868400000,83.92,84.68,83.85,84.24,122130.83
1774872000000,84.25,84.61,84.12,84.49,77978.031
1774875600000,84.5,84.99,83.93,84.01,165967.554
1774879200000,84.01,84.64,83.65,84.39,171840.32
1774882800000,84.4,84.76,83.88,84.51,95252.597
1774886400000,84.5,84.55,83.93,84.22,75791.355
1774890000000,84.22,84.42,83.08,83.26,147393.075
1774893600000,83.25,83.43,82.45,82.69,95755.724
1774897200000,82.68,82.7,81.96,82.39,192899.919
1774900800000,82.38,82.9,82.36,82.79,70569.422
1774904400000,82.79,83.68,82.69,83.15,122870.066
1774908000000,83.16,83.5,82.65,82.81,68184.857
1774911600000,82.81,82.82,82.14,82.54,81760.115
1774915200000,82.55,82.96,82.15,82.72,126644.711
1774918800000,82.73,84.62,82.6,83.85,193362.99
1774922400000,83.85,84.07,83.59,83.83,62943.331
1774926000000,83.82,83.92,83.28,83.6,61472.044
1774929600000,83.6,83.91,83.28,83.34,71785.547
1774933200000,83.33,83.77,82.9,83.77,92075.74
1774936800000,83.76,83.83,83.05,83.41,154631.335
1774940400000,83.41,83.44,82.68,83.1,96262.538
1774944000000,83.1,83.35,82.24,82.25,111641.931
1774947600000,82.25,82.47,80.08,80.55,315942.656
1774951200000,80.55,80.94,80.33,80.47,308094.472
1774954800000,80.47,80.98,80.28,80.85,598514.137
1774958400000,80.85,81.09,80.4,80.78,160227.835
1774962000000,80.78,82.04,80.74,81.86,227823.557
1774965600000,81.85,82.59,80.4,80.63,316619.553
1774969200000,80.63,81.68,80.63,80.86,224959.964
1774972800000,80.87,82.9,80.87,82.39,230192.279
1774976400000,82.39,83.47,82.18,82.37,338534.6
1774980000000,82.38,83.09,82.38,82.9,96879.037
1774983600000,82.89,82.97,82.47,82.7,108873.806
1774987200000,82.7,83.4,82.61,83.16,108571.274
1774990800000,83.17,83.19,82.63,82.86,64304.631
1774994400000,82.86,82.91,82.33,82.76,103145.473
1774998000000,82.77,83.26,82.67,83.2,99063.985
1775001600000,83.19,83.58,82.85,83.4,116027.246
1775005200000,83.41,83.47,82.72,82.73,110495.773
1775008800000,82.74,82.91,82.48,82.65,88838.454
1775012400000,82.65,83.49,82.65,83.43,85944.144
1775016000000,83.44,83.86,83.26,83.74,88247.889
1775019600000,83.75,84.32,83.36,84.14,167165.592
1775023200000,84.14,84.74,84.02,84.45,177830.249
1775026800000,84.46,84.74,83.81,83.84,145404.671
1775030400000,83.84,84.06,83.43,83.62,146907.27
1775034000000,83.63,83.77,83.14,83.38,109881.683
1775037600000,83.38,83.5,83.07,83.38,81067.595
1775041200000,83.37,83.58,83.17,83.37,74746.573
1775044800000,83.37,83.73,82.8,83.03,199960.544
1775048400000,83.04,83.44,82.4,82.67,218718.109
1775052000000,82.66,83.56,82.51,83.39,129609.47
1775055600000,83.39,83.88,83.09,83.63,145917.338
1775059200000,83.62,85.33,83.08,85.26,390123.785
1775062800000,85.25,86.65,84.25,84.44,616272.702
1775066400000,84.43,84.49,83.55,83.66,216910.208
1775070000000,83.65,84.43,83.64,83.82,112939.113
1775073600000,83.83,83.88,82.3,82.57,316647.927
1775077200000,82.57,83.18,81.42,81.86,326505.001
1775080800000,81.85,81.94,80.77,81.17,463686.526
1775084400000,81.17,81.45,81.02,81.18,146888.258
1775088000000,81.19,81.77,80.92,81.63,198692.283
1775091600000,81.63,81.63,78.97,79.34,702613.936
1775095200000,79.34,79.34,78.3,78.87,302770.452
1775098800000,78.87,79.41,78.69,79.01,215221.874
1775102400000,79.01,79.19,78.75,78.82,167055.798
1775106000000,78.83,79.11,78.83,79.07,21513.816
